4/10/2025, 7:47:12 PM GMT+3 [Modules] Modules initializing
4/10/2025, 7:47:12 PM GMT+3 [Modules] Distribution: remote
4/10/2025, 7:47:12 PM GMT+3 [Modules] Host updates: enabled
4/10/2025, 7:47:12 PM GMT+3 [Modules] Module updates: enabled
4/10/2025, 7:47:12 PM GMT+3 [Modules] Module install path: /home/teotoivo/.config/discord/0.0.90/modules
4/10/2025, 7:47:12 PM GMT+3 [Modules] Module installed file path: /home/teotoivo/.config/discord/0.0.90/modules/installed.json
4/10/2025, 7:47:12 PM GMT+3 [Modules] Module download path: /home/teotoivo/.config/discord/0.0.90/modules/pending
4/10/2025, 7:47:12 PM GMT+3 [Modules] Bootstrapping...
4/10/2025, 7:47:12 PM GMT+3 [Modules] Installing discord_desktop_core@0 from /usr/share/discord/resources/bootstrap/discord_desktop_core.zip
4/10/2025, 7:47:12 PM GMT+3 [Modules] Failed installing discord_desktop_core@0: Error: ENOENT: no such file or directory, open '/usr/share/discord/resources/bootstrap/discord_desktop_core.zip'
4/10/2025, 7:47:12 PM GMT+3 [Modules] Installing discord_erlpack@0 from /usr/share/discord/resources/bootstrap/discord_erlpack.zip
4/10/2025, 7:47:12 PM GMT+3 [Modules] Failed installing discord_erlpack@0: Error: ENOENT: no such file or directory, open '/usr/share/discord/resources/bootstrap/discord_erlpack.zip'
4/10/2025, 7:47:12 PM GMT+3 [Modules] Installing discord_spellcheck@0 from /usr/share/discord/resources/bootstrap/discord_spellcheck.zip
4/10/2025, 7:47:12 PM GMT+3 [Modules] Failed installing discord_spellcheck@0: Error: ENOENT: no such file or directory, open '/usr/share/discord/resources/bootstrap/discord_spellcheck.zip'
4/10/2025, 7:47:12 PM GMT+3 [Modules] Installing discord_utils@0 from /usr/share/discord/resources/bootstrap/discord_utils.zip
4/10/2025, 7:47:12 PM GMT+3 [Modules] Failed installing discord_utils@0: Error: ENOENT: no such file or directory, open '/usr/share/discord/resources/bootstrap/discord_utils.zip'
4/10/2025, 7:47:12 PM GMT+3 [Modules] Installing discord_voice@0 from /usr/share/discord/resources/bootstrap/discord_voice.zip
4/10/2025, 7:47:12 PM GMT+3 [Modules] Failed installing discord_voice@0: Error: ENOENT: no such file or directory, open '/usr/share/discord/resources/bootstrap/discord_voice.zip'
4/10/2025, 7:47:12 PM GMT+3 [Modules] Installing discord_zstd@0 from /usr/share/discord/resources/bootstrap/discord_zstd.zip
4/10/2025, 7:47:12 PM GMT+3 [Modules] Failed installing discord_zstd@0: Error: ENOENT: no such file or directory, open '/usr/share/discord/resources/bootstrap/discord_zstd.zip'
4/10/2025, 7:47:12 PM GMT+3 [Modules] Finished module installations. [success: 0] [failure: 6]
4/10/2025, 7:47:12 PM GMT+3 [Modules] Checking for host updates.
4/10/2025, 7:47:12 PM GMT+3 [Modules] Host is up to date.
4/10/2025, 7:47:12 PM GMT+3 [Modules] Checking for module updates at https://discord.com/api/modules/stable/versions.json
4/10/2025, 7:47:12 PM GMT+3 [Modules] Module update available: discord_desktop_core@2 [installed: 0]
4/10/2025, 7:47:12 PM GMT+3 [Modules] Module update available: discord_erlpack@1 [installed: 0]
4/10/2025, 7:47:12 PM GMT+3 [Modules] Module update available: discord_spellcheck@1 [installed: 0]
4/10/2025, 7:47:12 PM GMT+3 [Modules] Module update available: discord_utils@2 [installed: 0]
4/10/2025, 7:47:12 PM GMT+3 [Modules] Module update available: discord_voice@2 [installed: 0]
4/10/2025, 7:47:12 PM GMT+3 [Modules] Module update available: discord_zstd@1 [installed: 0]
4/10/2025, 7:47:12 PM GMT+3 [Modules] Fetching discord_desktop_core@2 from https://discord.com/api/modules/stable/discord_desktop_core/2
4/10/2025, 7:47:12 PM GMT+3 [Modules] Streaming discord_desktop_core@2 to /home/teotoivo/.config/discord/0.0.90/modules/pending/discord_desktop_core-2.zip
4/10/2025, 7:47:13 PM GMT+3 [Modules] Streaming discord_desktop_core@2 to /home/teotoivo/.config/discord/0.0.90/modules/pending/discord_desktop_core-2.zip: 1%
4/10/2025, 7:47:13 PM GMT+3 [Modules] Streaming discord_desktop_core@2 to /home/teotoivo/.config/discord/0.0.90/modules/pending/discord_desktop_core-2.zip: 2%
4/10/2025, 7:47:13 PM GMT+3 [Modules] Streaming discord_desktop_core@2 to /home/teotoivo/.config/discord/0.0.90/modules/pending/discord_desktop_core-2.zip: 3%
4/10/2025, 7:47:13 PM GMT+3 [Modules] Streaming discord_desktop_core@2 to /home/teotoivo/.config/discord/0.0.90/modules/pending/discord_desktop_core-2.zip: 4%
4/10/2025, 7:47:13 PM GMT+3 [Modules] Streaming discord_desktop_core@2 to /home/teotoivo/.config/discord/0.0.90/modules/pending/discord_desktop_core-2.zip: 5%
4/10/2025, 7:47:13 PM GMT+3 [Modules] Streaming discord_desktop_core@2 to /home/teotoivo/.config/discord/0.0.90/modules/pending/discord_desktop_core-2.zip: 6%
4/10/2025, 7:47:13 PM GMT+3 [Modules] Streaming discord_desktop_core@2 to /home/teotoivo/.config/discord/0.0.90/modules/pending/discord_desktop_core-2.zip: 7%
4/10/2025, 7:47:13 PM GMT+3 [Modules] Streaming discord_desktop_core@2 to /home/teotoivo/.config/discord/0.0.90/modules/pending/discord_desktop_core-2.zip: 8%
4/10/2025, 7:47:13 PM GMT+3 [Modules] Streaming discord_desktop_core@2 to /home/teotoivo/.config/discord/0.0.90/modules/pending/discord_desktop_core-2.zip: 9%
4/10/2025, 7:47:13 PM GMT+3 [Modules] Streaming discord_desktop_core@2 to /home/teotoivo/.config/discord/0.0.90/modules/pending/discord_desktop_core-2.zip: 10%
4/10/2025, 7:47:13 PM GMT+3 [Modules] Streaming discord_desktop_core@2 to /home/teotoivo/.config/discord/0.0.90/modules/pending/discord_desktop_core-2.zip: 11%
4/10/2025, 7:47:13 PM GMT+3 [Modules] Streaming discord_desktop_core@2 to /home/teotoivo/.config/discord/0.0.90/modules/pending/discord_desktop_core-2.zip: 12%
4/10/2025, 7:47:13 PM GMT+3 [Modules] Streaming discord_desktop_core@2 to /home/teotoivo/.config/discord/0.0.90/modules/pending/discord_desktop_core-2.zip: 13%
4/10/2025, 7:47:13 PM GMT+3 [Modules] Streaming discord_desktop_core@2 to /home/teotoivo/.config/discord/0.0.90/modules/pending/discord_desktop_core-2.zip: 14%
4/10/2025, 7:47:13 PM GMT+3 [Modules] Streaming discord_desktop_core@2 to /home/teotoivo/.config/discord/0.0.90/modules/pending/discord_desktop_core-2.zip: 15%
4/10/2025, 7:47:13 PM GMT+3 [Modules] Streaming discord_desktop_core@2 to /home/teotoivo/.config/discord/0.0.90/modules/pending/discord_desktop_core-2.zip: 16%
4/10/2025, 7:47:13 PM GMT+3 [Modules] Streaming discord_desktop_core@2 to /home/teotoivo/.config/discord/0.0.90/modules/pending/discord_desktop_core-2.zip: 17%
4/10/2025, 7:47:13 PM GMT+3 [Modules] Streaming discord_desktop_core@2 to /home/teotoivo/.config/discord/0.0.90/modules/pending/discord_desktop_core-2.zip: 18%
4/10/2025, 7:47:13 PM GMT+3 [Modules] Streaming discord_desktop_core@2 to /home/teotoivo/.config/discord/0.0.90/modules/pending/discord_desktop_core-2.zip: 19%
4/10/2025, 7:47:13 PM GMT+3 [Modules] Streaming discord_desktop_core@2 to /home/teotoivo/.config/discord/0.0.90/modules/pending/discord_desktop_core-2.zip: 20%
4/10/2025, 7:47:13 PM GMT+3 [Modules] Streaming discord_desktop_core@2 to /home/teotoivo/.config/discord/0.0.90/modules/pending/discord_desktop_core-2.zip: 21%
4/10/2025, 7:47:13 PM GMT+3 [Modules] Streaming discord_desktop_core@2 to /home/teotoivo/.config/discord/0.0.90/modules/pending/discord_desktop_core-2.zip: 22%
4/10/2025, 7:47:13 PM GMT+3 [Modules] Streaming discord_desktop_core@2 to /home/teotoivo/.config/discord/0.0.90/modules/pending/discord_desktop_core-2.zip: 23%
4/10/2025, 7:47:13 PM GMT+3 [Modules] Streaming discord_desktop_core@2 to /home/teotoivo/.config/discord/0.0.90/modules/pending/discord_desktop_core-2.zip: 24%
4/10/2025, 7:47:13 PM GMT+3 [Modules] Streaming discord_desktop_core@2 to /home/teotoivo/.config/discord/0.0.90/modules/pending/discord_desktop_core-2.zip: 25%
4/10/2025, 7:47:13 PM GMT+3 [Modules] Streaming discord_desktop_core@2 to /home/teotoivo/.config/discord/0.0.90/modules/pending/discord_desktop_core-2.zip: 26%
4/10/2025, 7:47:13 PM GMT+3 [Modules] Streaming discord_desktop_core@2 to /home/teotoivo/.config/discord/0.0.90/modules/pending/discord_desktop_core-2.zip: 27%
4/10/2025, 7:47:13 PM GMT+3 [Modules] Streaming discord_desktop_core@2 to /home/teotoivo/.config/discord/0.0.90/modules/pending/discord_desktop_core-2.zip: 29%
4/10/2025, 7:47:13 PM GMT+3 [Modules] Streaming discord_desktop_core@2 to /home/teotoivo/.config/discord/0.0.90/modules/pending/discord_desktop_core-2.zip: 30%
4/10/2025, 7:47:13 PM GMT+3 [Modules] Streaming discord_desktop_core@2 to /home/teotoivo/.config/discord/0.0.90/modules/pending/discord_desktop_core-2.zip: 31%
4/10/2025, 7:47:13 PM GMT+3 [Modules] Streaming discord_desktop_core@2 to /home/teotoivo/.config/discord/0.0.90/modules/pending/discord_desktop_core-2.zip: 32%
4/10/2025, 7:47:13 PM GMT+3 [Modules] Streaming discord_desktop_core@2 to /home/teotoivo/.config/discord/0.0.90/modules/pending/discord_desktop_core-2.zip: 33%
4/10/2025, 7:47:13 PM GMT+3 [Modules] Streaming discord_desktop_core@2 to /home/teotoivo/.config/discord/0.0.90/modules/pending/discord_desktop_core-2.zip: 34%
4/10/2025, 7:47:13 PM GMT+3 [Modules] Streaming discord_desktop_core@2 to /home/teotoivo/.config/discord/0.0.90/modules/pending/discord_desktop_core-2.zip: 35%
4/10/2025, 7:47:13 PM GMT+3 [Modules] Streaming discord_desktop_core@2 to /home/teotoivo/.config/discord/0.0.90/modules/pending/discord_desktop_core-2.zip: 36%
4/10/2025, 7:47:13 PM GMT+3 [Modules] Streaming discord_desktop_core@2 to /home/teotoivo/.config/discord/0.0.90/modules/pending/discord_desktop_core-2.zip: 37%
4/10/2025, 7:47:13 PM GMT+3 [Modules] Streaming discord_desktop_core@2 to /home/teotoivo/.config/discord/0.0.90/modules/pending/discord_desktop_core-2.zip: 38%
4/10/2025, 7:47:13 PM GMT+3 [Modules] Streaming discord_desktop_core@2 to /home/teotoivo/.config/discord/0.0.90/modules/pending/discord_desktop_core-2.zip: 39%
4/10/2025, 7:47:13 PM GMT+3 [Modules] Streaming discord_desktop_core@2 to /home/teotoivo/.config/discord/0.0.90/modules/pending/discord_desktop_core-2.zip: 40%
4/10/2025, 7:47:13 PM GMT+3 [Modules] Streaming discord_desktop_core@2 to /home/teotoivo/.config/discord/0.0.90/modules/pending/discord_desktop_core-2.zip: 41%
4/10/2025, 7:47:13 PM GMT+3 [Modules] Streaming discord_desktop_core@2 to /home/teotoivo/.config/discord/0.0.90/modules/pending/discord_desktop_core-2.zip: 42%
4/10/2025, 7:47:13 PM GMT+3 [Modules] Streaming discord_desktop_core@2 to /home/teotoivo/.config/discord/0.0.90/modules/pending/discord_desktop_core-2.zip: 43%
4/10/2025, 7:47:13 PM GMT+3 [Modules] Streaming discord_desktop_core@2 to /home/teotoivo/.config/discord/0.0.90/modules/pending/discord_desktop_core-2.zip: 44%
4/10/2025, 7:47:13 PM GMT+3 [Modules] Streaming discord_desktop_core@2 to /home/teotoivo/.config/discord/0.0.90/modules/pending/discord_desktop_core-2.zip: 45%
4/10/2025, 7:47:13 PM GMT+3 [Modules] Streaming discord_desktop_core@2 to /home/teotoivo/.config/discord/0.0.90/modules/pending/discord_desktop_core-2.zip: 46%
4/10/2025, 7:47:13 PM GMT+3 [Modules] Streaming discord_desktop_core@2 to /home/teotoivo/.config/discord/0.0.90/modules/pending/discord_desktop_core-2.zip: 47%
4/10/2025, 7:47:13 PM GMT+3 [Modules] Streaming discord_desktop_core@2 to /home/teotoivo/.config/discord/0.0.90/modules/pending/discord_desktop_core-2.zip: 48%
4/10/2025, 7:47:13 PM GMT+3 [Modules] Streaming discord_desktop_core@2 to /home/teotoivo/.config/discord/0.0.90/modules/pending/discord_desktop_core-2.zip: 49%
4/10/2025, 7:47:13 PM GMT+3 [Modules] Streaming discord_desktop_core@2 to /home/teotoivo/.config/discord/0.0.90/modules/pending/discord_desktop_core-2.zip: 50%
4/10/2025, 7:47:13 PM GMT+3 [Modules] Streaming discord_desktop_core@2 to /home/teotoivo/.config/discord/0.0.90/modules/pending/discord_desktop_core-2.zip: 51%
4/10/2025, 7:47:13 PM GMT+3 [Modules] Streaming discord_desktop_core@2 to /home/teotoivo/.config/discord/0.0.90/modules/pending/discord_desktop_core-2.zip: 52%
4/10/2025, 7:47:13 PM GMT+3 [Modules] Streaming discord_desktop_core@2 to /home/teotoivo/.config/discord/0.0.90/modules/pending/discord_desktop_core-2.zip: 53%
4/10/2025, 7:47:13 PM GMT+3 [Modules] Streaming discord_desktop_core@2 to /home/teotoivo/.config/discord/0.0.90/modules/pending/discord_desktop_core-2.zip: 54%
4/10/2025, 7:47:13 PM GMT+3 [Modules] Streaming discord_desktop_core@2 to /home/teotoivo/.config/discord/0.0.90/modules/pending/discord_desktop_core-2.zip: 55%
4/10/2025, 7:47:13 PM GMT+3 [Modules] Streaming discord_desktop_core@2 to /home/teotoivo/.config/discord/0.0.90/modules/pending/discord_desktop_core-2.zip: 56%
4/10/2025, 7:47:13 PM GMT+3 [Modules] Streaming discord_desktop_core@2 to /home/teotoivo/.config/discord/0.0.90/modules/pending/discord_desktop_core-2.zip: 57%
4/10/2025, 7:47:13 PM GMT+3 [Modules] Streaming discord_desktop_core@2 to /home/teotoivo/.config/discord/0.0.90/modules/pending/discord_desktop_core-2.zip: 58%
4/10/2025, 7:47:13 PM GMT+3 [Modules] Streaming discord_desktop_core@2 to /home/teotoivo/.config/discord/0.0.90/modules/pending/discord_desktop_core-2.zip: 59%
4/10/2025, 7:47:13 PM GMT+3 [Modules] Streaming discord_desktop_core@2 to /home/teotoivo/.config/discord/0.0.90/modules/pending/discord_desktop_core-2.zip: 60%
4/10/2025, 7:47:13 PM GMT+3 [Modules] Streaming discord_desktop_core@2 to /home/teotoivo/.config/discord/0.0.90/modules/pending/discord_desktop_core-2.zip: 62%
4/10/2025, 7:47:13 PM GMT+3 [Modules] Streaming discord_desktop_core@2 to /home/teotoivo/.config/discord/0.0.90/modules/pending/discord_desktop_core-2.zip: 63%
4/10/2025, 7:47:13 PM GMT+3 [Modules] Streaming discord_desktop_core@2 to /home/teotoivo/.config/discord/0.0.90/modules/pending/discord_desktop_core-2.zip: 64%
4/10/2025, 7:47:13 PM GMT+3 [Modules] Streaming discord_desktop_core@2 to /home/teotoivo/.config/discord/0.0.90/modules/pending/discord_desktop_core-2.zip: 65%
4/10/2025, 7:47:13 PM GMT+3 [Modules] Streaming discord_desktop_core@2 to /home/teotoivo/.config/discord/0.0.90/modules/pending/discord_desktop_core-2.zip: 66%
4/10/2025, 7:47:14 PM GMT+3 [Modules] Streaming discord_desktop_core@2 to /home/teotoivo/.config/discord/0.0.90/modules/pending/discord_desktop_core-2.zip: 67%
4/10/2025, 7:47:14 PM GMT+3 [Modules] Streaming discord_desktop_core@2 to /home/teotoivo/.config/discord/0.0.90/modules/pending/discord_desktop_core-2.zip: 68%
4/10/2025, 7:47:14 PM GMT+3 [Modules] Streaming discord_desktop_core@2 to /home/teotoivo/.config/discord/0.0.90/modules/pending/discord_desktop_core-2.zip: 69%
4/10/2025, 7:47:14 PM GMT+3 [Modules] Streaming discord_desktop_core@2 to /home/teotoivo/.config/discord/0.0.90/modules/pending/discord_desktop_core-2.zip: 70%
4/10/2025, 7:47:14 PM GMT+3 [Modules] Streaming discord_desktop_core@2 to /home/teotoivo/.config/discord/0.0.90/modules/pending/discord_desktop_core-2.zip: 71%
4/10/2025, 7:47:14 PM GMT+3 [Modules] Streaming discord_desktop_core@2 to /home/teotoivo/.config/discord/0.0.90/modules/pending/discord_desktop_core-2.zip: 72%
4/10/2025, 7:47:14 PM GMT+3 [Modules] Streaming discord_desktop_core@2 to /home/teotoivo/.config/discord/0.0.90/modules/pending/discord_desktop_core-2.zip: 73%
4/10/2025, 7:47:14 PM GMT+3 [Modules] Streaming discord_desktop_core@2 to /home/teotoivo/.config/discord/0.0.90/modules/pending/discord_desktop_core-2.zip: 74%
4/10/2025, 7:47:14 PM GMT+3 [Modules] Streaming discord_desktop_core@2 to /home/teotoivo/.config/discord/0.0.90/modules/pending/discord_desktop_core-2.zip: 75%
4/10/2025, 7:47:14 PM GMT+3 [Modules] Streaming discord_desktop_core@2 to /home/teotoivo/.config/discord/0.0.90/modules/pending/discord_desktop_core-2.zip: 76%
4/10/2025, 7:47:14 PM GMT+3 [Modules] Streaming discord_desktop_core@2 to /home/teotoivo/.config/discord/0.0.90/modules/pending/discord_desktop_core-2.zip: 77%
4/10/2025, 7:47:14 PM GMT+3 [Modules] Streaming discord_desktop_core@2 to /home/teotoivo/.config/discord/0.0.90/modules/pending/discord_desktop_core-2.zip: 78%
4/10/2025, 7:47:14 PM GMT+3 [Modules] Streaming discord_desktop_core@2 to /home/teotoivo/.config/discord/0.0.90/modules/pending/discord_desktop_core-2.zip: 79%
4/10/2025, 7:47:14 PM GMT+3 [Modules] Streaming discord_desktop_core@2 to /home/teotoivo/.config/discord/0.0.90/modules/pending/discord_desktop_core-2.zip: 80%
4/10/2025, 7:47:14 PM GMT+3 [Modules] Streaming discord_desktop_core@2 to /home/teotoivo/.config/discord/0.0.90/modules/pending/discord_desktop_core-2.zip: 81%
4/10/2025, 7:47:14 PM GMT+3 [Modules] Streaming discord_desktop_core@2 to /home/teotoivo/.config/discord/0.0.90/modules/pending/discord_desktop_core-2.zip: 82%
4/10/2025, 7:47:14 PM GMT+3 [Modules] Streaming discord_desktop_core@2 to /home/teotoivo/.config/discord/0.0.90/modules/pending/discord_desktop_core-2.zip: 83%
4/10/2025, 7:47:14 PM GMT+3 [Modules] Streaming discord_desktop_core@2 to /home/teotoivo/.config/discord/0.0.90/modules/pending/discord_desktop_core-2.zip: 84%
4/10/2025, 7:47:14 PM GMT+3 [Modules] Streaming discord_desktop_core@2 to /home/teotoivo/.config/discord/0.0.90/modules/pending/discord_desktop_core-2.zip: 85%
4/10/2025, 7:47:14 PM GMT+3 [Modules] Streaming discord_desktop_core@2 to /home/teotoivo/.config/discord/0.0.90/modules/pending/discord_desktop_core-2.zip: 86%
4/10/2025, 7:47:14 PM GMT+3 [Modules] Streaming discord_desktop_core@2 to /home/teotoivo/.config/discord/0.0.90/modules/pending/discord_desktop_core-2.zip: 87%
4/10/2025, 7:47:14 PM GMT+3 [Modules] Streaming discord_desktop_core@2 to /home/teotoivo/.config/discord/0.0.90/modules/pending/discord_desktop_core-2.zip: 88%
4/10/2025, 7:47:14 PM GMT+3 [Modules] Streaming discord_desktop_core@2 to /home/teotoivo/.config/discord/0.0.90/modules/pending/discord_desktop_core-2.zip: 89%
4/10/2025, 7:47:14 PM GMT+3 [Modules] Streaming discord_desktop_core@2 to /home/teotoivo/.config/discord/0.0.90/modules/pending/discord_desktop_core-2.zip: 91%
4/10/2025, 7:47:14 PM GMT+3 [Modules] Streaming discord_desktop_core@2 to /home/teotoivo/.config/discord/0.0.90/modules/pending/discord_desktop_core-2.zip: 92%
4/10/2025, 7:47:14 PM GMT+3 [Modules] Streaming discord_desktop_core@2 to /home/teotoivo/.config/discord/0.0.90/modules/pending/discord_desktop_core-2.zip: 93%
4/10/2025, 7:47:14 PM GMT+3 [Modules] Streaming discord_desktop_core@2 to /home/teotoivo/.config/discord/0.0.90/modules/pending/discord_desktop_core-2.zip: 95%
4/10/2025, 7:47:14 PM GMT+3 [Modules] Streaming discord_desktop_core@2 to /home/teotoivo/.config/discord/0.0.90/modules/pending/discord_desktop_core-2.zip: 97%
4/10/2025, 7:47:14 PM GMT+3 [Modules] Streaming discord_desktop_core@2 to /home/teotoivo/.config/discord/0.0.90/modules/pending/discord_desktop_core-2.zip: 98%
4/10/2025, 7:47:14 PM GMT+3 [Modules] Streaming discord_desktop_core@2 to /home/teotoivo/.config/discord/0.0.90/modules/pending/discord_desktop_core-2.zip: 100%
4/10/2025, 7:47:14 PM GMT+3 [Modules] Fetching discord_erlpack@1 from https://discord.com/api/modules/stable/discord_erlpack/1
4/10/2025, 7:47:14 PM GMT+3 [Modules] Streaming discord_erlpack@1 to /home/teotoivo/.config/discord/0.0.90/modules/pending/discord_erlpack-1.zip
4/10/2025, 7:47:14 PM GMT+3 [Modules] Streaming discord_erlpack@1 to /home/teotoivo/.config/discord/0.0.90/modules/pending/discord_erlpack-1.zip: 1%
4/10/2025, 7:47:14 PM GMT+3 [Modules] Streaming discord_erlpack@1 to /home/teotoivo/.config/discord/0.0.90/modules/pending/discord_erlpack-1.zip: 2%
4/10/2025, 7:47:14 PM GMT+3 [Modules] Streaming discord_erlpack@1 to /home/teotoivo/.config/discord/0.0.90/modules/pending/discord_erlpack-1.zip: 3%
4/10/2025, 7:47:14 PM GMT+3 [Modules] Streaming discord_erlpack@1 to /home/teotoivo/.config/discord/0.0.90/modules/pending/discord_erlpack-1.zip: 5%
4/10/2025, 7:47:14 PM GMT+3 [Modules] Streaming discord_erlpack@1 to /home/teotoivo/.config/discord/0.0.90/modules/pending/discord_erlpack-1.zip: 6%
4/10/2025, 7:47:14 PM GMT+3 [Modules] Streaming discord_erlpack@1 to /home/teotoivo/.config/discord/0.0.90/modules/pending/discord_erlpack-1.zip: 7%
4/10/2025, 7:47:14 PM GMT+3 [Modules] Streaming discord_erlpack@1 to /home/teotoivo/.config/discord/0.0.90/modules/pending/discord_erlpack-1.zip: 8%
4/10/2025, 7:47:14 PM GMT+3 [Modules] Streaming discord_erlpack@1 to /home/teotoivo/.config/discord/0.0.90/modules/pending/discord_erlpack-1.zip: 9%
4/10/2025, 7:47:14 PM GMT+3 [Modules] Streaming discord_erlpack@1 to /home/teotoivo/.config/discord/0.0.90/modules/pending/discord_erlpack-1.zip: 10%
4/10/2025, 7:47:14 PM GMT+3 [Modules] Streaming discord_erlpack@1 to /home/teotoivo/.config/discord/0.0.90/modules/pending/discord_erlpack-1.zip: 11%
4/10/2025, 7:47:14 PM GMT+3 [Modules] Streaming discord_erlpack@1 to /home/teotoivo/.config/discord/0.0.90/modules/pending/discord_erlpack-1.zip: 12%
4/10/2025, 7:47:14 PM GMT+3 [Modules] Streaming discord_erlpack@1 to /home/teotoivo/.config/discord/0.0.90/modules/pending/discord_erlpack-1.zip: 13%
4/10/2025, 7:47:14 PM GMT+3 [Modules] Streaming discord_erlpack@1 to /home/teotoivo/.config/discord/0.0.90/modules/pending/discord_erlpack-1.zip: 15%
4/10/2025, 7:47:14 PM GMT+3 [Modules] Streaming discord_erlpack@1 to /home/teotoivo/.config/discord/0.0.90/modules/pending/discord_erlpack-1.zip: 17%
4/10/2025, 7:47:14 PM GMT+3 [Modules] Streaming discord_erlpack@1 to /home/teotoivo/.config/discord/0.0.90/modules/pending/discord_erlpack-1.zip: 18%
4/10/2025, 7:47:14 PM GMT+3 [Modules] Streaming discord_erlpack@1 to /home/teotoivo/.config/discord/0.0.90/modules/pending/discord_erlpack-1.zip: 19%
4/10/2025, 7:47:14 PM GMT+3 [Modules] Streaming discord_erlpack@1 to /home/teotoivo/.config/discord/0.0.90/modules/pending/discord_erlpack-1.zip: 20%
4/10/2025, 7:47:14 PM GMT+3 [Modules] Streaming discord_erlpack@1 to /home/teotoivo/.config/discord/0.0.90/modules/pending/discord_erlpack-1.zip: 21%
4/10/2025, 7:47:14 PM GMT+3 [Modules] Streaming discord_erlpack@1 to /home/teotoivo/.config/discord/0.0.90/modules/pending/discord_erlpack-1.zip: 22%
4/10/2025, 7:47:14 PM GMT+3 [Modules] Streaming discord_erlpack@1 to /home/teotoivo/.config/discord/0.0.90/modules/pending/discord_erlpack-1.zip: 23%
4/10/2025, 7:47:14 PM GMT+3 [Modules] Streaming discord_erlpack@1 to /home/teotoivo/.config/discord/0.0.90/modules/pending/discord_erlpack-1.zip: 24%
4/10/2025, 7:47:14 PM GMT+3 [Modules] Streaming discord_erlpack@1 to /home/teotoivo/.config/discord/0.0.90/modules/pending/discord_erlpack-1.zip: 27%
4/10/2025, 7:47:14 PM GMT+3 [Modules] Streaming discord_erlpack@1 to /home/teotoivo/.config/discord/0.0.90/modules/pending/discord_erlpack-1.zip: 28%
4/10/2025, 7:47:14 PM GMT+3 [Modules] Streaming discord_erlpack@1 to /home/teotoivo/.config/discord/0.0.90/modules/pending/discord_erlpack-1.zip: 29%
4/10/2025, 7:47:14 PM GMT+3 [Modules] Streaming discord_erlpack@1 to /home/teotoivo/.config/discord/0.0.90/modules/pending/discord_erlpack-1.zip: 30%
4/10/2025, 7:47:14 PM GMT+3 [Modules] Streaming discord_erlpack@1 to /home/teotoivo/.config/discord/0.0.90/modules/pending/discord_erlpack-1.zip: 31%
4/10/2025, 7:47:14 PM GMT+3 [Modules] Streaming discord_erlpack@1 to /home/teotoivo/.config/discord/0.0.90/modules/pending/discord_erlpack-1.zip: 32%
4/10/2025, 7:47:14 PM GMT+3 [Modules] Streaming discord_erlpack@1 to /home/teotoivo/.config/discord/0.0.90/modules/pending/discord_erlpack-1.zip: 33%
4/10/2025, 7:47:14 PM GMT+3 [Modules] Streaming discord_erlpack@1 to /home/teotoivo/.config/discord/0.0.90/modules/pending/discord_erlpack-1.zip: 34%
4/10/2025, 7:47:14 PM GMT+3 [Modules] Streaming discord_erlpack@1 to /home/teotoivo/.config/discord/0.0.90/modules/pending/discord_erlpack-1.zip: 36%
4/10/2025, 7:47:14 PM GMT+3 [Modules] Streaming discord_erlpack@1 to /home/teotoivo/.config/discord/0.0.90/modules/pending/discord_erlpack-1.zip: 37%
4/10/2025, 7:47:14 PM GMT+3 [Modules] Streaming discord_erlpack@1 to /home/teotoivo/.config/discord/0.0.90/modules/pending/discord_erlpack-1.zip: 39%
4/10/2025, 7:47:14 PM GMT+3 [Modules] Streaming discord_erlpack@1 to /home/teotoivo/.config/discord/0.0.90/modules/pending/discord_erlpack-1.zip: 40%
4/10/2025, 7:47:14 PM GMT+3 [Modules] Streaming discord_erlpack@1 to /home/teotoivo/.config/discord/0.0.90/modules/pending/discord_erlpack-1.zip: 41%
4/10/2025, 7:47:14 PM GMT+3 [Modules] Streaming discord_erlpack@1 to /home/teotoivo/.config/discord/0.0.90/modules/pending/discord_erlpack-1.zip: 42%
4/10/2025, 7:47:14 PM GMT+3 [Modules] Streaming discord_erlpack@1 to /home/teotoivo/.config/discord/0.0.90/modules/pending/discord_erlpack-1.zip: 43%
4/10/2025, 7:47:14 PM GMT+3 [Modules] Streaming discord_erlpack@1 to /home/teotoivo/.config/discord/0.0.90/modules/pending/discord_erlpack-1.zip: 44%
4/10/2025, 7:47:14 PM GMT+3 [Modules] Streaming discord_erlpack@1 to /home/teotoivo/.config/discord/0.0.90/modules/pending/discord_erlpack-1.zip: 45%
4/10/2025, 7:47:14 PM GMT+3 [Modules] Streaming discord_erlpack@1 to /home/teotoivo/.config/discord/0.0.90/modules/pending/discord_erlpack-1.zip: 46%
4/10/2025, 7:47:14 PM GMT+3 [Modules] Streaming discord_erlpack@1 to /home/teotoivo/.config/discord/0.0.90/modules/pending/discord_erlpack-1.zip: 47%
4/10/2025, 7:47:14 PM GMT+3 [Modules] Streaming discord_erlpack@1 to /home/teotoivo/.config/discord/0.0.90/modules/pending/discord_erlpack-1.zip: 48%
4/10/2025, 7:47:14 PM GMT+3 [Modules] Streaming discord_erlpack@1 to /home/teotoivo/.config/discord/0.0.90/modules/pending/discord_erlpack-1.zip: 49%
4/10/2025, 7:47:14 PM GMT+3 [Modules] Streaming discord_erlpack@1 to /home/teotoivo/.config/discord/0.0.90/modules/pending/discord_erlpack-1.zip: 50%
4/10/2025, 7:47:14 PM GMT+3 [Modules] Streaming discord_erlpack@1 to /home/teotoivo/.config/discord/0.0.90/modules/pending/discord_erlpack-1.zip: 51%
4/10/2025, 7:47:14 PM GMT+3 [Modules] Streaming discord_erlpack@1 to /home/teotoivo/.config/discord/0.0.90/modules/pending/discord_erlpack-1.zip: 52%
4/10/2025, 7:47:14 PM GMT+3 [Modules] Streaming discord_erlpack@1 to /home/teotoivo/.config/discord/0.0.90/modules/pending/discord_erlpack-1.zip: 54%
4/10/2025, 7:47:14 PM GMT+3 [Modules] Streaming discord_erlpack@1 to /home/teotoivo/.config/discord/0.0.90/modules/pending/discord_erlpack-1.zip: 55%
4/10/2025, 7:47:14 PM GMT+3 [Modules] Streaming discord_erlpack@1 to /home/teotoivo/.config/discord/0.0.90/modules/pending/discord_erlpack-1.zip: 56%
4/10/2025, 7:47:14 PM GMT+3 [Modules] Streaming discord_erlpack@1 to /home/teotoivo/.config/discord/0.0.90/modules/pending/discord_erlpack-1.zip: 57%
4/10/2025, 7:47:14 PM GMT+3 [Modules] Streaming discord_erlpack@1 to /home/teotoivo/.config/discord/0.0.90/modules/pending/discord_erlpack-1.zip: 58%
4/10/2025, 7:47:14 PM GMT+3 [Modules] Streaming discord_erlpack@1 to /home/teotoivo/.config/discord/0.0.90/modules/pending/discord_erlpack-1.zip: 59%
4/10/2025, 7:47:14 PM GMT+3 [Modules] Streaming discord_erlpack@1 to /home/teotoivo/.config/discord/0.0.90/modules/pending/discord_erlpack-1.zip: 60%
4/10/2025, 7:47:14 PM GMT+3 [Modules] Streaming discord_erlpack@1 to /home/teotoivo/.config/discord/0.0.90/modules/pending/discord_erlpack-1.zip: 61%
4/10/2025, 7:47:14 PM GMT+3 [Modules] Streaming discord_erlpack@1 to /home/teotoivo/.config/discord/0.0.90/modules/pending/discord_erlpack-1.zip: 62%
4/10/2025, 7:47:14 PM GMT+3 [Modules] Streaming discord_erlpack@1 to /home/teotoivo/.config/discord/0.0.90/modules/pending/discord_erlpack-1.zip: 63%
4/10/2025, 7:47:14 PM GMT+3 [Modules] Streaming discord_erlpack@1 to /home/teotoivo/.config/discord/0.0.90/modules/pending/discord_erlpack-1.zip: 66%
4/10/2025, 7:47:14 PM GMT+3 [Modules] Streaming discord_erlpack@1 to /home/teotoivo/.config/discord/0.0.90/modules/pending/discord_erlpack-1.zip: 67%
4/10/2025, 7:47:15 PM GMT+3 [Modules] Streaming discord_erlpack@1 to /home/teotoivo/.config/discord/0.0.90/modules/pending/discord_erlpack-1.zip: 69%
4/10/2025, 7:47:15 PM GMT+3 [Modules] Streaming discord_erlpack@1 to /home/teotoivo/.config/discord/0.0.90/modules/pending/discord_erlpack-1.zip: 70%
4/10/2025, 7:47:15 PM GMT+3 [Modules] Streaming discord_erlpack@1 to /home/teotoivo/.config/discord/0.0.90/modules/pending/discord_erlpack-1.zip: 71%
4/10/2025, 7:47:15 PM GMT+3 [Modules] Streaming discord_erlpack@1 to /home/teotoivo/.config/discord/0.0.90/modules/pending/discord_erlpack-1.zip: 72%
4/10/2025, 7:47:15 PM GMT+3 [Modules] Streaming discord_erlpack@1 to /home/teotoivo/.config/discord/0.0.90/modules/pending/discord_erlpack-1.zip: 73%
4/10/2025, 7:47:15 PM GMT+3 [Modules] Streaming discord_erlpack@1 to /home/teotoivo/.config/discord/0.0.90/modules/pending/discord_erlpack-1.zip: 75%
4/10/2025, 7:47:15 PM GMT+3 [Modules] Streaming discord_erlpack@1 to /home/teotoivo/.config/discord/0.0.90/modules/pending/discord_erlpack-1.zip: 77%
4/10/2025, 7:47:15 PM GMT+3 [Modules] Streaming discord_erlpack@1 to /home/teotoivo/.config/discord/0.0.90/modules/pending/discord_erlpack-1.zip: 78%
4/10/2025, 7:47:15 PM GMT+3 [Modules] Streaming discord_erlpack@1 to /home/teotoivo/.config/discord/0.0.90/modules/pending/discord_erlpack-1.zip: 79%
4/10/2025, 7:47:15 PM GMT+3 [Modules] Streaming discord_erlpack@1 to /home/teotoivo/.config/discord/0.0.90/modules/pending/discord_erlpack-1.zip: 81%
4/10/2025, 7:47:15 PM GMT+3 [Modules] Streaming discord_erlpack@1 to /home/teotoivo/.config/discord/0.0.90/modules/pending/discord_erlpack-1.zip: 82%
4/10/2025, 7:47:15 PM GMT+3 [Modules] Streaming discord_erlpack@1 to /home/teotoivo/.config/discord/0.0.90/modules/pending/discord_erlpack-1.zip: 83%
4/10/2025, 7:47:15 PM GMT+3 [Modules] Streaming discord_erlpack@1 to /home/teotoivo/.config/discord/0.0.90/modules/pending/discord_erlpack-1.zip: 84%
4/10/2025, 7:47:15 PM GMT+3 [Modules] Streaming discord_erlpack@1 to /home/teotoivo/.config/discord/0.0.90/modules/pending/discord_erlpack-1.zip: 85%
4/10/2025, 7:47:15 PM GMT+3 [Modules] Streaming discord_erlpack@1 to /home/teotoivo/.config/discord/0.0.90/modules/pending/discord_erlpack-1.zip: 86%
4/10/2025, 7:47:15 PM GMT+3 [Modules] Streaming discord_erlpack@1 to /home/teotoivo/.config/discord/0.0.90/modules/pending/discord_erlpack-1.zip: 88%
4/10/2025, 7:47:15 PM GMT+3 [Modules] Streaming discord_erlpack@1 to /home/teotoivo/.config/discord/0.0.90/modules/pending/discord_erlpack-1.zip: 90%
4/10/2025, 7:47:15 PM GMT+3 [Modules] Streaming discord_erlpack@1 to /home/teotoivo/.config/discord/0.0.90/modules/pending/discord_erlpack-1.zip: 91%
4/10/2025, 7:47:15 PM GMT+3 [Modules] Streaming discord_erlpack@1 to /home/teotoivo/.config/discord/0.0.90/modules/pending/discord_erlpack-1.zip: 92%
4/10/2025, 7:47:15 PM GMT+3 [Modules] Streaming discord_erlpack@1 to /home/teotoivo/.config/discord/0.0.90/modules/pending/discord_erlpack-1.zip: 93%
4/10/2025, 7:47:15 PM GMT+3 [Modules] Streaming discord_erlpack@1 to /home/teotoivo/.config/discord/0.0.90/modules/pending/discord_erlpack-1.zip: 94%
4/10/2025, 7:47:15 PM GMT+3 [Modules] Streaming discord_erlpack@1 to /home/teotoivo/.config/discord/0.0.90/modules/pending/discord_erlpack-1.zip: 95%
4/10/2025, 7:47:15 PM GMT+3 [Modules] Streaming discord_erlpack@1 to /home/teotoivo/.config/discord/0.0.90/modules/pending/discord_erlpack-1.zip: 96%
4/10/2025, 7:47:15 PM GMT+3 [Modules] Streaming discord_erlpack@1 to /home/teotoivo/.config/discord/0.0.90/modules/pending/discord_erlpack-1.zip: 97%
4/10/2025, 7:47:15 PM GMT+3 [Modules] Streaming discord_erlpack@1 to /home/teotoivo/.config/discord/0.0.90/modules/pending/discord_erlpack-1.zip: 100%
4/10/2025, 7:47:15 PM GMT+3 [Modules] Fetching discord_spellcheck@1 from https://discord.com/api/modules/stable/discord_spellcheck/1
4/10/2025, 7:47:15 PM GMT+3 [Modules] Streaming discord_spellcheck@1 to /home/teotoivo/.config/discord/0.0.90/modules/pending/discord_spellcheck-1.zip
4/10/2025, 7:47:15 PM GMT+3 [Modules] Streaming discord_spellcheck@1 to /home/teotoivo/.config/discord/0.0.90/modules/pending/discord_spellcheck-1.zip: 1%
4/10/2025, 7:47:15 PM GMT+3 [Modules] Streaming discord_spellcheck@1 to /home/teotoivo/.config/discord/0.0.90/modules/pending/discord_spellcheck-1.zip: 2%
4/10/2025, 7:47:15 PM GMT+3 [Modules] Streaming discord_spellcheck@1 to /home/teotoivo/.config/discord/0.0.90/modules/pending/discord_spellcheck-1.zip: 3%
4/10/2025, 7:47:15 PM GMT+3 [Modules] Streaming discord_spellcheck@1 to /home/teotoivo/.config/discord/0.0.90/modules/pending/discord_spellcheck-1.zip: 4%
4/10/2025, 7:47:15 PM GMT+3 [Modules] Streaming discord_spellcheck@1 to /home/teotoivo/.config/discord/0.0.90/modules/pending/discord_spellcheck-1.zip: 5%
4/10/2025, 7:47:15 PM GMT+3 [Modules] Streaming discord_spellcheck@1 to /home/teotoivo/.config/discord/0.0.90/modules/pending/discord_spellcheck-1.zip: 6%
4/10/2025, 7:47:15 PM GMT+3 [Modules] Streaming discord_spellcheck@1 to /home/teotoivo/.config/discord/0.0.90/modules/pending/discord_spellcheck-1.zip: 7%
4/10/2025, 7:47:15 PM GMT+3 [Modules] Streaming discord_spellcheck@1 to /home/teotoivo/.config/discord/0.0.90/modules/pending/discord_spellcheck-1.zip: 8%
4/10/2025, 7:47:15 PM GMT+3 [Modules] Streaming discord_spellcheck@1 to /home/teotoivo/.config/discord/0.0.90/modules/pending/discord_spellcheck-1.zip: 9%
4/10/2025, 7:47:15 PM GMT+3 [Modules] Streaming discord_spellcheck@1 to /home/teotoivo/.config/discord/0.0.90/modules/pending/discord_spellcheck-1.zip: 10%
4/10/2025, 7:47:15 PM GMT+3 [Modules] Streaming discord_spellcheck@1 to /home/teotoivo/.config/discord/0.0.90/modules/pending/discord_spellcheck-1.zip: 11%
4/10/2025, 7:47:15 PM GMT+3 [Modules] Streaming discord_spellcheck@1 to /home/teotoivo/.config/discord/0.0.90/modules/pending/discord_spellcheck-1.zip: 12%
4/10/2025, 7:47:15 PM GMT+3 [Modules] Streaming discord_spellcheck@1 to /home/teotoivo/.config/discord/0.0.90/modules/pending/discord_spellcheck-1.zip: 13%
4/10/2025, 7:47:15 PM GMT+3 [Modules] Streaming discord_spellcheck@1 to /home/teotoivo/.config/discord/0.0.90/modules/pending/discord_spellcheck-1.zip: 14%
4/10/2025, 7:47:15 PM GMT+3 [Modules] Streaming discord_spellcheck@1 to /home/teotoivo/.config/discord/0.0.90/modules/pending/discord_spellcheck-1.zip: 15%
4/10/2025, 7:47:15 PM GMT+3 [Modules] Streaming discord_spellcheck@1 to /home/teotoivo/.config/discord/0.0.90/modules/pending/discord_spellcheck-1.zip: 16%
4/10/2025, 7:47:15 PM GMT+3 [Modules] Streaming discord_spellcheck@1 to /home/teotoivo/.config/discord/0.0.90/modules/pending/discord_spellcheck-1.zip: 17%
4/10/2025, 7:47:15 PM GMT+3 [Modules] Streaming discord_spellcheck@1 to /home/teotoivo/.config/discord/0.0.90/modules/pending/discord_spellcheck-1.zip: 18%
4/10/2025, 7:47:15 PM GMT+3 [Modules] Streaming discord_spellcheck@1 to /home/teotoivo/.config/discord/0.0.90/modules/pending/discord_spellcheck-1.zip: 19%
4/10/2025, 7:47:15 PM GMT+3 [Modules] Streaming discord_spellcheck@1 to /home/teotoivo/.config/discord/0.0.90/modules/pending/discord_spellcheck-1.zip: 20%
4/10/2025, 7:47:15 PM GMT+3 [Modules] Streaming discord_spellcheck@1 to /home/teotoivo/.config/discord/0.0.90/modules/pending/discord_spellcheck-1.zip: 21%
4/10/2025, 7:47:15 PM GMT+3 [Modules] Streaming discord_spellcheck@1 to /home/teotoivo/.config/discord/0.0.90/modules/pending/discord_spellcheck-1.zip: 22%
4/10/2025, 7:47:15 PM GMT+3 [Modules] Streaming discord_spellcheck@1 to /home/teotoivo/.config/discord/0.0.90/modules/pending/discord_spellcheck-1.zip: 23%
4/10/2025, 7:47:15 PM GMT+3 [Modules] Streaming discord_spellcheck@1 to /home/teotoivo/.config/discord/0.0.90/modules/pending/discord_spellcheck-1.zip: 24%
4/10/2025, 7:47:15 PM GMT+3 [Modules] Streaming discord_spellcheck@1 to /home/teotoivo/.config/discord/0.0.90/modules/pending/discord_spellcheck-1.zip: 25%
4/10/2025, 7:47:15 PM GMT+3 [Modules] Streaming discord_spellcheck@1 to /home/teotoivo/.config/discord/0.0.90/modules/pending/discord_spellcheck-1.zip: 26%
4/10/2025, 7:47:15 PM GMT+3 [Modules] Streaming discord_spellcheck@1 to /home/teotoivo/.config/discord/0.0.90/modules/pending/discord_spellcheck-1.zip: 27%
4/10/2025, 7:47:15 PM GMT+3 [Modules] Streaming discord_spellcheck@1 to /home/teotoivo/.config/discord/0.0.90/modules/pending/discord_spellcheck-1.zip: 28%
4/10/2025, 7:47:15 PM GMT+3 [Modules] Streaming discord_spellcheck@1 to /home/teotoivo/.config/discord/0.0.90/modules/pending/discord_spellcheck-1.zip: 29%
4/10/2025, 7:47:15 PM GMT+3 [Modules] Streaming discord_spellcheck@1 to /home/teotoivo/.config/discord/0.0.90/modules/pending/discord_spellcheck-1.zip: 30%
4/10/2025, 7:47:15 PM GMT+3 [Modules] Streaming discord_spellcheck@1 to /home/teotoivo/.config/discord/0.0.90/modules/pending/discord_spellcheck-1.zip: 31%
4/10/2025, 7:47:15 PM GMT+3 [Modules] Streaming discord_spellcheck@1 to /home/teotoivo/.config/discord/0.0.90/modules/pending/discord_spellcheck-1.zip: 32%
4/10/2025, 7:47:15 PM GMT+3 [Modules] Streaming discord_spellcheck@1 to /home/teotoivo/.config/discord/0.0.90/modules/pending/discord_spellcheck-1.zip: 33%
4/10/2025, 7:47:15 PM GMT+3 [Modules] Streaming discord_spellcheck@1 to /home/teotoivo/.config/discord/0.0.90/modules/pending/discord_spellcheck-1.zip: 34%
4/10/2025, 7:47:15 PM GMT+3 [Modules] Streaming discord_spellcheck@1 to /home/teotoivo/.config/discord/0.0.90/modules/pending/discord_spellcheck-1.zip: 35%
4/10/2025, 7:47:15 PM GMT+3 [Modules] Streaming discord_spellcheck@1 to /home/teotoivo/.config/discord/0.0.90/modules/pending/discord_spellcheck-1.zip: 36%
4/10/2025, 7:47:15 PM GMT+3 [Modules] Streaming discord_spellcheck@1 to /home/teotoivo/.config/discord/0.0.90/modules/pending/discord_spellcheck-1.zip: 37%
4/10/2025, 7:47:15 PM GMT+3 [Modules] Streaming discord_spellcheck@1 to /home/teotoivo/.config/discord/0.0.90/modules/pending/discord_spellcheck-1.zip: 38%
4/10/2025, 7:47:15 PM GMT+3 [Modules] Streaming discord_spellcheck@1 to /home/teotoivo/.config/discord/0.0.90/modules/pending/discord_spellcheck-1.zip: 39%
4/10/2025, 7:47:15 PM GMT+3 [Modules] Streaming discord_spellcheck@1 to /home/teotoivo/.config/discord/0.0.90/modules/pending/discord_spellcheck-1.zip: 40%
4/10/2025, 7:47:15 PM GMT+3 [Modules] Streaming discord_spellcheck@1 to /home/teotoivo/.config/discord/0.0.90/modules/pending/discord_spellcheck-1.zip: 41%
4/10/2025, 7:47:15 PM GMT+3 [Modules] Streaming discord_spellcheck@1 to /home/teotoivo/.config/discord/0.0.90/modules/pending/discord_spellcheck-1.zip: 42%
4/10/2025, 7:47:15 PM GMT+3 [Modules] Streaming discord_spellcheck@1 to /home/teotoivo/.config/discord/0.0.90/modules/pending/discord_spellcheck-1.zip: 43%
4/10/2025, 7:47:15 PM GMT+3 [Modules] Streaming discord_spellcheck@1 to /home/teotoivo/.config/discord/0.0.90/modules/pending/discord_spellcheck-1.zip: 44%
4/10/2025, 7:47:16 PM GMT+3 [Modules] Streaming discord_spellcheck@1 to /home/teotoivo/.config/discord/0.0.90/modules/pending/discord_spellcheck-1.zip: 45%
4/10/2025, 7:47:16 PM GMT+3 [Modules] Streaming discord_spellcheck@1 to /home/teotoivo/.config/discord/0.0.90/modules/pending/discord_spellcheck-1.zip: 46%
4/10/2025, 7:47:16 PM GMT+3 [Modules] Streaming discord_spellcheck@1 to /home/teotoivo/.config/discord/0.0.90/modules/pending/discord_spellcheck-1.zip: 47%
4/10/2025, 7:47:16 PM GMT+3 [Modules] Streaming discord_spellcheck@1 to /home/teotoivo/.config/discord/0.0.90/modules/pending/discord_spellcheck-1.zip: 48%
4/10/2025, 7:47:16 PM GMT+3 [Modules] Streaming discord_spellcheck@1 to /home/teotoivo/.config/discord/0.0.90/modules/pending/discord_spellcheck-1.zip: 49%
4/10/2025, 7:47:16 PM GMT+3 [Modules] Streaming discord_spellcheck@1 to /home/teotoivo/.config/discord/0.0.90/modules/pending/discord_spellcheck-1.zip: 50%
4/10/2025, 7:47:16 PM GMT+3 [Modules] Streaming discord_spellcheck@1 to /home/teotoivo/.config/discord/0.0.90/modules/pending/discord_spellcheck-1.zip: 51%
4/10/2025, 7:47:16 PM GMT+3 [Modules] Streaming discord_spellcheck@1 to /home/teotoivo/.config/discord/0.0.90/modules/pending/discord_spellcheck-1.zip: 52%
4/10/2025, 7:47:16 PM GMT+3 [Modules] Streaming discord_spellcheck@1 to /home/teotoivo/.config/discord/0.0.90/modules/pending/discord_spellcheck-1.zip: 53%
4/10/2025, 7:47:16 PM GMT+3 [Modules] Streaming discord_spellcheck@1 to /home/teotoivo/.config/discord/0.0.90/modules/pending/discord_spellcheck-1.zip: 54%
4/10/2025, 7:47:16 PM GMT+3 [Modules] Streaming discord_spellcheck@1 to /home/teotoivo/.config/discord/0.0.90/modules/pending/discord_spellcheck-1.zip: 55%
4/10/2025, 7:47:16 PM GMT+3 [Modules] Streaming discord_spellcheck@1 to /home/teotoivo/.config/discord/0.0.90/modules/pending/discord_spellcheck-1.zip: 56%
4/10/2025, 7:47:16 PM GMT+3 [Modules] Streaming discord_spellcheck@1 to /home/teotoivo/.config/discord/0.0.90/modules/pending/discord_spellcheck-1.zip: 57%
4/10/2025, 7:47:16 PM GMT+3 [Modules] Streaming discord_spellcheck@1 to /home/teotoivo/.config/discord/0.0.90/modules/pending/discord_spellcheck-1.zip: 58%
4/10/2025, 7:47:16 PM GMT+3 [Modules] Streaming discord_spellcheck@1 to /home/teotoivo/.config/discord/0.0.90/modules/pending/discord_spellcheck-1.zip: 59%
4/10/2025, 7:47:16 PM GMT+3 [Modules] Streaming discord_spellcheck@1 to /home/teotoivo/.config/discord/0.0.90/modules/pending/discord_spellcheck-1.zip: 60%
4/10/2025, 7:47:16 PM GMT+3 [Modules] Streaming discord_spellcheck@1 to /home/teotoivo/.config/discord/0.0.90/modules/pending/discord_spellcheck-1.zip: 61%
4/10/2025, 7:47:16 PM GMT+3 [Modules] Streaming discord_spellcheck@1 to /home/teotoivo/.config/discord/0.0.90/modules/pending/discord_spellcheck-1.zip: 62%
4/10/2025, 7:47:16 PM GMT+3 [Modules] Streaming discord_spellcheck@1 to /home/teotoivo/.config/discord/0.0.90/modules/pending/discord_spellcheck-1.zip: 63%
4/10/2025, 7:47:16 PM GMT+3 [Modules] Streaming discord_spellcheck@1 to /home/teotoivo/.config/discord/0.0.90/modules/pending/discord_spellcheck-1.zip: 64%
4/10/2025, 7:47:16 PM GMT+3 [Modules] Streaming discord_spellcheck@1 to /home/teotoivo/.config/discord/0.0.90/modules/pending/discord_spellcheck-1.zip: 65%
4/10/2025, 7:47:16 PM GMT+3 [Modules] Streaming discord_spellcheck@1 to /home/teotoivo/.config/discord/0.0.90/modules/pending/discord_spellcheck-1.zip: 66%
4/10/2025, 7:47:16 PM GMT+3 [Modules] Streaming discord_spellcheck@1 to /home/teotoivo/.config/discord/0.0.90/modules/pending/discord_spellcheck-1.zip: 67%
4/10/2025, 7:47:16 PM GMT+3 [Modules] Streaming discord_spellcheck@1 to /home/teotoivo/.config/discord/0.0.90/modules/pending/discord_spellcheck-1.zip: 68%
4/10/2025, 7:47:16 PM GMT+3 [Modules] Streaming discord_spellcheck@1 to /home/teotoivo/.config/discord/0.0.90/modules/pending/discord_spellcheck-1.zip: 69%
4/10/2025, 7:47:16 PM GMT+3 [Modules] Streaming discord_spellcheck@1 to /home/teotoivo/.config/discord/0.0.90/modules/pending/discord_spellcheck-1.zip: 70%
4/10/2025, 7:47:16 PM GMT+3 [Modules] Streaming discord_spellcheck@1 to /home/teotoivo/.config/discord/0.0.90/modules/pending/discord_spellcheck-1.zip: 71%
4/10/2025, 7:47:16 PM GMT+3 [Modules] Streaming discord_spellcheck@1 to /home/teotoivo/.config/discord/0.0.90/modules/pending/discord_spellcheck-1.zip: 72%
4/10/2025, 7:47:16 PM GMT+3 [Modules] Streaming discord_spellcheck@1 to /home/teotoivo/.config/discord/0.0.90/modules/pending/discord_spellcheck-1.zip: 73%
4/10/2025, 7:47:16 PM GMT+3 [Modules] Streaming discord_spellcheck@1 to /home/teotoivo/.config/discord/0.0.90/modules/pending/discord_spellcheck-1.zip: 74%
4/10/2025, 7:47:16 PM GMT+3 [Modules] Streaming discord_spellcheck@1 to /home/teotoivo/.config/discord/0.0.90/modules/pending/discord_spellcheck-1.zip: 75%
4/10/2025, 7:47:16 PM GMT+3 [Modules] Streaming discord_spellcheck@1 to /home/teotoivo/.config/discord/0.0.90/modules/pending/discord_spellcheck-1.zip: 76%
4/10/2025, 7:47:16 PM GMT+3 [Modules] Streaming discord_spellcheck@1 to /home/teotoivo/.config/discord/0.0.90/modules/pending/discord_spellcheck-1.zip: 77%
4/10/2025, 7:47:16 PM GMT+3 [Modules] Streaming discord_spellcheck@1 to /home/teotoivo/.config/discord/0.0.90/modules/pending/discord_spellcheck-1.zip: 78%
4/10/2025, 7:47:16 PM GMT+3 [Modules] Streaming discord_spellcheck@1 to /home/teotoivo/.config/discord/0.0.90/modules/pending/discord_spellcheck-1.zip: 79%
4/10/2025, 7:47:16 PM GMT+3 [Modules] Streaming discord_spellcheck@1 to /home/teotoivo/.config/discord/0.0.90/modules/pending/discord_spellcheck-1.zip: 80%
4/10/2025, 7:47:16 PM GMT+3 [Modules] Streaming discord_spellcheck@1 to /home/teotoivo/.config/discord/0.0.90/modules/pending/discord_spellcheck-1.zip: 81%
4/10/2025, 7:47:16 PM GMT+3 [Modules] Streaming discord_spellcheck@1 to /home/teotoivo/.config/discord/0.0.90/modules/pending/discord_spellcheck-1.zip: 82%
4/10/2025, 7:47:16 PM GMT+3 [Modules] Streaming discord_spellcheck@1 to /home/teotoivo/.config/discord/0.0.90/modules/pending/discord_spellcheck-1.zip: 83%
4/10/2025, 7:47:16 PM GMT+3 [Modules] Streaming discord_spellcheck@1 to /home/teotoivo/.config/discord/0.0.90/modules/pending/discord_spellcheck-1.zip: 84%
4/10/2025, 7:47:16 PM GMT+3 [Modules] Streaming discord_spellcheck@1 to /home/teotoivo/.config/discord/0.0.90/modules/pending/discord_spellcheck-1.zip: 85%
4/10/2025, 7:47:16 PM GMT+3 [Modules] Streaming discord_spellcheck@1 to /home/teotoivo/.config/discord/0.0.90/modules/pending/discord_spellcheck-1.zip: 86%
4/10/2025, 7:47:16 PM GMT+3 [Modules] Streaming discord_spellcheck@1 to /home/teotoivo/.config/discord/0.0.90/modules/pending/discord_spellcheck-1.zip: 87%
4/10/2025, 7:47:16 PM GMT+3 [Modules] Streaming discord_spellcheck@1 to /home/teotoivo/.config/discord/0.0.90/modules/pending/discord_spellcheck-1.zip: 88%
4/10/2025, 7:47:16 PM GMT+3 [Modules] Streaming discord_spellcheck@1 to /home/teotoivo/.config/discord/0.0.90/modules/pending/discord_spellcheck-1.zip: 89%
4/10/2025, 7:47:16 PM GMT+3 [Modules] Streaming discord_spellcheck@1 to /home/teotoivo/.config/discord/0.0.90/modules/pending/discord_spellcheck-1.zip: 90%
4/10/2025, 7:47:16 PM GMT+3 [Modules] Streaming discord_spellcheck@1 to /home/teotoivo/.config/discord/0.0.90/modules/pending/discord_spellcheck-1.zip: 91%
4/10/2025, 7:47:16 PM GMT+3 [Modules] Streaming discord_spellcheck@1 to /home/teotoivo/.config/discord/0.0.90/modules/pending/discord_spellcheck-1.zip: 92%
4/10/2025, 7:47:16 PM GMT+3 [Modules] Streaming discord_spellcheck@1 to /home/teotoivo/.config/discord/0.0.90/modules/pending/discord_spellcheck-1.zip: 93%
4/10/2025, 7:47:16 PM GMT+3 [Modules] Streaming discord_spellcheck@1 to /home/teotoivo/.config/discord/0.0.90/modules/pending/discord_spellcheck-1.zip: 94%
4/10/2025, 7:47:16 PM GMT+3 [Modules] Streaming discord_spellcheck@1 to /home/teotoivo/.config/discord/0.0.90/modules/pending/discord_spellcheck-1.zip: 95%
4/10/2025, 7:47:16 PM GMT+3 [Modules] Streaming discord_spellcheck@1 to /home/teotoivo/.config/discord/0.0.90/modules/pending/discord_spellcheck-1.zip: 96%
4/10/2025, 7:47:16 PM GMT+3 [Modules] Streaming discord_spellcheck@1 to /home/teotoivo/.config/discord/0.0.90/modules/pending/discord_spellcheck-1.zip: 97%
4/10/2025, 7:47:16 PM GMT+3 [Modules] Streaming discord_spellcheck@1 to /home/teotoivo/.config/discord/0.0.90/modules/pending/discord_spellcheck-1.zip: 98%
4/10/2025, 7:47:16 PM GMT+3 [Modules] Streaming discord_spellcheck@1 to /home/teotoivo/.config/discord/0.0.90/modules/pending/discord_spellcheck-1.zip: 99%
4/10/2025, 7:47:16 PM GMT+3 [Modules] Streaming discord_spellcheck@1 to /home/teotoivo/.config/discord/0.0.90/modules/pending/discord_spellcheck-1.zip: 100%
4/10/2025, 7:47:16 PM GMT+3 [Modules] Fetching discord_utils@2 from https://discord.com/api/modules/stable/discord_utils/2
4/10/2025, 7:47:16 PM GMT+3 [Modules] Streaming discord_utils@2 to /home/teotoivo/.config/discord/0.0.90/modules/pending/discord_utils-2.zip
4/10/2025, 7:47:16 PM GMT+3 [Modules] Streaming discord_utils@2 to /home/teotoivo/.config/discord/0.0.90/modules/pending/discord_utils-2.zip: 1%
4/10/2025, 7:47:16 PM GMT+3 [Modules] Streaming discord_utils@2 to /home/teotoivo/.config/discord/0.0.90/modules/pending/discord_utils-2.zip: 2%
4/10/2025, 7:47:16 PM GMT+3 [Modules] Streaming discord_utils@2 to /home/teotoivo/.config/discord/0.0.90/modules/pending/discord_utils-2.zip: 3%
4/10/2025, 7:47:16 PM GMT+3 [Modules] Streaming discord_utils@2 to /home/teotoivo/.config/discord/0.0.90/modules/pending/discord_utils-2.zip: 4%
4/10/2025, 7:47:16 PM GMT+3 [Modules] Streaming discord_utils@2 to /home/teotoivo/.config/discord/0.0.90/modules/pending/discord_utils-2.zip: 5%
4/10/2025, 7:47:16 PM GMT+3 [Modules] Streaming discord_utils@2 to /home/teotoivo/.config/discord/0.0.90/modules/pending/discord_utils-2.zip: 6%
4/10/2025, 7:47:16 PM GMT+3 [Modules] Streaming discord_utils@2 to /home/teotoivo/.config/discord/0.0.90/modules/pending/discord_utils-2.zip: 7%
4/10/2025, 7:47:16 PM GMT+3 [Modules] Streaming discord_utils@2 to /home/teotoivo/.config/discord/0.0.90/modules/pending/discord_utils-2.zip: 8%
4/10/2025, 7:47:16 PM GMT+3 [Modules] Streaming discord_utils@2 to /home/teotoivo/.config/discord/0.0.90/modules/pending/discord_utils-2.zip: 9%
4/10/2025, 7:47:16 PM GMT+3 [Modules] Streaming discord_utils@2 to /home/teotoivo/.config/discord/0.0.90/modules/pending/discord_utils-2.zip: 10%
4/10/2025, 7:47:16 PM GMT+3 [Modules] Streaming discord_utils@2 to /home/teotoivo/.config/discord/0.0.90/modules/pending/discord_utils-2.zip: 11%
4/10/2025, 7:47:16 PM GMT+3 [Modules] Streaming discord_utils@2 to /home/teotoivo/.config/discord/0.0.90/modules/pending/discord_utils-2.zip: 12%
4/10/2025, 7:47:16 PM GMT+3 [Modules] Streaming discord_utils@2 to /home/teotoivo/.config/discord/0.0.90/modules/pending/discord_utils-2.zip: 13%
4/10/2025, 7:47:16 PM GMT+3 [Modules] Streaming discord_utils@2 to /home/teotoivo/.config/discord/0.0.90/modules/pending/discord_utils-2.zip: 14%
4/10/2025, 7:47:16 PM GMT+3 [Modules] Streaming discord_utils@2 to /home/teotoivo/.config/discord/0.0.90/modules/pending/discord_utils-2.zip: 15%
4/10/2025, 7:47:16 PM GMT+3 [Modules] Streaming discord_utils@2 to /home/teotoivo/.config/discord/0.0.90/modules/pending/discord_utils-2.zip: 16%
4/10/2025, 7:47:16 PM GMT+3 [Modules] Streaming discord_utils@2 to /home/teotoivo/.config/discord/0.0.90/modules/pending/discord_utils-2.zip: 17%
4/10/2025, 7:47:16 PM GMT+3 [Modules] Streaming discord_utils@2 to /home/teotoivo/.config/discord/0.0.90/modules/pending/discord_utils-2.zip: 18%
4/10/2025, 7:47:16 PM GMT+3 [Modules] Streaming discord_utils@2 to /home/teotoivo/.config/discord/0.0.90/modules/pending/discord_utils-2.zip: 19%
4/10/2025, 7:47:16 PM GMT+3 [Modules] Streaming discord_utils@2 to /home/teotoivo/.config/discord/0.0.90/modules/pending/discord_utils-2.zip: 20%
4/10/2025, 7:47:16 PM GMT+3 [Modules] Streaming discord_utils@2 to /home/teotoivo/.config/discord/0.0.90/modules/pending/discord_utils-2.zip: 21%
4/10/2025, 7:47:16 PM GMT+3 [Modules] Streaming discord_utils@2 to /home/teotoivo/.config/discord/0.0.90/modules/pending/discord_utils-2.zip: 22%
4/10/2025, 7:47:17 PM GMT+3 [Modules] Streaming discord_utils@2 to /home/teotoivo/.config/discord/0.0.90/modules/pending/discord_utils-2.zip: 23%
4/10/2025, 7:47:17 PM GMT+3 [Modules] Streaming discord_utils@2 to /home/teotoivo/.config/discord/0.0.90/modules/pending/discord_utils-2.zip: 24%
4/10/2025, 7:47:17 PM GMT+3 [Modules] Streaming discord_utils@2 to /home/teotoivo/.config/discord/0.0.90/modules/pending/discord_utils-2.zip: 25%
4/10/2025, 7:47:17 PM GMT+3 [Modules] Streaming discord_utils@2 to /home/teotoivo/.config/discord/0.0.90/modules/pending/discord_utils-2.zip: 26%
4/10/2025, 7:47:17 PM GMT+3 [Modules] Streaming discord_utils@2 to /home/teotoivo/.config/discord/0.0.90/modules/pending/discord_utils-2.zip: 27%
4/10/2025, 7:47:17 PM GMT+3 [Modules] Streaming discord_utils@2 to /home/teotoivo/.config/discord/0.0.90/modules/pending/discord_utils-2.zip: 28%
4/10/2025, 7:47:17 PM GMT+3 [Modules] Streaming discord_utils@2 to /home/teotoivo/.config/discord/0.0.90/modules/pending/discord_utils-2.zip: 29%
4/10/2025, 7:47:17 PM GMT+3 [Modules] Streaming discord_utils@2 to /home/teotoivo/.config/discord/0.0.90/modules/pending/discord_utils-2.zip: 30%
4/10/2025, 7:47:17 PM GMT+3 [Modules] Streaming discord_utils@2 to /home/teotoivo/.config/discord/0.0.90/modules/pending/discord_utils-2.zip: 31%
4/10/2025, 7:47:17 PM GMT+3 [Modules] Streaming discord_utils@2 to /home/teotoivo/.config/discord/0.0.90/modules/pending/discord_utils-2.zip: 32%
4/10/2025, 7:47:17 PM GMT+3 [Modules] Streaming discord_utils@2 to /home/teotoivo/.config/discord/0.0.90/modules/pending/discord_utils-2.zip: 33%
4/10/2025, 7:47:17 PM GMT+3 [Modules] Streaming discord_utils@2 to /home/teotoivo/.config/discord/0.0.90/modules/pending/discord_utils-2.zip: 34%
4/10/2025, 7:47:17 PM GMT+3 [Modules] Streaming discord_utils@2 to /home/teotoivo/.config/discord/0.0.90/modules/pending/discord_utils-2.zip: 35%
4/10/2025, 7:47:17 PM GMT+3 [Modules] Streaming discord_utils@2 to /home/teotoivo/.config/discord/0.0.90/modules/pending/discord_utils-2.zip: 36%
4/10/2025, 7:47:17 PM GMT+3 [Modules] Streaming discord_utils@2 to /home/teotoivo/.config/discord/0.0.90/modules/pending/discord_utils-2.zip: 37%
4/10/2025, 7:47:17 PM GMT+3 [Modules] Streaming discord_utils@2 to /home/teotoivo/.config/discord/0.0.90/modules/pending/discord_utils-2.zip: 38%
4/10/2025, 7:47:17 PM GMT+3 [Modules] Streaming discord_utils@2 to /home/teotoivo/.config/discord/0.0.90/modules/pending/discord_utils-2.zip: 39%
4/10/2025, 7:47:17 PM GMT+3 [Modules] Streaming discord_utils@2 to /home/teotoivo/.config/discord/0.0.90/modules/pending/discord_utils-2.zip: 40%
4/10/2025, 7:47:17 PM GMT+3 [Modules] Streaming discord_utils@2 to /home/teotoivo/.config/discord/0.0.90/modules/pending/discord_utils-2.zip: 41%
4/10/2025, 7:47:17 PM GMT+3 [Modules] Streaming discord_utils@2 to /home/teotoivo/.config/discord/0.0.90/modules/pending/discord_utils-2.zip: 42%
4/10/2025, 7:47:17 PM GMT+3 [Modules] Streaming discord_utils@2 to /home/teotoivo/.config/discord/0.0.90/modules/pending/discord_utils-2.zip: 43%
4/10/2025, 7:47:17 PM GMT+3 [Modules] Streaming discord_utils@2 to /home/teotoivo/.config/discord/0.0.90/modules/pending/discord_utils-2.zip: 44%
4/10/2025, 7:47:17 PM GMT+3 [Modules] Streaming discord_utils@2 to /home/teotoivo/.config/discord/0.0.90/modules/pending/discord_utils-2.zip: 45%
4/10/2025, 7:47:17 PM GMT+3 [Modules] Streaming discord_utils@2 to /home/teotoivo/.config/discord/0.0.90/modules/pending/discord_utils-2.zip: 46%
4/10/2025, 7:47:17 PM GMT+3 [Modules] Streaming discord_utils@2 to /home/teotoivo/.config/discord/0.0.90/modules/pending/discord_utils-2.zip: 47%
4/10/2025, 7:47:17 PM GMT+3 [Modules] Streaming discord_utils@2 to /home/teotoivo/.config/discord/0.0.90/modules/pending/discord_utils-2.zip: 48%
4/10/2025, 7:47:17 PM GMT+3 [Modules] Streaming discord_utils@2 to /home/teotoivo/.config/discord/0.0.90/modules/pending/discord_utils-2.zip: 49%
4/10/2025, 7:47:17 PM GMT+3 [Modules] Streaming discord_utils@2 to /home/teotoivo/.config/discord/0.0.90/modules/pending/discord_utils-2.zip: 50%
4/10/2025, 7:47:17 PM GMT+3 [Modules] Streaming discord_utils@2 to /home/teotoivo/.config/discord/0.0.90/modules/pending/discord_utils-2.zip: 51%
4/10/2025, 7:47:17 PM GMT+3 [Modules] Streaming discord_utils@2 to /home/teotoivo/.config/discord/0.0.90/modules/pending/discord_utils-2.zip: 52%
4/10/2025, 7:47:17 PM GMT+3 [Modules] Streaming discord_utils@2 to /home/teotoivo/.config/discord/0.0.90/modules/pending/discord_utils-2.zip: 53%
4/10/2025, 7:47:17 PM GMT+3 [Modules] Streaming discord_utils@2 to /home/teotoivo/.config/discord/0.0.90/modules/pending/discord_utils-2.zip: 54%
4/10/2025, 7:47:17 PM GMT+3 [Modules] Streaming discord_utils@2 to /home/teotoivo/.config/discord/0.0.90/modules/pending/discord_utils-2.zip: 55%
4/10/2025, 7:47:17 PM GMT+3 [Modules] Streaming discord_utils@2 to /home/teotoivo/.config/discord/0.0.90/modules/pending/discord_utils-2.zip: 56%
4/10/2025, 7:47:17 PM GMT+3 [Modules] Streaming discord_utils@2 to /home/teotoivo/.config/discord/0.0.90/modules/pending/discord_utils-2.zip: 57%
4/10/2025, 7:47:17 PM GMT+3 [Modules] Streaming discord_utils@2 to /home/teotoivo/.config/discord/0.0.90/modules/pending/discord_utils-2.zip: 58%
4/10/2025, 7:47:17 PM GMT+3 [Modules] Streaming discord_utils@2 to /home/teotoivo/.config/discord/0.0.90/modules/pending/discord_utils-2.zip: 59%
4/10/2025, 7:47:17 PM GMT+3 [Modules] Streaming discord_utils@2 to /home/teotoivo/.config/discord/0.0.90/modules/pending/discord_utils-2.zip: 60%
4/10/2025, 7:47:17 PM GMT+3 [Modules] Streaming discord_utils@2 to /home/teotoivo/.config/discord/0.0.90/modules/pending/discord_utils-2.zip: 61%
4/10/2025, 7:47:17 PM GMT+3 [Modules] Streaming discord_utils@2 to /home/teotoivo/.config/discord/0.0.90/modules/pending/discord_utils-2.zip: 62%
4/10/2025, 7:47:17 PM GMT+3 [Modules] Streaming discord_utils@2 to /home/teotoivo/.config/discord/0.0.90/modules/pending/discord_utils-2.zip: 63%
4/10/2025, 7:47:17 PM GMT+3 [Modules] Streaming discord_utils@2 to /home/teotoivo/.config/discord/0.0.90/modules/pending/discord_utils-2.zip: 64%
4/10/2025, 7:47:17 PM GMT+3 [Modules] Streaming discord_utils@2 to /home/teotoivo/.config/discord/0.0.90/modules/pending/discord_utils-2.zip: 65%
4/10/2025, 7:47:17 PM GMT+3 [Modules] Streaming discord_utils@2 to /home/teotoivo/.config/discord/0.0.90/modules/pending/discord_utils-2.zip: 66%
4/10/2025, 7:47:17 PM GMT+3 [Modules] Streaming discord_utils@2 to /home/teotoivo/.config/discord/0.0.90/modules/pending/discord_utils-2.zip: 67%
4/10/2025, 7:47:17 PM GMT+3 [Modules] Streaming discord_utils@2 to /home/teotoivo/.config/discord/0.0.90/modules/pending/discord_utils-2.zip: 68%
4/10/2025, 7:47:17 PM GMT+3 [Modules] Streaming discord_utils@2 to /home/teotoivo/.config/discord/0.0.90/modules/pending/discord_utils-2.zip: 69%
4/10/2025, 7:47:17 PM GMT+3 [Modules] Streaming discord_utils@2 to /home/teotoivo/.config/discord/0.0.90/modules/pending/discord_utils-2.zip: 70%
4/10/2025, 7:47:17 PM GMT+3 [Modules] Streaming discord_utils@2 to /home/teotoivo/.config/discord/0.0.90/modules/pending/discord_utils-2.zip: 71%
4/10/2025, 7:47:17 PM GMT+3 [Modules] Streaming discord_utils@2 to /home/teotoivo/.config/discord/0.0.90/modules/pending/discord_utils-2.zip: 72%
4/10/2025, 7:47:17 PM GMT+3 [Modules] Streaming discord_utils@2 to /home/teotoivo/.config/discord/0.0.90/modules/pending/discord_utils-2.zip: 73%
4/10/2025, 7:47:17 PM GMT+3 [Modules] Streaming discord_utils@2 to /home/teotoivo/.config/discord/0.0.90/modules/pending/discord_utils-2.zip: 74%
4/10/2025, 7:47:17 PM GMT+3 [Modules] Streaming discord_utils@2 to /home/teotoivo/.config/discord/0.0.90/modules/pending/discord_utils-2.zip: 75%
4/10/2025, 7:47:17 PM GMT+3 [Modules] Streaming discord_utils@2 to /home/teotoivo/.config/discord/0.0.90/modules/pending/discord_utils-2.zip: 76%
4/10/2025, 7:47:17 PM GMT+3 [Modules] Streaming discord_utils@2 to /home/teotoivo/.config/discord/0.0.90/modules/pending/discord_utils-2.zip: 77%
4/10/2025, 7:47:17 PM GMT+3 [Modules] Streaming discord_utils@2 to /home/teotoivo/.config/discord/0.0.90/modules/pending/discord_utils-2.zip: 78%
4/10/2025, 7:47:17 PM GMT+3 [Modules] Streaming discord_utils@2 to /home/teotoivo/.config/discord/0.0.90/modules/pending/discord_utils-2.zip: 79%
4/10/2025, 7:47:17 PM GMT+3 [Modules] Streaming discord_utils@2 to /home/teotoivo/.config/discord/0.0.90/modules/pending/discord_utils-2.zip: 80%
4/10/2025, 7:47:17 PM GMT+3 [Modules] Streaming discord_utils@2 to /home/teotoivo/.config/discord/0.0.90/modules/pending/discord_utils-2.zip: 81%
4/10/2025, 7:47:17 PM GMT+3 [Modules] Streaming discord_utils@2 to /home/teotoivo/.config/discord/0.0.90/modules/pending/discord_utils-2.zip: 82%
4/10/2025, 7:47:17 PM GMT+3 [Modules] Streaming discord_utils@2 to /home/teotoivo/.config/discord/0.0.90/modules/pending/discord_utils-2.zip: 83%
4/10/2025, 7:47:17 PM GMT+3 [Modules] Streaming discord_utils@2 to /home/teotoivo/.config/discord/0.0.90/modules/pending/discord_utils-2.zip: 84%
4/10/2025, 7:47:17 PM GMT+3 [Modules] Streaming discord_utils@2 to /home/teotoivo/.config/discord/0.0.90/modules/pending/discord_utils-2.zip: 85%
4/10/2025, 7:47:17 PM GMT+3 [Modules] Streaming discord_utils@2 to /home/teotoivo/.config/discord/0.0.90/modules/pending/discord_utils-2.zip: 86%
4/10/2025, 7:47:17 PM GMT+3 [Modules] Streaming discord_utils@2 to /home/teotoivo/.config/discord/0.0.90/modules/pending/discord_utils-2.zip: 87%
4/10/2025, 7:47:17 PM GMT+3 [Modules] Streaming discord_utils@2 to /home/teotoivo/.config/discord/0.0.90/modules/pending/discord_utils-2.zip: 88%
4/10/2025, 7:47:17 PM GMT+3 [Modules] Streaming discord_utils@2 to /home/teotoivo/.config/discord/0.0.90/modules/pending/discord_utils-2.zip: 89%
4/10/2025, 7:47:17 PM GMT+3 [Modules] Streaming discord_utils@2 to /home/teotoivo/.config/discord/0.0.90/modules/pending/discord_utils-2.zip: 90%
4/10/2025, 7:47:17 PM GMT+3 [Modules] Streaming discord_utils@2 to /home/teotoivo/.config/discord/0.0.90/modules/pending/discord_utils-2.zip: 91%
4/10/2025, 7:47:17 PM GMT+3 [Modules] Streaming discord_utils@2 to /home/teotoivo/.config/discord/0.0.90/modules/pending/discord_utils-2.zip: 92%
4/10/2025, 7:47:17 PM GMT+3 [Modules] Streaming discord_utils@2 to /home/teotoivo/.config/discord/0.0.90/modules/pending/discord_utils-2.zip: 93%
4/10/2025, 7:47:17 PM GMT+3 [Modules] Streaming discord_utils@2 to /home/teotoivo/.config/discord/0.0.90/modules/pending/discord_utils-2.zip: 94%
4/10/2025, 7:47:17 PM GMT+3 [Modules] Streaming discord_utils@2 to /home/teotoivo/.config/discord/0.0.90/modules/pending/discord_utils-2.zip: 95%
4/10/2025, 7:47:17 PM GMT+3 [Modules] Streaming discord_utils@2 to /home/teotoivo/.config/discord/0.0.90/modules/pending/discord_utils-2.zip: 96%
4/10/2025, 7:47:17 PM GMT+3 [Modules] Streaming discord_utils@2 to /home/teotoivo/.config/discord/0.0.90/modules/pending/discord_utils-2.zip: 97%
4/10/2025, 7:47:17 PM GMT+3 [Modules] Streaming discord_utils@2 to /home/teotoivo/.config/discord/0.0.90/modules/pending/discord_utils-2.zip: 98%
4/10/2025, 7:47:17 PM GMT+3 [Modules] Streaming discord_utils@2 to /home/teotoivo/.config/discord/0.0.90/modules/pending/discord_utils-2.zip: 99%
4/10/2025, 7:47:17 PM GMT+3 [Modules] Streaming discord_utils@2 to /home/teotoivo/.config/discord/0.0.90/modules/pending/discord_utils-2.zip: 100%
4/10/2025, 7:47:17 PM GMT+3 [Modules] Fetching discord_voice@2 from https://discord.com/api/modules/stable/discord_voice/2
4/10/2025, 7:47:17 PM GMT+3 [Modules] Streaming discord_voice@2 to /home/teotoivo/.config/discord/0.0.90/modules/pending/discord_voice-2.zip
4/10/2025, 7:47:17 PM GMT+3 [Modules] Streaming discord_voice@2 to /home/teotoivo/.config/discord/0.0.90/modules/pending/discord_voice-2.zip: 1%
4/10/2025, 7:47:17 PM GMT+3 [Modules] Streaming discord_voice@2 to /home/teotoivo/.config/discord/0.0.90/modules/pending/discord_voice-2.zip: 2%
4/10/2025, 7:47:18 PM GMT+3 [Modules] Streaming discord_voice@2 to /home/teotoivo/.config/discord/0.0.90/modules/pending/discord_voice-2.zip: 3%
4/10/2025, 7:47:18 PM GMT+3 [Modules] Streaming discord_voice@2 to /home/teotoivo/.config/discord/0.0.90/modules/pending/discord_voice-2.zip: 4%
4/10/2025, 7:47:18 PM GMT+3 [Modules] Streaming discord_voice@2 to /home/teotoivo/.config/discord/0.0.90/modules/pending/discord_voice-2.zip: 5%
4/10/2025, 7:47:18 PM GMT+3 [Modules] Streaming discord_voice@2 to /home/teotoivo/.config/discord/0.0.90/modules/pending/discord_voice-2.zip: 6%
4/10/2025, 7:47:18 PM GMT+3 [Modules] Streaming discord_voice@2 to /home/teotoivo/.config/discord/0.0.90/modules/pending/discord_voice-2.zip: 7%
4/10/2025, 7:47:18 PM GMT+3 [Modules] Streaming discord_voice@2 to /home/teotoivo/.config/discord/0.0.90/modules/pending/discord_voice-2.zip: 8%
4/10/2025, 7:47:18 PM GMT+3 [Modules] Streaming discord_voice@2 to /home/teotoivo/.config/discord/0.0.90/modules/pending/discord_voice-2.zip: 9%
4/10/2025, 7:47:18 PM GMT+3 [Modules] Streaming discord_voice@2 to /home/teotoivo/.config/discord/0.0.90/modules/pending/discord_voice-2.zip: 10%
4/10/2025, 7:47:18 PM GMT+3 [Modules] Streaming discord_voice@2 to /home/teotoivo/.config/discord/0.0.90/modules/pending/discord_voice-2.zip: 11%
4/10/2025, 7:47:18 PM GMT+3 [Modules] Streaming discord_voice@2 to /home/teotoivo/.config/discord/0.0.90/modules/pending/discord_voice-2.zip: 12%
4/10/2025, 7:47:18 PM GMT+3 [Modules] Streaming discord_voice@2 to /home/teotoivo/.config/discord/0.0.90/modules/pending/discord_voice-2.zip: 13%
4/10/2025, 7:47:18 PM GMT+3 [Modules] Streaming discord_voice@2 to /home/teotoivo/.config/discord/0.0.90/modules/pending/discord_voice-2.zip: 14%
4/10/2025, 7:47:18 PM GMT+3 [Modules] Streaming discord_voice@2 to /home/teotoivo/.config/discord/0.0.90/modules/pending/discord_voice-2.zip: 15%
4/10/2025, 7:47:18 PM GMT+3 [Modules] Streaming discord_voice@2 to /home/teotoivo/.config/discord/0.0.90/modules/pending/discord_voice-2.zip: 16%
4/10/2025, 7:47:18 PM GMT+3 [Modules] Streaming discord_voice@2 to /home/teotoivo/.config/discord/0.0.90/modules/pending/discord_voice-2.zip: 17%
4/10/2025, 7:47:18 PM GMT+3 [Modules] Streaming discord_voice@2 to /home/teotoivo/.config/discord/0.0.90/modules/pending/discord_voice-2.zip: 18%
4/10/2025, 7:47:18 PM GMT+3 [Modules] Streaming discord_voice@2 to /home/teotoivo/.config/discord/0.0.90/modules/pending/discord_voice-2.zip: 19%
4/10/2025, 7:47:18 PM GMT+3 [Modules] Streaming discord_voice@2 to /home/teotoivo/.config/discord/0.0.90/modules/pending/discord_voice-2.zip: 20%
4/10/2025, 7:47:18 PM GMT+3 [Modules] Streaming discord_voice@2 to /home/teotoivo/.config/discord/0.0.90/modules/pending/discord_voice-2.zip: 21%
4/10/2025, 7:47:18 PM GMT+3 [Modules] Streaming discord_voice@2 to /home/teotoivo/.config/discord/0.0.90/modules/pending/discord_voice-2.zip: 22%
4/10/2025, 7:47:18 PM GMT+3 [Modules] Streaming discord_voice@2 to /home/teotoivo/.config/discord/0.0.90/modules/pending/discord_voice-2.zip: 23%
4/10/2025, 7:47:18 PM GMT+3 [Modules] Streaming discord_voice@2 to /home/teotoivo/.config/discord/0.0.90/modules/pending/discord_voice-2.zip: 24%
4/10/2025, 7:47:18 PM GMT+3 [Modules] Streaming discord_voice@2 to /home/teotoivo/.config/discord/0.0.90/modules/pending/discord_voice-2.zip: 25%
4/10/2025, 7:47:18 PM GMT+3 [Modules] Streaming discord_voice@2 to /home/teotoivo/.config/discord/0.0.90/modules/pending/discord_voice-2.zip: 26%
4/10/2025, 7:47:18 PM GMT+3 [Modules] Streaming discord_voice@2 to /home/teotoivo/.config/discord/0.0.90/modules/pending/discord_voice-2.zip: 27%
4/10/2025, 7:47:18 PM GMT+3 [Modules] Streaming discord_voice@2 to /home/teotoivo/.config/discord/0.0.90/modules/pending/discord_voice-2.zip: 28%
4/10/2025, 7:47:18 PM GMT+3 [Modules] Streaming discord_voice@2 to /home/teotoivo/.config/discord/0.0.90/modules/pending/discord_voice-2.zip: 29%
4/10/2025, 7:47:18 PM GMT+3 [Modules] Streaming discord_voice@2 to /home/teotoivo/.config/discord/0.0.90/modules/pending/discord_voice-2.zip: 30%
4/10/2025, 7:47:19 PM GMT+3 [Modules] Streaming discord_voice@2 to /home/teotoivo/.config/discord/0.0.90/modules/pending/discord_voice-2.zip: 31%
4/10/2025, 7:47:19 PM GMT+3 [Modules] Streaming discord_voice@2 to /home/teotoivo/.config/discord/0.0.90/modules/pending/discord_voice-2.zip: 32%
4/10/2025, 7:47:19 PM GMT+3 [Modules] Streaming discord_voice@2 to /home/teotoivo/.config/discord/0.0.90/modules/pending/discord_voice-2.zip: 33%
4/10/2025, 7:47:19 PM GMT+3 [Modules] Streaming discord_voice@2 to /home/teotoivo/.config/discord/0.0.90/modules/pending/discord_voice-2.zip: 34%
4/10/2025, 7:47:19 PM GMT+3 [Modules] Streaming discord_voice@2 to /home/teotoivo/.config/discord/0.0.90/modules/pending/discord_voice-2.zip: 35%
4/10/2025, 7:47:19 PM GMT+3 [Modules] Streaming discord_voice@2 to /home/teotoivo/.config/discord/0.0.90/modules/pending/discord_voice-2.zip: 36%
4/10/2025, 7:47:19 PM GMT+3 [Modules] Streaming discord_voice@2 to /home/teotoivo/.config/discord/0.0.90/modules/pending/discord_voice-2.zip: 37%
4/10/2025, 7:47:19 PM GMT+3 [Modules] Streaming discord_voice@2 to /home/teotoivo/.config/discord/0.0.90/modules/pending/discord_voice-2.zip: 38%
4/10/2025, 7:47:19 PM GMT+3 [Modules] Streaming discord_voice@2 to /home/teotoivo/.config/discord/0.0.90/modules/pending/discord_voice-2.zip: 39%
4/10/2025, 7:47:19 PM GMT+3 [Modules] Streaming discord_voice@2 to /home/teotoivo/.config/discord/0.0.90/modules/pending/discord_voice-2.zip: 40%
4/10/2025, 7:47:19 PM GMT+3 [Modules] Streaming discord_voice@2 to /home/teotoivo/.config/discord/0.0.90/modules/pending/discord_voice-2.zip: 41%
4/10/2025, 7:47:19 PM GMT+3 [Modules] Streaming discord_voice@2 to /home/teotoivo/.config/discord/0.0.90/modules/pending/discord_voice-2.zip: 42%
4/10/2025, 7:47:19 PM GMT+3 [Modules] Streaming discord_voice@2 to /home/teotoivo/.config/discord/0.0.90/modules/pending/discord_voice-2.zip: 43%
4/10/2025, 7:47:19 PM GMT+3 [Modules] Streaming discord_voice@2 to /home/teotoivo/.config/discord/0.0.90/modules/pending/discord_voice-2.zip: 44%
4/10/2025, 7:47:19 PM GMT+3 [Modules] Streaming discord_voice@2 to /home/teotoivo/.config/discord/0.0.90/modules/pending/discord_voice-2.zip: 45%
4/10/2025, 7:47:19 PM GMT+3 [Modules] Streaming discord_voice@2 to /home/teotoivo/.config/discord/0.0.90/modules/pending/discord_voice-2.zip: 46%
4/10/2025, 7:47:19 PM GMT+3 [Modules] Streaming discord_voice@2 to /home/teotoivo/.config/discord/0.0.90/modules/pending/discord_voice-2.zip: 47%
4/10/2025, 7:47:19 PM GMT+3 [Modules] Streaming discord_voice@2 to /home/teotoivo/.config/discord/0.0.90/modules/pending/discord_voice-2.zip: 48%
4/10/2025, 7:47:19 PM GMT+3 [Modules] Streaming discord_voice@2 to /home/teotoivo/.config/discord/0.0.90/modules/pending/discord_voice-2.zip: 49%
4/10/2025, 7:47:19 PM GMT+3 [Modules] Streaming discord_voice@2 to /home/teotoivo/.config/discord/0.0.90/modules/pending/discord_voice-2.zip: 50%
4/10/2025, 7:47:19 PM GMT+3 [Modules] Streaming discord_voice@2 to /home/teotoivo/.config/discord/0.0.90/modules/pending/discord_voice-2.zip: 51%
4/10/2025, 7:47:19 PM GMT+3 [Modules] Streaming discord_voice@2 to /home/teotoivo/.config/discord/0.0.90/modules/pending/discord_voice-2.zip: 52%
4/10/2025, 7:47:19 PM GMT+3 [Modules] Streaming discord_voice@2 to /home/teotoivo/.config/discord/0.0.90/modules/pending/discord_voice-2.zip: 53%
4/10/2025, 7:47:19 PM GMT+3 [Modules] Streaming discord_voice@2 to /home/teotoivo/.config/discord/0.0.90/modules/pending/discord_voice-2.zip: 54%
4/10/2025, 7:47:19 PM GMT+3 [Modules] Streaming discord_voice@2 to /home/teotoivo/.config/discord/0.0.90/modules/pending/discord_voice-2.zip: 55%
4/10/2025, 7:47:19 PM GMT+3 [Modules] Streaming discord_voice@2 to /home/teotoivo/.config/discord/0.0.90/modules/pending/discord_voice-2.zip: 56%
4/10/2025, 7:47:19 PM GMT+3 [Modules] Streaming discord_voice@2 to /home/teotoivo/.config/discord/0.0.90/modules/pending/discord_voice-2.zip: 57%
4/10/2025, 7:47:19 PM GMT+3 [Modules] Streaming discord_voice@2 to /home/teotoivo/.config/discord/0.0.90/modules/pending/discord_voice-2.zip: 58%
4/10/2025, 7:47:19 PM GMT+3 [Modules] Streaming discord_voice@2 to /home/teotoivo/.config/discord/0.0.90/modules/pending/discord_voice-2.zip: 59%
4/10/2025, 7:47:19 PM GMT+3 [Modules] Streaming discord_voice@2 to /home/teotoivo/.config/discord/0.0.90/modules/pending/discord_voice-2.zip: 60%
4/10/2025, 7:47:19 PM GMT+3 [Modules] Streaming discord_voice@2 to /home/teotoivo/.config/discord/0.0.90/modules/pending/discord_voice-2.zip: 61%
4/10/2025, 7:47:19 PM GMT+3 [Modules] Streaming discord_voice@2 to /home/teotoivo/.config/discord/0.0.90/modules/pending/discord_voice-2.zip: 62%
4/10/2025, 7:47:19 PM GMT+3 [Modules] Streaming discord_voice@2 to /home/teotoivo/.config/discord/0.0.90/modules/pending/discord_voice-2.zip: 63%
4/10/2025, 7:47:19 PM GMT+3 [Modules] Streaming discord_voice@2 to /home/teotoivo/.config/discord/0.0.90/modules/pending/discord_voice-2.zip: 64%
4/10/2025, 7:47:19 PM GMT+3 [Modules] Streaming discord_voice@2 to /home/teotoivo/.config/discord/0.0.90/modules/pending/discord_voice-2.zip: 65%
4/10/2025, 7:47:19 PM GMT+3 [Modules] Streaming discord_voice@2 to /home/teotoivo/.config/discord/0.0.90/modules/pending/discord_voice-2.zip: 66%
4/10/2025, 7:47:19 PM GMT+3 [Modules] Streaming discord_voice@2 to /home/teotoivo/.config/discord/0.0.90/modules/pending/discord_voice-2.zip: 67%
4/10/2025, 7:47:19 PM GMT+3 [Modules] Streaming discord_voice@2 to /home/teotoivo/.config/discord/0.0.90/modules/pending/discord_voice-2.zip: 68%
4/10/2025, 7:47:19 PM GMT+3 [Modules] Streaming discord_voice@2 to /home/teotoivo/.config/discord/0.0.90/modules/pending/discord_voice-2.zip: 69%
4/10/2025, 7:47:20 PM GMT+3 [Modules] Streaming discord_voice@2 to /home/teotoivo/.config/discord/0.0.90/modules/pending/discord_voice-2.zip: 70%
4/10/2025, 7:47:20 PM GMT+3 [Modules] Streaming discord_voice@2 to /home/teotoivo/.config/discord/0.0.90/modules/pending/discord_voice-2.zip: 71%
4/10/2025, 7:47:20 PM GMT+3 [Modules] Streaming discord_voice@2 to /home/teotoivo/.config/discord/0.0.90/modules/pending/discord_voice-2.zip: 72%
4/10/2025, 7:47:20 PM GMT+3 [Modules] Streaming discord_voice@2 to /home/teotoivo/.config/discord/0.0.90/modules/pending/discord_voice-2.zip: 73%
4/10/2025, 7:47:20 PM GMT+3 [Modules] Streaming discord_voice@2 to /home/teotoivo/.config/discord/0.0.90/modules/pending/discord_voice-2.zip: 74%
4/10/2025, 7:47:20 PM GMT+3 [Modules] Streaming discord_voice@2 to /home/teotoivo/.config/discord/0.0.90/modules/pending/discord_voice-2.zip: 75%
4/10/2025, 7:47:20 PM GMT+3 [Modules] Streaming discord_voice@2 to /home/teotoivo/.config/discord/0.0.90/modules/pending/discord_voice-2.zip: 76%
4/10/2025, 7:47:20 PM GMT+3 [Modules] Streaming discord_voice@2 to /home/teotoivo/.config/discord/0.0.90/modules/pending/discord_voice-2.zip: 77%
4/10/2025, 7:47:20 PM GMT+3 [Modules] Streaming discord_voice@2 to /home/teotoivo/.config/discord/0.0.90/modules/pending/discord_voice-2.zip: 78%
4/10/2025, 7:47:20 PM GMT+3 [Modules] Streaming discord_voice@2 to /home/teotoivo/.config/discord/0.0.90/modules/pending/discord_voice-2.zip: 79%
4/10/2025, 7:47:20 PM GMT+3 [Modules] Streaming discord_voice@2 to /home/teotoivo/.config/discord/0.0.90/modules/pending/discord_voice-2.zip: 80%
4/10/2025, 7:47:20 PM GMT+3 [Modules] Streaming discord_voice@2 to /home/teotoivo/.config/discord/0.0.90/modules/pending/discord_voice-2.zip: 81%
4/10/2025, 7:47:20 PM GMT+3 [Modules] Streaming discord_voice@2 to /home/teotoivo/.config/discord/0.0.90/modules/pending/discord_voice-2.zip: 82%
4/10/2025, 7:47:20 PM GMT+3 [Modules] Streaming discord_voice@2 to /home/teotoivo/.config/discord/0.0.90/modules/pending/discord_voice-2.zip: 83%
4/10/2025, 7:47:20 PM GMT+3 [Modules] Streaming discord_voice@2 to /home/teotoivo/.config/discord/0.0.90/modules/pending/discord_voice-2.zip: 84%
4/10/2025, 7:47:20 PM GMT+3 [Modules] Streaming discord_voice@2 to /home/teotoivo/.config/discord/0.0.90/modules/pending/discord_voice-2.zip: 85%
4/10/2025, 7:47:20 PM GMT+3 [Modules] Streaming discord_voice@2 to /home/teotoivo/.config/discord/0.0.90/modules/pending/discord_voice-2.zip: 86%
4/10/2025, 7:47:20 PM GMT+3 [Modules] Streaming discord_voice@2 to /home/teotoivo/.config/discord/0.0.90/modules/pending/discord_voice-2.zip: 87%
4/10/2025, 7:47:20 PM GMT+3 [Modules] Streaming discord_voice@2 to /home/teotoivo/.config/discord/0.0.90/modules/pending/discord_voice-2.zip: 88%
4/10/2025, 7:47:20 PM GMT+3 [Modules] Streaming discord_voice@2 to /home/teotoivo/.config/discord/0.0.90/modules/pending/discord_voice-2.zip: 89%
4/10/2025, 7:47:20 PM GMT+3 [Modules] Streaming discord_voice@2 to /home/teotoivo/.config/discord/0.0.90/modules/pending/discord_voice-2.zip: 90%
4/10/2025, 7:47:20 PM GMT+3 [Modules] Streaming discord_voice@2 to /home/teotoivo/.config/discord/0.0.90/modules/pending/discord_voice-2.zip: 91%
4/10/2025, 7:47:20 PM GMT+3 [Modules] Streaming discord_voice@2 to /home/teotoivo/.config/discord/0.0.90/modules/pending/discord_voice-2.zip: 92%
4/10/2025, 7:47:20 PM GMT+3 [Modules] Streaming discord_voice@2 to /home/teotoivo/.config/discord/0.0.90/modules/pending/discord_voice-2.zip: 93%
4/10/2025, 7:47:20 PM GMT+3 [Modules] Streaming discord_voice@2 to /home/teotoivo/.config/discord/0.0.90/modules/pending/discord_voice-2.zip: 94%
4/10/2025, 7:47:20 PM GMT+3 [Modules] Streaming discord_voice@2 to /home/teotoivo/.config/discord/0.0.90/modules/pending/discord_voice-2.zip: 95%
4/10/2025, 7:47:20 PM GMT+3 [Modules] Streaming discord_voice@2 to /home/teotoivo/.config/discord/0.0.90/modules/pending/discord_voice-2.zip: 96%
4/10/2025, 7:47:20 PM GMT+3 [Modules] Streaming discord_voice@2 to /home/teotoivo/.config/discord/0.0.90/modules/pending/discord_voice-2.zip: 97%
4/10/2025, 7:47:20 PM GMT+3 [Modules] Streaming discord_voice@2 to /home/teotoivo/.config/discord/0.0.90/modules/pending/discord_voice-2.zip: 98%
4/10/2025, 7:47:20 PM GMT+3 [Modules] Streaming discord_voice@2 to /home/teotoivo/.config/discord/0.0.90/modules/pending/discord_voice-2.zip: 99%
4/10/2025, 7:47:20 PM GMT+3 [Modules] Streaming discord_voice@2 to /home/teotoivo/.config/discord/0.0.90/modules/pending/discord_voice-2.zip: 100%
4/10/2025, 7:47:20 PM GMT+3 [Modules] Fetching discord_zstd@1 from https://discord.com/api/modules/stable/discord_zstd/1
4/10/2025, 7:47:20 PM GMT+3 [Modules] Streaming discord_zstd@1 to /home/teotoivo/.config/discord/0.0.90/modules/pending/discord_zstd-1.zip
4/10/2025, 7:47:20 PM GMT+3 [Modules] Streaming discord_zstd@1 to /home/teotoivo/.config/discord/0.0.90/modules/pending/discord_zstd-1.zip: 4%
4/10/2025, 7:47:20 PM GMT+3 [Modules] Streaming discord_zstd@1 to /home/teotoivo/.config/discord/0.0.90/modules/pending/discord_zstd-1.zip: 6%
4/10/2025, 7:47:20 PM GMT+3 [Modules] Streaming discord_zstd@1 to /home/teotoivo/.config/discord/0.0.90/modules/pending/discord_zstd-1.zip: 11%
4/10/2025, 7:47:20 PM GMT+3 [Modules] Streaming discord_zstd@1 to /home/teotoivo/.config/discord/0.0.90/modules/pending/discord_zstd-1.zip: 15%
4/10/2025, 7:47:20 PM GMT+3 [Modules] Streaming discord_zstd@1 to /home/teotoivo/.config/discord/0.0.90/modules/pending/discord_zstd-1.zip: 17%
4/10/2025, 7:47:20 PM GMT+3 [Modules] Streaming discord_zstd@1 to /home/teotoivo/.config/discord/0.0.90/modules/pending/discord_zstd-1.zip: 18%
4/10/2025, 7:47:20 PM GMT+3 [Modules] Streaming discord_zstd@1 to /home/teotoivo/.config/discord/0.0.90/modules/pending/discord_zstd-1.zip: 20%
4/10/2025, 7:47:20 PM GMT+3 [Modules] Streaming discord_zstd@1 to /home/teotoivo/.config/discord/0.0.90/modules/pending/discord_zstd-1.zip: 22%
4/10/2025, 7:47:20 PM GMT+3 [Modules] Streaming discord_zstd@1 to /home/teotoivo/.config/discord/0.0.90/modules/pending/discord_zstd-1.zip: 27%
4/10/2025, 7:47:20 PM GMT+3 [Modules] Streaming discord_zstd@1 to /home/teotoivo/.config/discord/0.0.90/modules/pending/discord_zstd-1.zip: 28%
4/10/2025, 7:47:21 PM GMT+3 [Modules] Streaming discord_zstd@1 to /home/teotoivo/.config/discord/0.0.90/modules/pending/discord_zstd-1.zip: 29%
4/10/2025, 7:47:21 PM GMT+3 [Modules] Streaming discord_zstd@1 to /home/teotoivo/.config/discord/0.0.90/modules/pending/discord_zstd-1.zip: 34%
4/10/2025, 7:47:21 PM GMT+3 [Modules] Streaming discord_zstd@1 to /home/teotoivo/.config/discord/0.0.90/modules/pending/discord_zstd-1.zip: 43%
4/10/2025, 7:47:21 PM GMT+3 [Modules] Streaming discord_zstd@1 to /home/teotoivo/.config/discord/0.0.90/modules/pending/discord_zstd-1.zip: 46%
4/10/2025, 7:47:21 PM GMT+3 [Modules] Streaming discord_zstd@1 to /home/teotoivo/.config/discord/0.0.90/modules/pending/discord_zstd-1.zip: 49%
4/10/2025, 7:47:21 PM GMT+3 [Modules] Streaming discord_zstd@1 to /home/teotoivo/.config/discord/0.0.90/modules/pending/discord_zstd-1.zip: 51%
4/10/2025, 7:47:21 PM GMT+3 [Modules] Streaming discord_zstd@1 to /home/teotoivo/.config/discord/0.0.90/modules/pending/discord_zstd-1.zip: 61%
4/10/2025, 7:47:21 PM GMT+3 [Modules] Streaming discord_zstd@1 to /home/teotoivo/.config/discord/0.0.90/modules/pending/discord_zstd-1.zip: 69%
4/10/2025, 7:47:21 PM GMT+3 [Modules] Streaming discord_zstd@1 to /home/teotoivo/.config/discord/0.0.90/modules/pending/discord_zstd-1.zip: 70%
4/10/2025, 7:47:21 PM GMT+3 [Modules] Streaming discord_zstd@1 to /home/teotoivo/.config/discord/0.0.90/modules/pending/discord_zstd-1.zip: 80%
4/10/2025, 7:47:21 PM GMT+3 [Modules] Streaming discord_zstd@1 to /home/teotoivo/.config/discord/0.0.90/modules/pending/discord_zstd-1.zip: 87%
4/10/2025, 7:47:21 PM GMT+3 [Modules] Streaming discord_zstd@1 to /home/teotoivo/.config/discord/0.0.90/modules/pending/discord_zstd-1.zip: 88%
4/10/2025, 7:47:21 PM GMT+3 [Modules] Streaming discord_zstd@1 to /home/teotoivo/.config/discord/0.0.90/modules/pending/discord_zstd-1.zip: 89%
4/10/2025, 7:47:21 PM GMT+3 [Modules] Streaming discord_zstd@1 to /home/teotoivo/.config/discord/0.0.90/modules/pending/discord_zstd-1.zip: 93%
4/10/2025, 7:47:21 PM GMT+3 [Modules] Streaming discord_zstd@1 to /home/teotoivo/.config/discord/0.0.90/modules/pending/discord_zstd-1.zip: 94%
4/10/2025, 7:47:21 PM GMT+3 [Modules] Streaming discord_zstd@1 to /home/teotoivo/.config/discord/0.0.90/modules/pending/discord_zstd-1.zip: 97%
4/10/2025, 7:47:21 PM GMT+3 [Modules] Streaming discord_zstd@1 to /home/teotoivo/.config/discord/0.0.90/modules/pending/discord_zstd-1.zip: 100%
4/10/2025, 7:47:21 PM GMT+3 [Modules] Finished module downloads. [success: 6] [failure: 0]
4/10/2025, 7:47:21 PM GMT+3 [Modules] Installing updates...
4/10/2025, 7:47:21 PM GMT+3 [Modules] Installing discord_desktop_core@2 from /home/teotoivo/.config/discord/0.0.90/modules/pending/discord_desktop_core-2.zip
4/10/2025, 7:47:21 PM GMT+3 [Modules] Installing discord_erlpack@1 from /home/teotoivo/.config/discord/0.0.90/modules/pending/discord_erlpack-1.zip
4/10/2025, 7:47:21 PM GMT+3 [Modules] Installing discord_spellcheck@1 from /home/teotoivo/.config/discord/0.0.90/modules/pending/discord_spellcheck-1.zip
4/10/2025, 7:47:21 PM GMT+3 [Modules] Installing discord_utils@2 from /home/teotoivo/.config/discord/0.0.90/modules/pending/discord_utils-2.zip
4/10/2025, 7:47:22 PM GMT+3 [Modules] Installing discord_voice@2 from /home/teotoivo/.config/discord/0.0.90/modules/pending/discord_voice-2.zip
4/10/2025, 7:47:22 PM GMT+3 [Modules] Installing discord_zstd@1 from /home/teotoivo/.config/discord/0.0.90/modules/pending/discord_zstd-1.zip
4/10/2025, 7:47:22 PM GMT+3 [Modules] Finished module installations. [success: 6] [failure: 0]
4/10/2025, 7:47:22 PM GMT+3 [Modules] Checking for host updates.
4/10/2025, 7:47:22 PM GMT+3 [Modules] Host is up to date.
4/10/2025, 7:47:22 PM GMT+3 [Modules] Checking for module updates at https://discord.com/api/modules/stable/versions.json
4/10/2025, 7:47:22 PM GMT+3 [Modules] No module updates available.
4/10/2025, 7:47:25 PM GMT+3 [Modules] Starting to install discord_krisp...
4/10/2025, 7:47:25 PM GMT+3 [Modules] Fetching discord_krisp@1 from https://discord.com/api/modules/stable/discord_krisp/1
4/10/2025, 7:47:25 PM GMT+3 [Modules] Streaming discord_krisp@1 to /home/teotoivo/.config/discord/0.0.90/modules/pending/discord_krisp-1.zip
4/10/2025, 7:47:25 PM GMT+3 [Modules] Starting to install discord_game_utils...
4/10/2025, 7:47:26 PM GMT+3 [Modules] Streaming discord_krisp@1 to /home/teotoivo/.config/discord/0.0.90/modules/pending/discord_krisp-1.zip: 1%
4/10/2025, 7:47:26 PM GMT+3 [Modules] Streaming discord_krisp@1 to /home/teotoivo/.config/discord/0.0.90/modules/pending/discord_krisp-1.zip: 2%
4/10/2025, 7:47:26 PM GMT+3 [Modules] Streaming discord_krisp@1 to /home/teotoivo/.config/discord/0.0.90/modules/pending/discord_krisp-1.zip: 3%
4/10/2025, 7:47:26 PM GMT+3 [Modules] Streaming discord_krisp@1 to /home/teotoivo/.config/discord/0.0.90/modules/pending/discord_krisp-1.zip: 4%
4/10/2025, 7:47:26 PM GMT+3 [Modules] Streaming discord_krisp@1 to /home/teotoivo/.config/discord/0.0.90/modules/pending/discord_krisp-1.zip: 5%
4/10/2025, 7:47:26 PM GMT+3 [Modules] Streaming discord_krisp@1 to /home/teotoivo/.config/discord/0.0.90/modules/pending/discord_krisp-1.zip: 6%
4/10/2025, 7:47:26 PM GMT+3 [Modules] Streaming discord_krisp@1 to /home/teotoivo/.config/discord/0.0.90/modules/pending/discord_krisp-1.zip: 7%
4/10/2025, 7:47:26 PM GMT+3 [Modules] Streaming discord_krisp@1 to /home/teotoivo/.config/discord/0.0.90/modules/pending/discord_krisp-1.zip: 8%
4/10/2025, 7:47:26 PM GMT+3 [Modules] Streaming discord_krisp@1 to /home/teotoivo/.config/discord/0.0.90/modules/pending/discord_krisp-1.zip: 9%
4/10/2025, 7:47:26 PM GMT+3 [Modules] Streaming discord_krisp@1 to /home/teotoivo/.config/discord/0.0.90/modules/pending/discord_krisp-1.zip: 10%
4/10/2025, 7:47:26 PM GMT+3 [Modules] Streaming discord_krisp@1 to /home/teotoivo/.config/discord/0.0.90/modules/pending/discord_krisp-1.zip: 11%
4/10/2025, 7:47:26 PM GMT+3 [Modules] Streaming discord_krisp@1 to /home/teotoivo/.config/discord/0.0.90/modules/pending/discord_krisp-1.zip: 12%
4/10/2025, 7:47:26 PM GMT+3 [Modules] Streaming discord_krisp@1 to /home/teotoivo/.config/discord/0.0.90/modules/pending/discord_krisp-1.zip: 13%
4/10/2025, 7:47:26 PM GMT+3 [Modules] Streaming discord_krisp@1 to /home/teotoivo/.config/discord/0.0.90/modules/pending/discord_krisp-1.zip: 14%
4/10/2025, 7:47:26 PM GMT+3 [Modules] Streaming discord_krisp@1 to /home/teotoivo/.config/discord/0.0.90/modules/pending/discord_krisp-1.zip: 15%
4/10/2025, 7:47:26 PM GMT+3 [Modules] Streaming discord_krisp@1 to /home/teotoivo/.config/discord/0.0.90/modules/pending/discord_krisp-1.zip: 16%
4/10/2025, 7:47:26 PM GMT+3 [Modules] Streaming discord_krisp@1 to /home/teotoivo/.config/discord/0.0.90/modules/pending/discord_krisp-1.zip: 17%
4/10/2025, 7:47:26 PM GMT+3 [Modules] Streaming discord_krisp@1 to /home/teotoivo/.config/discord/0.0.90/modules/pending/discord_krisp-1.zip: 18%
4/10/2025, 7:47:26 PM GMT+3 [Modules] Streaming discord_krisp@1 to /home/teotoivo/.config/discord/0.0.90/modules/pending/discord_krisp-1.zip: 19%
4/10/2025, 7:47:26 PM GMT+3 [Modules] Streaming discord_krisp@1 to /home/teotoivo/.config/discord/0.0.90/modules/pending/discord_krisp-1.zip: 20%
4/10/2025, 7:47:26 PM GMT+3 [Modules] Streaming discord_krisp@1 to /home/teotoivo/.config/discord/0.0.90/modules/pending/discord_krisp-1.zip: 21%
4/10/2025, 7:47:26 PM GMT+3 [Modules] Streaming discord_krisp@1 to /home/teotoivo/.config/discord/0.0.90/modules/pending/discord_krisp-1.zip: 22%
4/10/2025, 7:47:27 PM GMT+3 [Modules] Streaming discord_krisp@1 to /home/teotoivo/.config/discord/0.0.90/modules/pending/discord_krisp-1.zip: 23%
4/10/2025, 7:47:27 PM GMT+3 [Modules] Streaming discord_krisp@1 to /home/teotoivo/.config/discord/0.0.90/modules/pending/discord_krisp-1.zip: 24%
4/10/2025, 7:47:27 PM GMT+3 [Modules] Streaming discord_krisp@1 to /home/teotoivo/.config/discord/0.0.90/modules/pending/discord_krisp-1.zip: 25%
4/10/2025, 7:47:27 PM GMT+3 [Modules] Streaming discord_krisp@1 to /home/teotoivo/.config/discord/0.0.90/modules/pending/discord_krisp-1.zip: 26%
4/10/2025, 7:47:27 PM GMT+3 [Modules] Streaming discord_krisp@1 to /home/teotoivo/.config/discord/0.0.90/modules/pending/discord_krisp-1.zip: 27%
4/10/2025, 7:47:27 PM GMT+3 [Modules] Streaming discord_krisp@1 to /home/teotoivo/.config/discord/0.0.90/modules/pending/discord_krisp-1.zip: 28%
4/10/2025, 7:47:27 PM GMT+3 [Modules] Streaming discord_krisp@1 to /home/teotoivo/.config/discord/0.0.90/modules/pending/discord_krisp-1.zip: 29%
4/10/2025, 7:47:27 PM GMT+3 [Modules] Streaming discord_krisp@1 to /home/teotoivo/.config/discord/0.0.90/modules/pending/discord_krisp-1.zip: 30%
4/10/2025, 7:47:27 PM GMT+3 [Modules] Streaming discord_krisp@1 to /home/teotoivo/.config/discord/0.0.90/modules/pending/discord_krisp-1.zip: 31%
4/10/2025, 7:47:27 PM GMT+3 [Modules] Streaming discord_krisp@1 to /home/teotoivo/.config/discord/0.0.90/modules/pending/discord_krisp-1.zip: 32%
4/10/2025, 7:47:27 PM GMT+3 [Modules] Streaming discord_krisp@1 to /home/teotoivo/.config/discord/0.0.90/modules/pending/discord_krisp-1.zip: 33%
4/10/2025, 7:47:27 PM GMT+3 [Modules] Streaming discord_krisp@1 to /home/teotoivo/.config/discord/0.0.90/modules/pending/discord_krisp-1.zip: 34%
4/10/2025, 7:47:27 PM GMT+3 [Modules] Streaming discord_krisp@1 to /home/teotoivo/.config/discord/0.0.90/modules/pending/discord_krisp-1.zip: 35%
4/10/2025, 7:47:27 PM GMT+3 [Modules] Streaming discord_krisp@1 to /home/teotoivo/.config/discord/0.0.90/modules/pending/discord_krisp-1.zip: 36%
4/10/2025, 7:47:27 PM GMT+3 [Modules] Streaming discord_krisp@1 to /home/teotoivo/.config/discord/0.0.90/modules/pending/discord_krisp-1.zip: 37%
4/10/2025, 7:47:27 PM GMT+3 [Modules] Streaming discord_krisp@1 to /home/teotoivo/.config/discord/0.0.90/modules/pending/discord_krisp-1.zip: 38%
4/10/2025, 7:47:27 PM GMT+3 [Modules] Streaming discord_krisp@1 to /home/teotoivo/.config/discord/0.0.90/modules/pending/discord_krisp-1.zip: 39%
4/10/2025, 7:47:27 PM GMT+3 [Modules] Streaming discord_krisp@1 to /home/teotoivo/.config/discord/0.0.90/modules/pending/discord_krisp-1.zip: 40%
4/10/2025, 7:47:27 PM GMT+3 [Modules] Streaming discord_krisp@1 to /home/teotoivo/.config/discord/0.0.90/modules/pending/discord_krisp-1.zip: 41%
4/10/2025, 7:47:27 PM GMT+3 [Modules] Streaming discord_krisp@1 to /home/teotoivo/.config/discord/0.0.90/modules/pending/discord_krisp-1.zip: 42%
4/10/2025, 7:47:27 PM GMT+3 [Modules] Streaming discord_krisp@1 to /home/teotoivo/.config/discord/0.0.90/modules/pending/discord_krisp-1.zip: 43%
4/10/2025, 7:47:27 PM GMT+3 [Modules] Streaming discord_krisp@1 to /home/teotoivo/.config/discord/0.0.90/modules/pending/discord_krisp-1.zip: 44%
4/10/2025, 7:47:27 PM GMT+3 [Modules] Streaming discord_krisp@1 to /home/teotoivo/.config/discord/0.0.90/modules/pending/discord_krisp-1.zip: 45%
4/10/2025, 7:47:27 PM GMT+3 [Modules] Streaming discord_krisp@1 to /home/teotoivo/.config/discord/0.0.90/modules/pending/discord_krisp-1.zip: 46%
4/10/2025, 7:47:27 PM GMT+3 [Modules] Streaming discord_krisp@1 to /home/teotoivo/.config/discord/0.0.90/modules/pending/discord_krisp-1.zip: 47%
4/10/2025, 7:47:27 PM GMT+3 [Modules] Streaming discord_krisp@1 to /home/teotoivo/.config/discord/0.0.90/modules/pending/discord_krisp-1.zip: 49%
4/10/2025, 7:47:27 PM GMT+3 [Modules] Streaming discord_krisp@1 to /home/teotoivo/.config/discord/0.0.90/modules/pending/discord_krisp-1.zip: 50%
4/10/2025, 7:47:27 PM GMT+3 [Modules] Streaming discord_krisp@1 to /home/teotoivo/.config/discord/0.0.90/modules/pending/discord_krisp-1.zip: 51%
4/10/2025, 7:47:27 PM GMT+3 [Modules] Streaming discord_krisp@1 to /home/teotoivo/.config/discord/0.0.90/modules/pending/discord_krisp-1.zip: 52%
4/10/2025, 7:47:27 PM GMT+3 [Modules] Streaming discord_krisp@1 to /home/teotoivo/.config/discord/0.0.90/modules/pending/discord_krisp-1.zip: 53%
4/10/2025, 7:47:27 PM GMT+3 [Modules] Streaming discord_krisp@1 to /home/teotoivo/.config/discord/0.0.90/modules/pending/discord_krisp-1.zip: 54%
4/10/2025, 7:47:27 PM GMT+3 [Modules] Streaming discord_krisp@1 to /home/teotoivo/.config/discord/0.0.90/modules/pending/discord_krisp-1.zip: 55%
4/10/2025, 7:47:27 PM GMT+3 [Modules] Streaming discord_krisp@1 to /home/teotoivo/.config/discord/0.0.90/modules/pending/discord_krisp-1.zip: 56%
4/10/2025, 7:47:27 PM GMT+3 [Modules] Streaming discord_krisp@1 to /home/teotoivo/.config/discord/0.0.90/modules/pending/discord_krisp-1.zip: 57%
4/10/2025, 7:47:27 PM GMT+3 [Modules] Streaming discord_krisp@1 to /home/teotoivo/.config/discord/0.0.90/modules/pending/discord_krisp-1.zip: 58%
4/10/2025, 7:47:27 PM GMT+3 [Modules] Streaming discord_krisp@1 to /home/teotoivo/.config/discord/0.0.90/modules/pending/discord_krisp-1.zip: 59%
4/10/2025, 7:47:27 PM GMT+3 [Modules] Streaming discord_krisp@1 to /home/teotoivo/.config/discord/0.0.90/modules/pending/discord_krisp-1.zip: 60%
4/10/2025, 7:47:27 PM GMT+3 [Modules] Streaming discord_krisp@1 to /home/teotoivo/.config/discord/0.0.90/modules/pending/discord_krisp-1.zip: 61%
4/10/2025, 7:47:27 PM GMT+3 [Modules] Streaming discord_krisp@1 to /home/teotoivo/.config/discord/0.0.90/modules/pending/discord_krisp-1.zip: 62%
4/10/2025, 7:47:27 PM GMT+3 [Modules] Streaming discord_krisp@1 to /home/teotoivo/.config/discord/0.0.90/modules/pending/discord_krisp-1.zip: 63%
4/10/2025, 7:47:27 PM GMT+3 [Modules] Streaming discord_krisp@1 to /home/teotoivo/.config/discord/0.0.90/modules/pending/discord_krisp-1.zip: 64%
4/10/2025, 7:47:27 PM GMT+3 [Modules] Streaming discord_krisp@1 to /home/teotoivo/.config/discord/0.0.90/modules/pending/discord_krisp-1.zip: 65%
4/10/2025, 7:47:27 PM GMT+3 [Modules] Streaming discord_krisp@1 to /home/teotoivo/.config/discord/0.0.90/modules/pending/discord_krisp-1.zip: 66%
4/10/2025, 7:47:28 PM GMT+3 [Modules] Streaming discord_krisp@1 to /home/teotoivo/.config/discord/0.0.90/modules/pending/discord_krisp-1.zip: 67%
4/10/2025, 7:47:28 PM GMT+3 [Modules] Streaming discord_krisp@1 to /home/teotoivo/.config/discord/0.0.90/modules/pending/discord_krisp-1.zip: 68%
4/10/2025, 7:47:28 PM GMT+3 [Modules] Streaming discord_krisp@1 to /home/teotoivo/.config/discord/0.0.90/modules/pending/discord_krisp-1.zip: 69%
4/10/2025, 7:47:28 PM GMT+3 [Modules] Streaming discord_krisp@1 to /home/teotoivo/.config/discord/0.0.90/modules/pending/discord_krisp-1.zip: 70%
4/10/2025, 7:47:28 PM GMT+3 [Modules] Streaming discord_krisp@1 to /home/teotoivo/.config/discord/0.0.90/modules/pending/discord_krisp-1.zip: 71%
4/10/2025, 7:47:28 PM GMT+3 [Modules] Streaming discord_krisp@1 to /home/teotoivo/.config/discord/0.0.90/modules/pending/discord_krisp-1.zip: 72%
4/10/2025, 7:47:28 PM GMT+3 [Modules] Streaming discord_krisp@1 to /home/teotoivo/.config/discord/0.0.90/modules/pending/discord_krisp-1.zip: 73%
4/10/2025, 7:47:28 PM GMT+3 [Modules] Streaming discord_krisp@1 to /home/teotoivo/.config/discord/0.0.90/modules/pending/discord_krisp-1.zip: 74%
4/10/2025, 7:47:28 PM GMT+3 [Modules] Streaming discord_krisp@1 to /home/teotoivo/.config/discord/0.0.90/modules/pending/discord_krisp-1.zip: 75%
4/10/2025, 7:47:28 PM GMT+3 [Modules] Streaming discord_krisp@1 to /home/teotoivo/.config/discord/0.0.90/modules/pending/discord_krisp-1.zip: 76%
4/10/2025, 7:47:28 PM GMT+3 [Modules] Streaming discord_krisp@1 to /home/teotoivo/.config/discord/0.0.90/modules/pending/discord_krisp-1.zip: 77%
4/10/2025, 7:47:28 PM GMT+3 [Modules] Streaming discord_krisp@1 to /home/teotoivo/.config/discord/0.0.90/modules/pending/discord_krisp-1.zip: 78%
4/10/2025, 7:47:28 PM GMT+3 [Modules] Streaming discord_krisp@1 to /home/teotoivo/.config/discord/0.0.90/modules/pending/discord_krisp-1.zip: 79%
4/10/2025, 7:47:28 PM GMT+3 [Modules] Streaming discord_krisp@1 to /home/teotoivo/.config/discord/0.0.90/modules/pending/discord_krisp-1.zip: 80%
4/10/2025, 7:47:28 PM GMT+3 [Modules] Streaming discord_krisp@1 to /home/teotoivo/.config/discord/0.0.90/modules/pending/discord_krisp-1.zip: 81%
4/10/2025, 7:47:28 PM GMT+3 [Modules] Streaming discord_krisp@1 to /home/teotoivo/.config/discord/0.0.90/modules/pending/discord_krisp-1.zip: 82%
4/10/2025, 7:47:28 PM GMT+3 [Modules] Streaming discord_krisp@1 to /home/teotoivo/.config/discord/0.0.90/modules/pending/discord_krisp-1.zip: 83%
4/10/2025, 7:47:28 PM GMT+3 [Modules] Streaming discord_krisp@1 to /home/teotoivo/.config/discord/0.0.90/modules/pending/discord_krisp-1.zip: 84%
4/10/2025, 7:47:28 PM GMT+3 [Modules] Streaming discord_krisp@1 to /home/teotoivo/.config/discord/0.0.90/modules/pending/discord_krisp-1.zip: 85%
4/10/2025, 7:47:28 PM GMT+3 [Modules] Streaming discord_krisp@1 to /home/teotoivo/.config/discord/0.0.90/modules/pending/discord_krisp-1.zip: 86%
4/10/2025, 7:47:28 PM GMT+3 [Modules] Streaming discord_krisp@1 to /home/teotoivo/.config/discord/0.0.90/modules/pending/discord_krisp-1.zip: 87%
4/10/2025, 7:47:28 PM GMT+3 [Modules] Streaming discord_krisp@1 to /home/teotoivo/.config/discord/0.0.90/modules/pending/discord_krisp-1.zip: 88%
4/10/2025, 7:47:28 PM GMT+3 [Modules] Streaming discord_krisp@1 to /home/teotoivo/.config/discord/0.0.90/modules/pending/discord_krisp-1.zip: 89%
4/10/2025, 7:47:28 PM GMT+3 [Modules] Streaming discord_krisp@1 to /home/teotoivo/.config/discord/0.0.90/modules/pending/discord_krisp-1.zip: 90%
4/10/2025, 7:47:28 PM GMT+3 [Modules] Streaming discord_krisp@1 to /home/teotoivo/.config/discord/0.0.90/modules/pending/discord_krisp-1.zip: 91%
4/10/2025, 7:47:28 PM GMT+3 [Modules] Streaming discord_krisp@1 to /home/teotoivo/.config/discord/0.0.90/modules/pending/discord_krisp-1.zip: 92%
4/10/2025, 7:47:28 PM GMT+3 [Modules] Streaming discord_krisp@1 to /home/teotoivo/.config/discord/0.0.90/modules/pending/discord_krisp-1.zip: 93%
4/10/2025, 7:47:28 PM GMT+3 [Modules] Streaming discord_krisp@1 to /home/teotoivo/.config/discord/0.0.90/modules/pending/discord_krisp-1.zip: 94%
4/10/2025, 7:47:29 PM GMT+3 [Modules] Streaming discord_krisp@1 to /home/teotoivo/.config/discord/0.0.90/modules/pending/discord_krisp-1.zip: 95%
4/10/2025, 7:47:29 PM GMT+3 [Modules] Streaming discord_krisp@1 to /home/teotoivo/.config/discord/0.0.90/modules/pending/discord_krisp-1.zip: 96%
4/10/2025, 7:47:29 PM GMT+3 [Modules] Streaming discord_krisp@1 to /home/teotoivo/.config/discord/0.0.90/modules/pending/discord_krisp-1.zip: 97%
4/10/2025, 7:47:29 PM GMT+3 [Modules] Streaming discord_krisp@1 to /home/teotoivo/.config/discord/0.0.90/modules/pending/discord_krisp-1.zip: 98%
4/10/2025, 7:47:29 PM GMT+3 [Modules] Streaming discord_krisp@1 to /home/teotoivo/.config/discord/0.0.90/modules/pending/discord_krisp-1.zip: 99%
4/10/2025, 7:47:29 PM GMT+3 [Modules] Streaming discord_krisp@1 to /home/teotoivo/.config/discord/0.0.90/modules/pending/discord_krisp-1.zip: 100%
4/10/2025, 7:47:29 PM GMT+3 [Modules] Fetching discord_game_utils@1 from https://discord.com/api/modules/stable/discord_game_utils/1
4/10/2025, 7:47:29 PM GMT+3 [Modules] Streaming discord_game_utils@1 to /home/teotoivo/.config/discord/0.0.90/modules/pending/discord_game_utils-1.zip
4/10/2025, 7:47:29 PM GMT+3 [Modules] Installing discord_krisp@1 from /home/teotoivo/.config/discord/0.0.90/modules/pending/discord_krisp-1.zip
4/10/2025, 7:47:29 PM GMT+3 [Modules] Streaming discord_game_utils@1 to /home/teotoivo/.config/discord/0.0.90/modules/pending/discord_game_utils-1.zip: 1%
4/10/2025, 7:47:29 PM GMT+3 [Modules] Streaming discord_game_utils@1 to /home/teotoivo/.config/discord/0.0.90/modules/pending/discord_game_utils-1.zip: 2%
4/10/2025, 7:47:29 PM GMT+3 [Modules] Streaming discord_game_utils@1 to /home/teotoivo/.config/discord/0.0.90/modules/pending/discord_game_utils-1.zip: 4%
4/10/2025, 7:47:29 PM GMT+3 [Modules] Streaming discord_game_utils@1 to /home/teotoivo/.config/discord/0.0.90/modules/pending/discord_game_utils-1.zip: 5%
4/10/2025, 7:47:29 PM GMT+3 [Modules] Streaming discord_game_utils@1 to /home/teotoivo/.config/discord/0.0.90/modules/pending/discord_game_utils-1.zip: 6%
4/10/2025, 7:47:29 PM GMT+3 [Modules] Streaming discord_game_utils@1 to /home/teotoivo/.config/discord/0.0.90/modules/pending/discord_game_utils-1.zip: 7%
4/10/2025, 7:47:29 PM GMT+3 [Modules] Streaming discord_game_utils@1 to /home/teotoivo/.config/discord/0.0.90/modules/pending/discord_game_utils-1.zip: 8%
4/10/2025, 7:47:29 PM GMT+3 [Modules] Streaming discord_game_utils@1 to /home/teotoivo/.config/discord/0.0.90/modules/pending/discord_game_utils-1.zip: 9%
4/10/2025, 7:47:29 PM GMT+3 [Modules] Streaming discord_game_utils@1 to /home/teotoivo/.config/discord/0.0.90/modules/pending/discord_game_utils-1.zip: 10%
4/10/2025, 7:47:29 PM GMT+3 [Modules] Streaming discord_game_utils@1 to /home/teotoivo/.config/discord/0.0.90/modules/pending/discord_game_utils-1.zip: 11%
4/10/2025, 7:47:29 PM GMT+3 [Modules] Streaming discord_game_utils@1 to /home/teotoivo/.config/discord/0.0.90/modules/pending/discord_game_utils-1.zip: 12%
4/10/2025, 7:47:29 PM GMT+3 [Modules] Streaming discord_game_utils@1 to /home/teotoivo/.config/discord/0.0.90/modules/pending/discord_game_utils-1.zip: 13%
4/10/2025, 7:47:29 PM GMT+3 [Modules] Checking for host updates.
4/10/2025, 7:47:29 PM GMT+3 [Modules] Streaming discord_game_utils@1 to /home/teotoivo/.config/discord/0.0.90/modules/pending/discord_game_utils-1.zip: 14%
4/10/2025, 7:47:29 PM GMT+3 [Modules] Streaming discord_game_utils@1 to /home/teotoivo/.config/discord/0.0.90/modules/pending/discord_game_utils-1.zip: 15%
4/10/2025, 7:47:29 PM GMT+3 [Modules] Streaming discord_game_utils@1 to /home/teotoivo/.config/discord/0.0.90/modules/pending/discord_game_utils-1.zip: 16%
4/10/2025, 7:47:29 PM GMT+3 [Modules] Streaming discord_game_utils@1 to /home/teotoivo/.config/discord/0.0.90/modules/pending/discord_game_utils-1.zip: 17%
4/10/2025, 7:47:29 PM GMT+3 [Modules] Streaming discord_game_utils@1 to /home/teotoivo/.config/discord/0.0.90/modules/pending/discord_game_utils-1.zip: 18%
4/10/2025, 7:47:29 PM GMT+3 [Modules] Streaming discord_game_utils@1 to /home/teotoivo/.config/discord/0.0.90/modules/pending/discord_game_utils-1.zip: 20%
4/10/2025, 7:47:29 PM GMT+3 [Modules] Streaming discord_game_utils@1 to /home/teotoivo/.config/discord/0.0.90/modules/pending/discord_game_utils-1.zip: 21%
4/10/2025, 7:47:29 PM GMT+3 [Modules] Streaming discord_game_utils@1 to /home/teotoivo/.config/discord/0.0.90/modules/pending/discord_game_utils-1.zip: 22%
4/10/2025, 7:47:29 PM GMT+3 [Modules] Streaming discord_game_utils@1 to /home/teotoivo/.config/discord/0.0.90/modules/pending/discord_game_utils-1.zip: 23%
4/10/2025, 7:47:29 PM GMT+3 [Modules] Streaming discord_game_utils@1 to /home/teotoivo/.config/discord/0.0.90/modules/pending/discord_game_utils-1.zip: 24%
4/10/2025, 7:47:29 PM GMT+3 [Modules] Streaming discord_game_utils@1 to /home/teotoivo/.config/discord/0.0.90/modules/pending/discord_game_utils-1.zip: 25%
4/10/2025, 7:47:29 PM GMT+3 [Modules] Streaming discord_game_utils@1 to /home/teotoivo/.config/discord/0.0.90/modules/pending/discord_game_utils-1.zip: 26%
4/10/2025, 7:47:29 PM GMT+3 [Modules] Streaming discord_game_utils@1 to /home/teotoivo/.config/discord/0.0.90/modules/pending/discord_game_utils-1.zip: 27%
4/10/2025, 7:47:29 PM GMT+3 [Modules] Streaming discord_game_utils@1 to /home/teotoivo/.config/discord/0.0.90/modules/pending/discord_game_utils-1.zip: 28%
4/10/2025, 7:47:29 PM GMT+3 [Modules] Streaming discord_game_utils@1 to /home/teotoivo/.config/discord/0.0.90/modules/pending/discord_game_utils-1.zip: 29%
4/10/2025, 7:47:29 PM GMT+3 [Modules] Streaming discord_game_utils@1 to /home/teotoivo/.config/discord/0.0.90/modules/pending/discord_game_utils-1.zip: 30%
4/10/2025, 7:47:29 PM GMT+3 [Modules] Streaming discord_game_utils@1 to /home/teotoivo/.config/discord/0.0.90/modules/pending/discord_game_utils-1.zip: 31%
4/10/2025, 7:47:29 PM GMT+3 [Modules] Streaming discord_game_utils@1 to /home/teotoivo/.config/discord/0.0.90/modules/pending/discord_game_utils-1.zip: 32%
4/10/2025, 7:47:29 PM GMT+3 [Modules] Streaming discord_game_utils@1 to /home/teotoivo/.config/discord/0.0.90/modules/pending/discord_game_utils-1.zip: 33%
4/10/2025, 7:47:29 PM GMT+3 [Modules] Streaming discord_game_utils@1 to /home/teotoivo/.config/discord/0.0.90/modules/pending/discord_game_utils-1.zip: 34%
4/10/2025, 7:47:29 PM GMT+3 [Modules] Streaming discord_game_utils@1 to /home/teotoivo/.config/discord/0.0.90/modules/pending/discord_game_utils-1.zip: 35%
4/10/2025, 7:47:29 PM GMT+3 [Modules] Streaming discord_game_utils@1 to /home/teotoivo/.config/discord/0.0.90/modules/pending/discord_game_utils-1.zip: 36%
4/10/2025, 7:47:29 PM GMT+3 [Modules] Starting to install discord_rpc...
4/10/2025, 7:47:29 PM GMT+3 [Modules] Streaming discord_game_utils@1 to /home/teotoivo/.config/discord/0.0.90/modules/pending/discord_game_utils-1.zip: 37%
4/10/2025, 7:47:29 PM GMT+3 [Modules] Streaming discord_game_utils@1 to /home/teotoivo/.config/discord/0.0.90/modules/pending/discord_game_utils-1.zip: 38%
4/10/2025, 7:47:29 PM GMT+3 [Modules] Streaming discord_game_utils@1 to /home/teotoivo/.config/discord/0.0.90/modules/pending/discord_game_utils-1.zip: 39%
4/10/2025, 7:47:29 PM GMT+3 [Modules] Streaming discord_game_utils@1 to /home/teotoivo/.config/discord/0.0.90/modules/pending/discord_game_utils-1.zip: 40%
4/10/2025, 7:47:29 PM GMT+3 [Modules] Streaming discord_game_utils@1 to /home/teotoivo/.config/discord/0.0.90/modules/pending/discord_game_utils-1.zip: 41%
4/10/2025, 7:47:29 PM GMT+3 [Modules] Streaming discord_game_utils@1 to /home/teotoivo/.config/discord/0.0.90/modules/pending/discord_game_utils-1.zip: 42%
4/10/2025, 7:47:29 PM GMT+3 [Modules] Streaming discord_game_utils@1 to /home/teotoivo/.config/discord/0.0.90/modules/pending/discord_game_utils-1.zip: 44%
4/10/2025, 7:47:29 PM GMT+3 [Modules] Streaming discord_game_utils@1 to /home/teotoivo/.config/discord/0.0.90/modules/pending/discord_game_utils-1.zip: 45%
4/10/2025, 7:47:29 PM GMT+3 [Modules] Streaming discord_game_utils@1 to /home/teotoivo/.config/discord/0.0.90/modules/pending/discord_game_utils-1.zip: 46%
4/10/2025, 7:47:29 PM GMT+3 [Modules] Streaming discord_game_utils@1 to /home/teotoivo/.config/discord/0.0.90/modules/pending/discord_game_utils-1.zip: 47%
4/10/2025, 7:47:29 PM GMT+3 [Modules] Streaming discord_game_utils@1 to /home/teotoivo/.config/discord/0.0.90/modules/pending/discord_game_utils-1.zip: 48%
4/10/2025, 7:47:29 PM GMT+3 [Modules] Streaming discord_game_utils@1 to /home/teotoivo/.config/discord/0.0.90/modules/pending/discord_game_utils-1.zip: 49%
4/10/2025, 7:47:29 PM GMT+3 [Modules] Streaming discord_game_utils@1 to /home/teotoivo/.config/discord/0.0.90/modules/pending/discord_game_utils-1.zip: 50%
4/10/2025, 7:47:29 PM GMT+3 [Modules] Streaming discord_game_utils@1 to /home/teotoivo/.config/discord/0.0.90/modules/pending/discord_game_utils-1.zip: 51%
4/10/2025, 7:47:29 PM GMT+3 [Modules] Streaming discord_game_utils@1 to /home/teotoivo/.config/discord/0.0.90/modules/pending/discord_game_utils-1.zip: 52%
4/10/2025, 7:47:29 PM GMT+3 [Modules] Streaming discord_game_utils@1 to /home/teotoivo/.config/discord/0.0.90/modules/pending/discord_game_utils-1.zip: 53%
4/10/2025, 7:47:29 PM GMT+3 [Modules] Streaming discord_game_utils@1 to /home/teotoivo/.config/discord/0.0.90/modules/pending/discord_game_utils-1.zip: 54%
4/10/2025, 7:47:29 PM GMT+3 [Modules] Streaming discord_game_utils@1 to /home/teotoivo/.config/discord/0.0.90/modules/pending/discord_game_utils-1.zip: 55%
4/10/2025, 7:47:29 PM GMT+3 [Modules] Streaming discord_game_utils@1 to /home/teotoivo/.config/discord/0.0.90/modules/pending/discord_game_utils-1.zip: 57%
4/10/2025, 7:47:29 PM GMT+3 [Modules] Streaming discord_game_utils@1 to /home/teotoivo/.config/discord/0.0.90/modules/pending/discord_game_utils-1.zip: 58%
4/10/2025, 7:47:29 PM GMT+3 [Modules] Streaming discord_game_utils@1 to /home/teotoivo/.config/discord/0.0.90/modules/pending/discord_game_utils-1.zip: 59%
4/10/2025, 7:47:29 PM GMT+3 [Modules] Streaming discord_game_utils@1 to /home/teotoivo/.config/discord/0.0.90/modules/pending/discord_game_utils-1.zip: 60%
4/10/2025, 7:47:29 PM GMT+3 [Modules] Streaming discord_game_utils@1 to /home/teotoivo/.config/discord/0.0.90/modules/pending/discord_game_utils-1.zip: 61%
4/10/2025, 7:47:29 PM GMT+3 [Modules] Streaming discord_game_utils@1 to /home/teotoivo/.config/discord/0.0.90/modules/pending/discord_game_utils-1.zip: 62%
4/10/2025, 7:47:29 PM GMT+3 [Modules] Streaming discord_game_utils@1 to /home/teotoivo/.config/discord/0.0.90/modules/pending/discord_game_utils-1.zip: 63%
4/10/2025, 7:47:29 PM GMT+3 [Modules] Streaming discord_game_utils@1 to /home/teotoivo/.config/discord/0.0.90/modules/pending/discord_game_utils-1.zip: 64%
4/10/2025, 7:47:29 PM GMT+3 [Modules] Streaming discord_game_utils@1 to /home/teotoivo/.config/discord/0.0.90/modules/pending/discord_game_utils-1.zip: 65%
4/10/2025, 7:47:29 PM GMT+3 [Modules] Streaming discord_game_utils@1 to /home/teotoivo/.config/discord/0.0.90/modules/pending/discord_game_utils-1.zip: 66%
4/10/2025, 7:47:29 PM GMT+3 [Modules] Streaming discord_game_utils@1 to /home/teotoivo/.config/discord/0.0.90/modules/pending/discord_game_utils-1.zip: 67%
4/10/2025, 7:47:29 PM GMT+3 [Modules] Streaming discord_game_utils@1 to /home/teotoivo/.config/discord/0.0.90/modules/pending/discord_game_utils-1.zip: 68%
4/10/2025, 7:47:29 PM GMT+3 [Modules] Streaming discord_game_utils@1 to /home/teotoivo/.config/discord/0.0.90/modules/pending/discord_game_utils-1.zip: 69%
4/10/2025, 7:47:29 PM GMT+3 [Modules] Streaming discord_game_utils@1 to /home/teotoivo/.config/discord/0.0.90/modules/pending/discord_game_utils-1.zip: 70%
4/10/2025, 7:47:29 PM GMT+3 [Modules] Streaming discord_game_utils@1 to /home/teotoivo/.config/discord/0.0.90/modules/pending/discord_game_utils-1.zip: 71%
4/10/2025, 7:47:29 PM GMT+3 [Modules] Streaming discord_game_utils@1 to /home/teotoivo/.config/discord/0.0.90/modules/pending/discord_game_utils-1.zip: 72%
4/10/2025, 7:47:29 PM GMT+3 [Modules] Streaming discord_game_utils@1 to /home/teotoivo/.config/discord/0.0.90/modules/pending/discord_game_utils-1.zip: 73%
4/10/2025, 7:47:29 PM GMT+3 [Modules] Finished module installations. [success: 1] [failure: 0]
4/10/2025, 7:47:29 PM GMT+3 [Modules] Streaming discord_game_utils@1 to /home/teotoivo/.config/discord/0.0.90/modules/pending/discord_game_utils-1.zip: 74%
4/10/2025, 7:47:29 PM GMT+3 [Modules] Streaming discord_game_utils@1 to /home/teotoivo/.config/discord/0.0.90/modules/pending/discord_game_utils-1.zip: 75%
4/10/2025, 7:47:29 PM GMT+3 [Modules] Streaming discord_game_utils@1 to /home/teotoivo/.config/discord/0.0.90/modules/pending/discord_game_utils-1.zip: 76%
4/10/2025, 7:47:29 PM GMT+3 [Modules] Streaming discord_game_utils@1 to /home/teotoivo/.config/discord/0.0.90/modules/pending/discord_game_utils-1.zip: 77%
4/10/2025, 7:47:29 PM GMT+3 [Modules] Streaming discord_game_utils@1 to /home/teotoivo/.config/discord/0.0.90/modules/pending/discord_game_utils-1.zip: 78%
4/10/2025, 7:47:29 PM GMT+3 [Modules] Streaming discord_game_utils@1 to /home/teotoivo/.config/discord/0.0.90/modules/pending/discord_game_utils-1.zip: 79%
4/10/2025, 7:47:29 PM GMT+3 [Modules] Streaming discord_game_utils@1 to /home/teotoivo/.config/discord/0.0.90/modules/pending/discord_game_utils-1.zip: 80%
4/10/2025, 7:47:29 PM GMT+3 [Modules] Streaming discord_game_utils@1 to /home/teotoivo/.config/discord/0.0.90/modules/pending/discord_game_utils-1.zip: 81%
4/10/2025, 7:47:29 PM GMT+3 [Modules] Streaming discord_game_utils@1 to /home/teotoivo/.config/discord/0.0.90/modules/pending/discord_game_utils-1.zip: 82%
4/10/2025, 7:47:29 PM GMT+3 [Modules] Streaming discord_game_utils@1 to /home/teotoivo/.config/discord/0.0.90/modules/pending/discord_game_utils-1.zip: 83%
4/10/2025, 7:47:29 PM GMT+3 [Modules] Streaming discord_game_utils@1 to /home/teotoivo/.config/discord/0.0.90/modules/pending/discord_game_utils-1.zip: 84%
4/10/2025, 7:47:29 PM GMT+3 [Modules] Streaming discord_game_utils@1 to /home/teotoivo/.config/discord/0.0.90/modules/pending/discord_game_utils-1.zip: 85%
4/10/2025, 7:47:29 PM GMT+3 [Modules] Streaming discord_game_utils@1 to /home/teotoivo/.config/discord/0.0.90/modules/pending/discord_game_utils-1.zip: 86%
4/10/2025, 7:47:29 PM GMT+3 [Modules] Streaming discord_game_utils@1 to /home/teotoivo/.config/discord/0.0.90/modules/pending/discord_game_utils-1.zip: 87%
4/10/2025, 7:47:29 PM GMT+3 [Modules] Streaming discord_game_utils@1 to /home/teotoivo/.config/discord/0.0.90/modules/pending/discord_game_utils-1.zip: 88%
4/10/2025, 7:47:30 PM GMT+3 [Modules] Streaming discord_game_utils@1 to /home/teotoivo/.config/discord/0.0.90/modules/pending/discord_game_utils-1.zip: 89%
4/10/2025, 7:47:30 PM GMT+3 [Modules] Streaming discord_game_utils@1 to /home/teotoivo/.config/discord/0.0.90/modules/pending/discord_game_utils-1.zip: 90%
4/10/2025, 7:47:30 PM GMT+3 [Modules] Streaming discord_game_utils@1 to /home/teotoivo/.config/discord/0.0.90/modules/pending/discord_game_utils-1.zip: 91%
4/10/2025, 7:47:30 PM GMT+3 [Modules] Streaming discord_game_utils@1 to /home/teotoivo/.config/discord/0.0.90/modules/pending/discord_game_utils-1.zip: 92%
4/10/2025, 7:47:30 PM GMT+3 [Modules] Streaming discord_game_utils@1 to /home/teotoivo/.config/discord/0.0.90/modules/pending/discord_game_utils-1.zip: 93%
4/10/2025, 7:47:30 PM GMT+3 [Modules] Streaming discord_game_utils@1 to /home/teotoivo/.config/discord/0.0.90/modules/pending/discord_game_utils-1.zip: 94%
4/10/2025, 7:47:30 PM GMT+3 [Modules] Streaming discord_game_utils@1 to /home/teotoivo/.config/discord/0.0.90/modules/pending/discord_game_utils-1.zip: 95%
4/10/2025, 7:47:30 PM GMT+3 [Modules] Streaming discord_game_utils@1 to /home/teotoivo/.config/discord/0.0.90/modules/pending/discord_game_utils-1.zip: 97%
4/10/2025, 7:47:30 PM GMT+3 [Modules] Streaming discord_game_utils@1 to /home/teotoivo/.config/discord/0.0.90/modules/pending/discord_game_utils-1.zip: 98%
4/10/2025, 7:47:30 PM GMT+3 [Modules] Streaming discord_game_utils@1 to /home/teotoivo/.config/discord/0.0.90/modules/pending/discord_game_utils-1.zip: 99%
4/10/2025, 7:47:30 PM GMT+3 [Modules] Streaming discord_game_utils@1 to /home/teotoivo/.config/discord/0.0.90/modules/pending/discord_game_utils-1.zip: 100%
4/10/2025, 7:47:30 PM GMT+3 [Modules] Fetching discord_rpc@1 from https://discord.com/api/modules/stable/discord_rpc/1
4/10/2025, 7:47:30 PM GMT+3 [Modules] Streaming discord_rpc@1 to /home/teotoivo/.config/discord/0.0.90/modules/pending/discord_rpc-1.zip
4/10/2025, 7:47:30 PM GMT+3 [Modules] Installing discord_game_utils@1 from /home/teotoivo/.config/discord/0.0.90/modules/pending/discord_game_utils-1.zip
4/10/2025, 7:47:30 PM GMT+3 [Modules] Host is up to date.
4/10/2025, 7:47:30 PM GMT+3 [Modules] Checking for module updates at https://discord.com/api/modules/stable/versions.json
4/10/2025, 7:47:30 PM GMT+3 [Modules] No module updates available.
4/10/2025, 7:47:30 PM GMT+3 [Modules] Finished module installations. [success: 1] [failure: 0]
4/10/2025, 7:47:30 PM GMT+3 [Modules] Streaming discord_rpc@1 to /home/teotoivo/.config/discord/0.0.90/modules/pending/discord_rpc-1.zip: 14%
4/10/2025, 7:47:30 PM GMT+3 [Modules] Streaming discord_rpc@1 to /home/teotoivo/.config/discord/0.0.90/modules/pending/discord_rpc-1.zip: 37%
4/10/2025, 7:47:30 PM GMT+3 [Modules] Streaming discord_rpc@1 to /home/teotoivo/.config/discord/0.0.90/modules/pending/discord_rpc-1.zip: 52%
4/10/2025, 7:47:30 PM GMT+3 [Modules] Streaming discord_rpc@1 to /home/teotoivo/.config/discord/0.0.90/modules/pending/discord_rpc-1.zip: 93%
4/10/2025, 7:47:30 PM GMT+3 [Modules] Streaming discord_rpc@1 to /home/teotoivo/.config/discord/0.0.90/modules/pending/discord_rpc-1.zip: 100%
4/10/2025, 7:47:30 PM GMT+3 [Modules] Finished module downloads. [success: 3] [failure: 0]
4/10/2025, 7:47:30 PM GMT+3 [Modules] Installing discord_rpc@1 from /home/teotoivo/.config/discord/0.0.90/modules/pending/discord_rpc-1.zip
4/10/2025, 7:47:30 PM GMT+3 [Modules] Finished module installations. [success: 1] [failure: 0]
4/10/2025, 7:48:21 PM GMT+3 [Modules] Modules initializing
4/10/2025, 7:48:21 PM GMT+3 [Modules] Distribution: remote
4/10/2025, 7:48:21 PM GMT+3 [Modules] Host updates: enabled
4/10/2025, 7:48:21 PM GMT+3 [Modules] Module updates: enabled
4/10/2025, 7:48:21 PM GMT+3 [Modules] Module install path: /home/teotoivo/.config/discord/0.0.90/modules
4/10/2025, 7:48:21 PM GMT+3 [Modules] Module installed file path: /home/teotoivo/.config/discord/0.0.90/modules/installed.json
4/10/2025, 7:48:21 PM GMT+3 [Modules] Module download path: /home/teotoivo/.config/discord/0.0.90/modules/pending
4/10/2025, 7:48:21 PM GMT+3 [Modules] No updates to install
4/10/2025, 7:48:21 PM GMT+3 [Modules] Checking for host updates.
4/10/2025, 7:48:22 PM GMT+3 [Modules] Host is up to date.
4/10/2025, 7:48:22 PM GMT+3 [Modules] Checking for module updates at https://discord.com/api/modules/stable/versions.json
4/10/2025, 7:48:22 PM GMT+3 [Modules] No module updates available.
4/10/2025, 7:48:24 PM GMT+3 [Modules] Checking for host updates.
4/10/2025, 7:48:24 PM GMT+3 [Modules] Host is up to date.
4/10/2025, 7:48:24 PM GMT+3 [Modules] Checking for module updates at https://discord.com/api/modules/stable/versions.json
4/10/2025, 7:48:24 PM GMT+3 [Modules] No module updates available.
4/10/2025, 7:48:25 PM GMT+3 [Modules] Checking for host updates.
4/10/2025, 7:48:25 PM GMT+3 [Modules] Host is up to date.
4/10/2025, 7:48:25 PM GMT+3 [Modules] Checking for module updates at https://discord.com/api/modules/stable/versions.json
4/10/2025, 7:48:25 PM GMT+3 [Modules] No module updates available.
