[2025-04-10 19:47:12.301] [info]  DiscordSplash.signalReady
[2025-04-10 19:47:12.307] [info]  DiscordSplash.onStateUpdate: {"status":"installing-updates","current":1,"total":6}
[2025-04-10 19:47:12.307] [info]  Splash.onStateUpdate: {"status":"installing-updates","current":1,"total":6}
[2025-04-10 19:47:12.309] [info]  DiscordSplash.onStateUpdate: {"status":"installing-updates","current":2,"total":6}
[2025-04-10 19:47:12.309] [info]  Splash.onStateUpdate: {"status":"installing-updates","current":2,"total":6}
[2025-04-10 19:47:12.310] [info]  DiscordSplash.onStateUpdate: {"status":"installing-updates","current":3,"total":6}
[2025-04-10 19:47:12.310] [info]  Splash.onStateUpdate: {"status":"installing-updates","current":3,"total":6}
[2025-04-10 19:47:12.320] [info]  DiscordSplash.onStateUpdate: {"status":"installing-updates","current":4,"total":6}
[2025-04-10 19:47:12.320] [info]  Splash.onStateUpdate: {"status":"installing-updates","current":4,"total":6}
[2025-04-10 19:47:12.321] [info]  DiscordSplash.onStateUpdate: {"status":"installing-updates","current":5,"total":6}
[2025-04-10 19:47:12.321] [info]  Splash.onStateUpdate: {"status":"installing-updates","current":5,"total":6}
[2025-04-10 19:47:12.321] [info]  DiscordSplash.onStateUpdate: {"status":"installing-updates","current":6,"total":6}
[2025-04-10 19:47:12.322] [info]  Splash.onStateUpdate: {"status":"installing-updates","current":6,"total":6}
[2025-04-10 19:47:12.322] [info]  DiscordSplash.onStateUpdate: {"status":"checking-for-updates","current":6,"total":6}
[2025-04-10 19:47:12.322] [info]  Splash.onStateUpdate: {"status":"checking-for-updates","current":6,"total":6}
[2025-04-10 19:47:12.746] [info]  DiscordSplash.onStateUpdate: {"status":"downloading-updates","current":1,"total":6}
[2025-04-10 19:47:12.746] [info]  Splash.onStateUpdate: {"status":"downloading-updates","current":1,"total":6}
[2025-04-10 19:47:13.265] [info]  DiscordSplash.onStateUpdate: {"status":"downloading-updates","current":1,"total":6,"progress":1}
[2025-04-10 19:47:13.265] [info]  Splash.onStateUpdate: {"status":"downloading-updates","current":1,"total":6,"progress":1}
[2025-04-10 19:47:13.270] [info]  DiscordSplash.onStateUpdate: {"status":"downloading-updates","current":1,"total":6,"progress":2}
[2025-04-10 19:47:13.271] [info]  Splash.onStateUpdate: {"status":"downloading-updates","current":1,"total":6,"progress":2}
[2025-04-10 19:47:13.301] [info]  Splash.updateCountdownSeconds: undefined
[2025-04-10 19:47:13.305] [info]  DiscordSplash.onStateUpdate: {"status":"downloading-updates","current":1,"total":6,"progress":3}
[2025-04-10 19:47:13.306] [info]  Splash.onStateUpdate: {"status":"downloading-updates","current":1,"total":6,"progress":3}
[2025-04-10 19:47:13.315] [info]  DiscordSplash.onStateUpdate: {"status":"downloading-updates","current":1,"total":6,"progress":4}
[2025-04-10 19:47:13.315] [info]  Splash.onStateUpdate: {"status":"downloading-updates","current":1,"total":6,"progress":4}
[2025-04-10 19:47:13.352] [info]  DiscordSplash.onStateUpdate: {"status":"downloading-updates","current":1,"total":6,"progress":5}
[2025-04-10 19:47:13.352] [info]  Splash.onStateUpdate: {"status":"downloading-updates","current":1,"total":6,"progress":5}
[2025-04-10 19:47:13.361] [info]  DiscordSplash.onStateUpdate: {"status":"downloading-updates","current":1,"total":6,"progress":6}
[2025-04-10 19:47:13.362] [info]  Splash.onStateUpdate: {"status":"downloading-updates","current":1,"total":6,"progress":6}
[2025-04-10 19:47:13.369] [info]  DiscordSplash.onStateUpdate: {"status":"downloading-updates","current":1,"total":6,"progress":7}
[2025-04-10 19:47:13.369] [info]  Splash.onStateUpdate: {"status":"downloading-updates","current":1,"total":6,"progress":7}
[2025-04-10 19:47:13.379] [info]  DiscordSplash.onStateUpdate: {"status":"downloading-updates","current":1,"total":6,"progress":8}
[2025-04-10 19:47:13.379] [info]  Splash.onStateUpdate: {"status":"downloading-updates","current":1,"total":6,"progress":8}
[2025-04-10 19:47:13.385] [info]  DiscordSplash.onStateUpdate: {"status":"downloading-updates","current":1,"total":6,"progress":9}
[2025-04-10 19:47:13.385] [info]  Splash.onStateUpdate: {"status":"downloading-updates","current":1,"total":6,"progress":9}
[2025-04-10 19:47:13.389] [info]  DiscordSplash.onStateUpdate: {"status":"downloading-updates","current":1,"total":6,"progress":10}
[2025-04-10 19:47:13.389] [info]  Splash.onStateUpdate: {"status":"downloading-updates","current":1,"total":6,"progress":10}
[2025-04-10 19:47:13.404] [info]  DiscordSplash.onStateUpdate: {"status":"downloading-updates","current":1,"total":6,"progress":11}
[2025-04-10 19:47:13.404] [info]  Splash.onStateUpdate: {"status":"downloading-updates","current":1,"total":6,"progress":11}
[2025-04-10 19:47:13.410] [info]  DiscordSplash.onStateUpdate: {"status":"downloading-updates","current":1,"total":6,"progress":12}
[2025-04-10 19:47:13.411] [info]  Splash.onStateUpdate: {"status":"downloading-updates","current":1,"total":6,"progress":12}
[2025-04-10 19:47:13.434] [info]  DiscordSplash.onStateUpdate: {"status":"downloading-updates","current":1,"total":6,"progress":13}
[2025-04-10 19:47:13.435] [info]  Splash.onStateUpdate: {"status":"downloading-updates","current":1,"total":6,"progress":13}
[2025-04-10 19:47:13.445] [info]  DiscordSplash.onStateUpdate: {"status":"downloading-updates","current":1,"total":6,"progress":14}
[2025-04-10 19:47:13.446] [info]  Splash.onStateUpdate: {"status":"downloading-updates","current":1,"total":6,"progress":14}
[2025-04-10 19:47:13.453] [info]  DiscordSplash.onStateUpdate: {"status":"downloading-updates","current":1,"total":6,"progress":15}
[2025-04-10 19:47:13.453] [info]  Splash.onStateUpdate: {"status":"downloading-updates","current":1,"total":6,"progress":15}
[2025-04-10 19:47:13.468] [info]  DiscordSplash.onStateUpdate: {"status":"downloading-updates","current":1,"total":6,"progress":16}
[2025-04-10 19:47:13.468] [info]  Splash.onStateUpdate: {"status":"downloading-updates","current":1,"total":6,"progress":16}
[2025-04-10 19:47:13.473] [info]  DiscordSplash.onStateUpdate: {"status":"downloading-updates","current":1,"total":6,"progress":17}
[2025-04-10 19:47:13.474] [info]  Splash.onStateUpdate: {"status":"downloading-updates","current":1,"total":6,"progress":17}
[2025-04-10 19:47:13.489] [info]  DiscordSplash.onStateUpdate: {"status":"downloading-updates","current":1,"total":6,"progress":18}
[2025-04-10 19:47:13.490] [info]  Splash.onStateUpdate: {"status":"downloading-updates","current":1,"total":6,"progress":18}
[2025-04-10 19:47:13.500] [info]  DiscordSplash.onStateUpdate: {"status":"downloading-updates","current":1,"total":6,"progress":19}
[2025-04-10 19:47:13.501] [info]  Splash.onStateUpdate: {"status":"downloading-updates","current":1,"total":6,"progress":19}
[2025-04-10 19:47:13.504] [info]  DiscordSplash.onStateUpdate: {"status":"downloading-updates","current":1,"total":6,"progress":20}
[2025-04-10 19:47:13.504] [info]  Splash.onStateUpdate: {"status":"downloading-updates","current":1,"total":6,"progress":20}
[2025-04-10 19:47:13.526] [info]  DiscordSplash.onStateUpdate: {"status":"downloading-updates","current":1,"total":6,"progress":21}
[2025-04-10 19:47:13.526] [info]  Splash.onStateUpdate: {"status":"downloading-updates","current":1,"total":6,"progress":21}
[2025-04-10 19:47:13.535] [info]  DiscordSplash.onStateUpdate: {"status":"downloading-updates","current":1,"total":6,"progress":22}
[2025-04-10 19:47:13.536] [info]  Splash.onStateUpdate: {"status":"downloading-updates","current":1,"total":6,"progress":22}
[2025-04-10 19:47:13.549] [info]  DiscordSplash.onStateUpdate: {"status":"downloading-updates","current":1,"total":6,"progress":23}
[2025-04-10 19:47:13.550] [info]  Splash.onStateUpdate: {"status":"downloading-updates","current":1,"total":6,"progress":23}
[2025-04-10 19:47:13.576] [info]  DiscordSplash.onStateUpdate: {"status":"downloading-updates","current":1,"total":6,"progress":24}
[2025-04-10 19:47:13.577] [info]  Splash.onStateUpdate: {"status":"downloading-updates","current":1,"total":6,"progress":24}
[2025-04-10 19:47:13.583] [info]  DiscordSplash.onStateUpdate: {"status":"downloading-updates","current":1,"total":6,"progress":25}
[2025-04-10 19:47:13.583] [info]  Splash.onStateUpdate: {"status":"downloading-updates","current":1,"total":6,"progress":25}
[2025-04-10 19:47:13.592] [info]  DiscordSplash.onStateUpdate: {"status":"downloading-updates","current":1,"total":6,"progress":26}
[2025-04-10 19:47:13.593] [info]  Splash.onStateUpdate: {"status":"downloading-updates","current":1,"total":6,"progress":26}
[2025-04-10 19:47:13.599] [info]  DiscordSplash.onStateUpdate: {"status":"downloading-updates","current":1,"total":6,"progress":27}
[2025-04-10 19:47:13.599] [info]  Splash.onStateUpdate: {"status":"downloading-updates","current":1,"total":6,"progress":27}
[2025-04-10 19:47:13.622] [info]  DiscordSplash.onStateUpdate: {"status":"downloading-updates","current":1,"total":6,"progress":29}
[2025-04-10 19:47:13.622] [info]  Splash.onStateUpdate: {"status":"downloading-updates","current":1,"total":6,"progress":29}
[2025-04-10 19:47:13.629] [info]  DiscordSplash.onStateUpdate: {"status":"downloading-updates","current":1,"total":6,"progress":30}
[2025-04-10 19:47:13.630] [info]  Splash.onStateUpdate: {"status":"downloading-updates","current":1,"total":6,"progress":30}
[2025-04-10 19:47:13.647] [info]  DiscordSplash.onStateUpdate: {"status":"downloading-updates","current":1,"total":6,"progress":31}
[2025-04-10 19:47:13.647] [info]  Splash.onStateUpdate: {"status":"downloading-updates","current":1,"total":6,"progress":31}
[2025-04-10 19:47:13.651] [info]  DiscordSplash.onStateUpdate: {"status":"downloading-updates","current":1,"total":6,"progress":32}
[2025-04-10 19:47:13.652] [info]  Splash.onStateUpdate: {"status":"downloading-updates","current":1,"total":6,"progress":32}
[2025-04-10 19:47:13.659] [info]  DiscordSplash.onStateUpdate: {"status":"downloading-updates","current":1,"total":6,"progress":33}
[2025-04-10 19:47:13.659] [info]  Splash.onStateUpdate: {"status":"downloading-updates","current":1,"total":6,"progress":33}
[2025-04-10 19:47:13.664] [info]  DiscordSplash.onStateUpdate: {"status":"downloading-updates","current":1,"total":6,"progress":34}
[2025-04-10 19:47:13.664] [info]  Splash.onStateUpdate: {"status":"downloading-updates","current":1,"total":6,"progress":34}
[2025-04-10 19:47:13.683] [info]  DiscordSplash.onStateUpdate: {"status":"downloading-updates","current":1,"total":6,"progress":35}
[2025-04-10 19:47:13.684] [info]  Splash.onStateUpdate: {"status":"downloading-updates","current":1,"total":6,"progress":35}
[2025-04-10 19:47:13.692] [info]  DiscordSplash.onStateUpdate: {"status":"downloading-updates","current":1,"total":6,"progress":36}
[2025-04-10 19:47:13.693] [info]  Splash.onStateUpdate: {"status":"downloading-updates","current":1,"total":6,"progress":36}
[2025-04-10 19:47:13.696] [info]  DiscordSplash.onStateUpdate: {"status":"downloading-updates","current":1,"total":6,"progress":37}
[2025-04-10 19:47:13.696] [info]  Splash.onStateUpdate: {"status":"downloading-updates","current":1,"total":6,"progress":37}
[2025-04-10 19:47:13.713] [info]  DiscordSplash.onStateUpdate: {"status":"downloading-updates","current":1,"total":6,"progress":38}
[2025-04-10 19:47:13.713] [info]  Splash.onStateUpdate: {"status":"downloading-updates","current":1,"total":6,"progress":38}
[2025-04-10 19:47:13.718] [info]  DiscordSplash.onStateUpdate: {"status":"downloading-updates","current":1,"total":6,"progress":39}
[2025-04-10 19:47:13.718] [info]  Splash.onStateUpdate: {"status":"downloading-updates","current":1,"total":6,"progress":39}
[2025-04-10 19:47:13.724] [info]  DiscordSplash.onStateUpdate: {"status":"downloading-updates","current":1,"total":6,"progress":40}
[2025-04-10 19:47:13.724] [info]  Splash.onStateUpdate: {"status":"downloading-updates","current":1,"total":6,"progress":40}
[2025-04-10 19:47:13.728] [info]  DiscordSplash.onStateUpdate: {"status":"downloading-updates","current":1,"total":6,"progress":41}
[2025-04-10 19:47:13.729] [info]  Splash.onStateUpdate: {"status":"downloading-updates","current":1,"total":6,"progress":41}
[2025-04-10 19:47:13.739] [info]  DiscordSplash.onStateUpdate: {"status":"downloading-updates","current":1,"total":6,"progress":42}
[2025-04-10 19:47:13.739] [info]  Splash.onStateUpdate: {"status":"downloading-updates","current":1,"total":6,"progress":42}
[2025-04-10 19:47:13.751] [info]  DiscordSplash.onStateUpdate: {"status":"downloading-updates","current":1,"total":6,"progress":43}
[2025-04-10 19:47:13.751] [info]  Splash.onStateUpdate: {"status":"downloading-updates","current":1,"total":6,"progress":43}
[2025-04-10 19:47:13.752] [info]  DiscordSplash.onStateUpdate: {"status":"downloading-updates","current":1,"total":6,"progress":44}
[2025-04-10 19:47:13.753] [info]  Splash.onStateUpdate: {"status":"downloading-updates","current":1,"total":6,"progress":44}
[2025-04-10 19:47:13.756] [info]  DiscordSplash.onStateUpdate: {"status":"downloading-updates","current":1,"total":6,"progress":45}
[2025-04-10 19:47:13.756] [info]  Splash.onStateUpdate: {"status":"downloading-updates","current":1,"total":6,"progress":45}
[2025-04-10 19:47:13.772] [info]  DiscordSplash.onStateUpdate: {"status":"downloading-updates","current":1,"total":6,"progress":46}
[2025-04-10 19:47:13.772] [info]  Splash.onStateUpdate: {"status":"downloading-updates","current":1,"total":6,"progress":46}
[2025-04-10 19:47:13.778] [info]  DiscordSplash.onStateUpdate: {"status":"downloading-updates","current":1,"total":6,"progress":47}
[2025-04-10 19:47:13.778] [info]  Splash.onStateUpdate: {"status":"downloading-updates","current":1,"total":6,"progress":47}
[2025-04-10 19:47:13.808] [info]  DiscordSplash.onStateUpdate: {"status":"downloading-updates","current":1,"total":6,"progress":48}
[2025-04-10 19:47:13.808] [info]  Splash.onStateUpdate: {"status":"downloading-updates","current":1,"total":6,"progress":48}
[2025-04-10 19:47:13.810] [info]  DiscordSplash.onStateUpdate: {"status":"downloading-updates","current":1,"total":6,"progress":49}
[2025-04-10 19:47:13.811] [info]  Splash.onStateUpdate: {"status":"downloading-updates","current":1,"total":6,"progress":49}
[2025-04-10 19:47:13.813] [info]  DiscordSplash.onStateUpdate: {"status":"downloading-updates","current":1,"total":6,"progress":50}
[2025-04-10 19:47:13.813] [info]  Splash.onStateUpdate: {"status":"downloading-updates","current":1,"total":6,"progress":50}
[2025-04-10 19:47:13.819] [info]  DiscordSplash.onStateUpdate: {"status":"downloading-updates","current":1,"total":6,"progress":51}
[2025-04-10 19:47:13.819] [info]  Splash.onStateUpdate: {"status":"downloading-updates","current":1,"total":6,"progress":51}
[2025-04-10 19:47:13.826] [info]  DiscordSplash.onStateUpdate: {"status":"downloading-updates","current":1,"total":6,"progress":52}
[2025-04-10 19:47:13.826] [info]  Splash.onStateUpdate: {"status":"downloading-updates","current":1,"total":6,"progress":52}
[2025-04-10 19:47:13.827] [info]  DiscordSplash.onStateUpdate: {"status":"downloading-updates","current":1,"total":6,"progress":53}
[2025-04-10 19:47:13.828] [info]  Splash.onStateUpdate: {"status":"downloading-updates","current":1,"total":6,"progress":53}
[2025-04-10 19:47:13.841] [info]  DiscordSplash.onStateUpdate: {"status":"downloading-updates","current":1,"total":6,"progress":54}
[2025-04-10 19:47:13.841] [info]  Splash.onStateUpdate: {"status":"downloading-updates","current":1,"total":6,"progress":54}
[2025-04-10 19:47:13.847] [info]  DiscordSplash.onStateUpdate: {"status":"downloading-updates","current":1,"total":6,"progress":55}
[2025-04-10 19:47:13.847] [info]  Splash.onStateUpdate: {"status":"downloading-updates","current":1,"total":6,"progress":55}
[2025-04-10 19:47:13.858] [info]  DiscordSplash.onStateUpdate: {"status":"downloading-updates","current":1,"total":6,"progress":56}
[2025-04-10 19:47:13.858] [info]  Splash.onStateUpdate: {"status":"downloading-updates","current":1,"total":6,"progress":56}
[2025-04-10 19:47:13.879] [info]  DiscordSplash.onStateUpdate: {"status":"downloading-updates","current":1,"total":6,"progress":57}
[2025-04-10 19:47:13.880] [info]  Splash.onStateUpdate: {"status":"downloading-updates","current":1,"total":6,"progress":57}
[2025-04-10 19:47:13.900] [info]  DiscordSplash.onStateUpdate: {"status":"downloading-updates","current":1,"total":6,"progress":58}
[2025-04-10 19:47:13.900] [info]  Splash.onStateUpdate: {"status":"downloading-updates","current":1,"total":6,"progress":58}
[2025-04-10 19:47:13.935] [info]  DiscordSplash.onStateUpdate: {"status":"downloading-updates","current":1,"total":6,"progress":59}
[2025-04-10 19:47:13.935] [info]  Splash.onStateUpdate: {"status":"downloading-updates","current":1,"total":6,"progress":59}
[2025-04-10 19:47:13.939] [info]  DiscordSplash.onStateUpdate: {"status":"downloading-updates","current":1,"total":6,"progress":60}
[2025-04-10 19:47:13.939] [info]  Splash.onStateUpdate: {"status":"downloading-updates","current":1,"total":6,"progress":60}
[2025-04-10 19:47:13.942] [info]  DiscordSplash.onStateUpdate: {"status":"downloading-updates","current":1,"total":6,"progress":62}
[2025-04-10 19:47:13.943] [info]  Splash.onStateUpdate: {"status":"downloading-updates","current":1,"total":6,"progress":62}
[2025-04-10 19:47:13.949] [info]  DiscordSplash.onStateUpdate: {"status":"downloading-updates","current":1,"total":6,"progress":63}
[2025-04-10 19:47:13.949] [info]  Splash.onStateUpdate: {"status":"downloading-updates","current":1,"total":6,"progress":63}
[2025-04-10 19:47:13.970] [info]  DiscordSplash.onStateUpdate: {"status":"downloading-updates","current":1,"total":6,"progress":64}
[2025-04-10 19:47:13.971] [info]  Splash.onStateUpdate: {"status":"downloading-updates","current":1,"total":6,"progress":64}
[2025-04-10 19:47:13.975] [info]  DiscordSplash.onStateUpdate: {"status":"downloading-updates","current":1,"total":6,"progress":65}
[2025-04-10 19:47:13.975] [info]  Splash.onStateUpdate: {"status":"downloading-updates","current":1,"total":6,"progress":65}
[2025-04-10 19:47:13.994] [info]  DiscordSplash.onStateUpdate: {"status":"downloading-updates","current":1,"total":6,"progress":66}
[2025-04-10 19:47:13.994] [info]  Splash.onStateUpdate: {"status":"downloading-updates","current":1,"total":6,"progress":66}
[2025-04-10 19:47:14.004] [info]  DiscordSplash.onStateUpdate: {"status":"downloading-updates","current":1,"total":6,"progress":67}
[2025-04-10 19:47:14.005] [info]  Splash.onStateUpdate: {"status":"downloading-updates","current":1,"total":6,"progress":67}
[2025-04-10 19:47:14.027] [info]  DiscordSplash.onStateUpdate: {"status":"downloading-updates","current":1,"total":6,"progress":68}
[2025-04-10 19:47:14.027] [info]  Splash.onStateUpdate: {"status":"downloading-updates","current":1,"total":6,"progress":68}
[2025-04-10 19:47:14.037] [info]  DiscordSplash.onStateUpdate: {"status":"downloading-updates","current":1,"total":6,"progress":69}
[2025-04-10 19:47:14.037] [info]  Splash.onStateUpdate: {"status":"downloading-updates","current":1,"total":6,"progress":69}
[2025-04-10 19:47:14.044] [info]  DiscordSplash.onStateUpdate: {"status":"downloading-updates","current":1,"total":6,"progress":70}
[2025-04-10 19:47:14.045] [info]  Splash.onStateUpdate: {"status":"downloading-updates","current":1,"total":6,"progress":70}
[2025-04-10 19:47:14.055] [info]  DiscordSplash.onStateUpdate: {"status":"downloading-updates","current":1,"total":6,"progress":71}
[2025-04-10 19:47:14.055] [info]  Splash.onStateUpdate: {"status":"downloading-updates","current":1,"total":6,"progress":71}
[2025-04-10 19:47:14.060] [info]  DiscordSplash.onStateUpdate: {"status":"downloading-updates","current":1,"total":6,"progress":72}
[2025-04-10 19:47:14.061] [info]  Splash.onStateUpdate: {"status":"downloading-updates","current":1,"total":6,"progress":72}
[2025-04-10 19:47:14.062] [info]  DiscordSplash.onStateUpdate: {"status":"downloading-updates","current":1,"total":6,"progress":73}
[2025-04-10 19:47:14.063] [info]  Splash.onStateUpdate: {"status":"downloading-updates","current":1,"total":6,"progress":73}
[2025-04-10 19:47:14.067] [info]  DiscordSplash.onStateUpdate: {"status":"downloading-updates","current":1,"total":6,"progress":74}
[2025-04-10 19:47:14.067] [info]  Splash.onStateUpdate: {"status":"downloading-updates","current":1,"total":6,"progress":74}
[2025-04-10 19:47:14.069] [info]  DiscordSplash.onStateUpdate: {"status":"downloading-updates","current":1,"total":6,"progress":75}
[2025-04-10 19:47:14.069] [info]  Splash.onStateUpdate: {"status":"downloading-updates","current":1,"total":6,"progress":75}
[2025-04-10 19:47:14.088] [info]  DiscordSplash.onStateUpdate: {"status":"downloading-updates","current":1,"total":6,"progress":76}
[2025-04-10 19:47:14.089] [info]  Splash.onStateUpdate: {"status":"downloading-updates","current":1,"total":6,"progress":76}
[2025-04-10 19:47:14.092] [info]  DiscordSplash.onStateUpdate: {"status":"downloading-updates","current":1,"total":6,"progress":77}
[2025-04-10 19:47:14.093] [info]  Splash.onStateUpdate: {"status":"downloading-updates","current":1,"total":6,"progress":77}
[2025-04-10 19:47:14.098] [info]  DiscordSplash.onStateUpdate: {"status":"downloading-updates","current":1,"total":6,"progress":78}
[2025-04-10 19:47:14.099] [info]  Splash.onStateUpdate: {"status":"downloading-updates","current":1,"total":6,"progress":78}
[2025-04-10 19:47:14.109] [info]  DiscordSplash.onStateUpdate: {"status":"downloading-updates","current":1,"total":6,"progress":79}
[2025-04-10 19:47:14.110] [info]  Splash.onStateUpdate: {"status":"downloading-updates","current":1,"total":6,"progress":79}
[2025-04-10 19:47:14.115] [info]  DiscordSplash.onStateUpdate: {"status":"downloading-updates","current":1,"total":6,"progress":80}
[2025-04-10 19:47:14.115] [info]  Splash.onStateUpdate: {"status":"downloading-updates","current":1,"total":6,"progress":80}
[2025-04-10 19:47:14.132] [info]  DiscordSplash.onStateUpdate: {"status":"downloading-updates","current":1,"total":6,"progress":81}
[2025-04-10 19:47:14.132] [info]  Splash.onStateUpdate: {"status":"downloading-updates","current":1,"total":6,"progress":81}
[2025-04-10 19:47:14.137] [info]  DiscordSplash.onStateUpdate: {"status":"downloading-updates","current":1,"total":6,"progress":82}
[2025-04-10 19:47:14.138] [info]  Splash.onStateUpdate: {"status":"downloading-updates","current":1,"total":6,"progress":82}
[2025-04-10 19:47:14.145] [info]  DiscordSplash.onStateUpdate: {"status":"downloading-updates","current":1,"total":6,"progress":83}
[2025-04-10 19:47:14.145] [info]  Splash.onStateUpdate: {"status":"downloading-updates","current":1,"total":6,"progress":83}
[2025-04-10 19:47:14.158] [info]  DiscordSplash.onStateUpdate: {"status":"downloading-updates","current":1,"total":6,"progress":84}
[2025-04-10 19:47:14.158] [info]  Splash.onStateUpdate: {"status":"downloading-updates","current":1,"total":6,"progress":84}
[2025-04-10 19:47:14.163] [info]  DiscordSplash.onStateUpdate: {"status":"downloading-updates","current":1,"total":6,"progress":85}
[2025-04-10 19:47:14.163] [info]  Splash.onStateUpdate: {"status":"downloading-updates","current":1,"total":6,"progress":85}
[2025-04-10 19:47:14.176] [info]  DiscordSplash.onStateUpdate: {"status":"downloading-updates","current":1,"total":6,"progress":86}
[2025-04-10 19:47:14.176] [info]  Splash.onStateUpdate: {"status":"downloading-updates","current":1,"total":6,"progress":86}
[2025-04-10 19:47:14.183] [info]  DiscordSplash.onStateUpdate: {"status":"downloading-updates","current":1,"total":6,"progress":87}
[2025-04-10 19:47:14.184] [info]  Splash.onStateUpdate: {"status":"downloading-updates","current":1,"total":6,"progress":87}
[2025-04-10 19:47:14.189] [info]  DiscordSplash.onStateUpdate: {"status":"downloading-updates","current":1,"total":6,"progress":88}
[2025-04-10 19:47:14.190] [info]  Splash.onStateUpdate: {"status":"downloading-updates","current":1,"total":6,"progress":88}
[2025-04-10 19:47:14.199] [info]  DiscordSplash.onStateUpdate: {"status":"downloading-updates","current":1,"total":6,"progress":89}
[2025-04-10 19:47:14.199] [info]  Splash.onStateUpdate: {"status":"downloading-updates","current":1,"total":6,"progress":89}
[2025-04-10 19:47:14.201] [info]  DiscordSplash.onStateUpdate: {"status":"downloading-updates","current":1,"total":6,"progress":91}
[2025-04-10 19:47:14.202] [info]  Splash.onStateUpdate: {"status":"downloading-updates","current":1,"total":6,"progress":91}
[2025-04-10 19:47:14.207] [info]  DiscordSplash.onStateUpdate: {"status":"downloading-updates","current":1,"total":6,"progress":92}
[2025-04-10 19:47:14.207] [info]  Splash.onStateUpdate: {"status":"downloading-updates","current":1,"total":6,"progress":92}
[2025-04-10 19:47:14.214] [info]  DiscordSplash.onStateUpdate: {"status":"downloading-updates","current":1,"total":6,"progress":93}
[2025-04-10 19:47:14.214] [info]  Splash.onStateUpdate: {"status":"downloading-updates","current":1,"total":6,"progress":93}
[2025-04-10 19:47:14.220] [info]  DiscordSplash.onStateUpdate: {"status":"downloading-updates","current":1,"total":6,"progress":95}
[2025-04-10 19:47:14.220] [info]  Splash.onStateUpdate: {"status":"downloading-updates","current":1,"total":6,"progress":95}
[2025-04-10 19:47:14.222] [info]  DiscordSplash.onStateUpdate: {"status":"downloading-updates","current":1,"total":6,"progress":97}
[2025-04-10 19:47:14.223] [info]  Splash.onStateUpdate: {"status":"downloading-updates","current":1,"total":6,"progress":97}
[2025-04-10 19:47:14.224] [info]  DiscordSplash.onStateUpdate: {"status":"downloading-updates","current":1,"total":6,"progress":98}
[2025-04-10 19:47:14.224] [info]  Splash.onStateUpdate: {"status":"downloading-updates","current":1,"total":6,"progress":98}
[2025-04-10 19:47:14.229] [info]  DiscordSplash.onStateUpdate: {"status":"downloading-updates","current":1,"total":6,"progress":100}
[2025-04-10 19:47:14.229] [info]  Splash.onStateUpdate: {"status":"downloading-updates","current":1,"total":6,"progress":100}
[2025-04-10 19:47:14.229] [info]  DiscordSplash.onStateUpdate: {"status":"downloading-updates","current":2,"total":6}
[2025-04-10 19:47:14.229] [info]  Splash.onStateUpdate: {"status":"downloading-updates","current":2,"total":6}
[2025-04-10 19:47:14.301] [info]  Splash.updateCountdownSeconds: undefined
[2025-04-10 19:47:14.563] [info]  DiscordSplash.onStateUpdate: {"status":"downloading-updates","current":2,"total":6,"progress":1}
[2025-04-10 19:47:14.564] [info]  Splash.onStateUpdate: {"status":"downloading-updates","current":2,"total":6,"progress":1}
[2025-04-10 19:47:14.568] [info]  DiscordSplash.onStateUpdate: {"status":"downloading-updates","current":2,"total":6,"progress":2}
[2025-04-10 19:47:14.569] [info]  Splash.onStateUpdate: {"status":"downloading-updates","current":2,"total":6,"progress":2}
[2025-04-10 19:47:14.578] [info]  DiscordSplash.onStateUpdate: {"status":"downloading-updates","current":2,"total":6,"progress":3}
[2025-04-10 19:47:14.578] [info]  Splash.onStateUpdate: {"status":"downloading-updates","current":2,"total":6,"progress":3}
[2025-04-10 19:47:14.596] [info]  DiscordSplash.onStateUpdate: {"status":"downloading-updates","current":2,"total":6,"progress":5}
[2025-04-10 19:47:14.596] [info]  Splash.onStateUpdate: {"status":"downloading-updates","current":2,"total":6,"progress":5}
[2025-04-10 19:47:14.596] [info]  DiscordSplash.onStateUpdate: {"status":"downloading-updates","current":2,"total":6,"progress":6}
[2025-04-10 19:47:14.596] [info]  Splash.onStateUpdate: {"status":"downloading-updates","current":2,"total":6,"progress":6}
[2025-04-10 19:47:14.609] [info]  DiscordSplash.onStateUpdate: {"status":"downloading-updates","current":2,"total":6,"progress":7}
[2025-04-10 19:47:14.610] [info]  Splash.onStateUpdate: {"status":"downloading-updates","current":2,"total":6,"progress":7}
[2025-04-10 19:47:14.612] [info]  DiscordSplash.onStateUpdate: {"status":"downloading-updates","current":2,"total":6,"progress":8}
[2025-04-10 19:47:14.612] [info]  Splash.onStateUpdate: {"status":"downloading-updates","current":2,"total":6,"progress":8}
[2025-04-10 19:47:14.617] [info]  DiscordSplash.onStateUpdate: {"status":"downloading-updates","current":2,"total":6,"progress":9}
[2025-04-10 19:47:14.617] [info]  Splash.onStateUpdate: {"status":"downloading-updates","current":2,"total":6,"progress":9}
[2025-04-10 19:47:14.636] [info]  DiscordSplash.onStateUpdate: {"status":"downloading-updates","current":2,"total":6,"progress":10}
[2025-04-10 19:47:14.636] [info]  Splash.onStateUpdate: {"status":"downloading-updates","current":2,"total":6,"progress":10}
[2025-04-10 19:47:14.641] [info]  DiscordSplash.onStateUpdate: {"status":"downloading-updates","current":2,"total":6,"progress":11}
[2025-04-10 19:47:14.641] [info]  Splash.onStateUpdate: {"status":"downloading-updates","current":2,"total":6,"progress":11}
[2025-04-10 19:47:14.646] [info]  DiscordSplash.onStateUpdate: {"status":"downloading-updates","current":2,"total":6,"progress":12}
[2025-04-10 19:47:14.646] [info]  Splash.onStateUpdate: {"status":"downloading-updates","current":2,"total":6,"progress":12}
[2025-04-10 19:47:14.658] [info]  DiscordSplash.onStateUpdate: {"status":"downloading-updates","current":2,"total":6,"progress":13}
[2025-04-10 19:47:14.658] [info]  Splash.onStateUpdate: {"status":"downloading-updates","current":2,"total":6,"progress":13}
[2025-04-10 19:47:14.661] [info]  DiscordSplash.onStateUpdate: {"status":"downloading-updates","current":2,"total":6,"progress":15}
[2025-04-10 19:47:14.661] [info]  Splash.onStateUpdate: {"status":"downloading-updates","current":2,"total":6,"progress":15}
[2025-04-10 19:47:14.676] [info]  DiscordSplash.onStateUpdate: {"status":"downloading-updates","current":2,"total":6,"progress":17}
[2025-04-10 19:47:14.676] [info]  Splash.onStateUpdate: {"status":"downloading-updates","current":2,"total":6,"progress":17}
[2025-04-10 19:47:14.690] [info]  DiscordSplash.onStateUpdate: {"status":"downloading-updates","current":2,"total":6,"progress":18}
[2025-04-10 19:47:14.690] [info]  Splash.onStateUpdate: {"status":"downloading-updates","current":2,"total":6,"progress":18}
[2025-04-10 19:47:14.695] [info]  DiscordSplash.onStateUpdate: {"status":"downloading-updates","current":2,"total":6,"progress":19}
[2025-04-10 19:47:14.695] [info]  Splash.onStateUpdate: {"status":"downloading-updates","current":2,"total":6,"progress":19}
[2025-04-10 19:47:14.698] [info]  DiscordSplash.onStateUpdate: {"status":"downloading-updates","current":2,"total":6,"progress":20}
[2025-04-10 19:47:14.699] [info]  Splash.onStateUpdate: {"status":"downloading-updates","current":2,"total":6,"progress":20}
[2025-04-10 19:47:14.704] [info]  DiscordSplash.onStateUpdate: {"status":"downloading-updates","current":2,"total":6,"progress":21}
[2025-04-10 19:47:14.705] [info]  Splash.onStateUpdate: {"status":"downloading-updates","current":2,"total":6,"progress":21}
[2025-04-10 19:47:14.714] [info]  DiscordSplash.onStateUpdate: {"status":"downloading-updates","current":2,"total":6,"progress":22}
[2025-04-10 19:47:14.715] [info]  Splash.onStateUpdate: {"status":"downloading-updates","current":2,"total":6,"progress":22}
[2025-04-10 19:47:14.720] [info]  DiscordSplash.onStateUpdate: {"status":"downloading-updates","current":2,"total":6,"progress":23}
[2025-04-10 19:47:14.720] [info]  Splash.onStateUpdate: {"status":"downloading-updates","current":2,"total":6,"progress":23}
[2025-04-10 19:47:14.725] [info]  DiscordSplash.onStateUpdate: {"status":"downloading-updates","current":2,"total":6,"progress":24}
[2025-04-10 19:47:14.725] [info]  Splash.onStateUpdate: {"status":"downloading-updates","current":2,"total":6,"progress":24}
[2025-04-10 19:47:14.746] [info]  DiscordSplash.onStateUpdate: {"status":"downloading-updates","current":2,"total":6,"progress":27}
[2025-04-10 19:47:14.746] [info]  Splash.onStateUpdate: {"status":"downloading-updates","current":2,"total":6,"progress":27}
[2025-04-10 19:47:14.753] [info]  DiscordSplash.onStateUpdate: {"status":"downloading-updates","current":2,"total":6,"progress":28}
[2025-04-10 19:47:14.754] [info]  Splash.onStateUpdate: {"status":"downloading-updates","current":2,"total":6,"progress":28}
[2025-04-10 19:47:14.764] [info]  DiscordSplash.onStateUpdate: {"status":"downloading-updates","current":2,"total":6,"progress":29}
[2025-04-10 19:47:14.765] [info]  Splash.onStateUpdate: {"status":"downloading-updates","current":2,"total":6,"progress":29}
[2025-04-10 19:47:14.766] [info]  DiscordSplash.onStateUpdate: {"status":"downloading-updates","current":2,"total":6,"progress":30}
[2025-04-10 19:47:14.766] [info]  Splash.onStateUpdate: {"status":"downloading-updates","current":2,"total":6,"progress":30}
[2025-04-10 19:47:14.778] [info]  DiscordSplash.onStateUpdate: {"status":"downloading-updates","current":2,"total":6,"progress":31}
[2025-04-10 19:47:14.778] [info]  Splash.onStateUpdate: {"status":"downloading-updates","current":2,"total":6,"progress":31}
[2025-04-10 19:47:14.783] [info]  DiscordSplash.onStateUpdate: {"status":"downloading-updates","current":2,"total":6,"progress":32}
[2025-04-10 19:47:14.783] [info]  Splash.onStateUpdate: {"status":"downloading-updates","current":2,"total":6,"progress":32}
[2025-04-10 19:47:14.795] [info]  DiscordSplash.onStateUpdate: {"status":"downloading-updates","current":2,"total":6,"progress":33}
[2025-04-10 19:47:14.796] [info]  Splash.onStateUpdate: {"status":"downloading-updates","current":2,"total":6,"progress":33}
[2025-04-10 19:47:14.805] [info]  DiscordSplash.onStateUpdate: {"status":"downloading-updates","current":2,"total":6,"progress":34}
[2025-04-10 19:47:14.805] [info]  Splash.onStateUpdate: {"status":"downloading-updates","current":2,"total":6,"progress":34}
[2025-04-10 19:47:14.813] [info]  DiscordSplash.onStateUpdate: {"status":"downloading-updates","current":2,"total":6,"progress":36}
[2025-04-10 19:47:14.813] [info]  Splash.onStateUpdate: {"status":"downloading-updates","current":2,"total":6,"progress":36}
[2025-04-10 19:47:14.823] [info]  DiscordSplash.onStateUpdate: {"status":"downloading-updates","current":2,"total":6,"progress":37}
[2025-04-10 19:47:14.823] [info]  Splash.onStateUpdate: {"status":"downloading-updates","current":2,"total":6,"progress":37}
[2025-04-10 19:47:14.827] [info]  DiscordSplash.onStateUpdate: {"status":"downloading-updates","current":2,"total":6,"progress":39}
[2025-04-10 19:47:14.828] [info]  Splash.onStateUpdate: {"status":"downloading-updates","current":2,"total":6,"progress":39}
[2025-04-10 19:47:14.837] [info]  DiscordSplash.onStateUpdate: {"status":"downloading-updates","current":2,"total":6,"progress":40}
[2025-04-10 19:47:14.837] [info]  Splash.onStateUpdate: {"status":"downloading-updates","current":2,"total":6,"progress":40}
[2025-04-10 19:47:14.840] [info]  DiscordSplash.onStateUpdate: {"status":"downloading-updates","current":2,"total":6,"progress":41}
[2025-04-10 19:47:14.840] [info]  Splash.onStateUpdate: {"status":"downloading-updates","current":2,"total":6,"progress":41}
[2025-04-10 19:47:14.844] [info]  DiscordSplash.onStateUpdate: {"status":"downloading-updates","current":2,"total":6,"progress":42}
[2025-04-10 19:47:14.844] [info]  Splash.onStateUpdate: {"status":"downloading-updates","current":2,"total":6,"progress":42}
[2025-04-10 19:47:14.852] [info]  DiscordSplash.onStateUpdate: {"status":"downloading-updates","current":2,"total":6,"progress":43}
[2025-04-10 19:47:14.852] [info]  Splash.onStateUpdate: {"status":"downloading-updates","current":2,"total":6,"progress":43}
[2025-04-10 19:47:14.858] [info]  DiscordSplash.onStateUpdate: {"status":"downloading-updates","current":2,"total":6,"progress":44}
[2025-04-10 19:47:14.858] [info]  Splash.onStateUpdate: {"status":"downloading-updates","current":2,"total":6,"progress":44}
[2025-04-10 19:47:14.869] [info]  DiscordSplash.onStateUpdate: {"status":"downloading-updates","current":2,"total":6,"progress":45}
[2025-04-10 19:47:14.869] [info]  Splash.onStateUpdate: {"status":"downloading-updates","current":2,"total":6,"progress":45}
[2025-04-10 19:47:14.871] [info]  DiscordSplash.onStateUpdate: {"status":"downloading-updates","current":2,"total":6,"progress":46}
[2025-04-10 19:47:14.871] [info]  Splash.onStateUpdate: {"status":"downloading-updates","current":2,"total":6,"progress":46}
[2025-04-10 19:47:14.877] [info]  DiscordSplash.onStateUpdate: {"status":"downloading-updates","current":2,"total":6,"progress":47}
[2025-04-10 19:47:14.877] [info]  Splash.onStateUpdate: {"status":"downloading-updates","current":2,"total":6,"progress":47}
[2025-04-10 19:47:14.883] [info]  DiscordSplash.onStateUpdate: {"status":"downloading-updates","current":2,"total":6,"progress":48}
[2025-04-10 19:47:14.883] [info]  Splash.onStateUpdate: {"status":"downloading-updates","current":2,"total":6,"progress":48}
[2025-04-10 19:47:14.891] [info]  DiscordSplash.onStateUpdate: {"status":"downloading-updates","current":2,"total":6,"progress":49}
[2025-04-10 19:47:14.891] [info]  Splash.onStateUpdate: {"status":"downloading-updates","current":2,"total":6,"progress":49}
[2025-04-10 19:47:14.896] [info]  DiscordSplash.onStateUpdate: {"status":"downloading-updates","current":2,"total":6,"progress":50}
[2025-04-10 19:47:14.896] [info]  Splash.onStateUpdate: {"status":"downloading-updates","current":2,"total":6,"progress":50}
[2025-04-10 19:47:14.900] [info]  DiscordSplash.onStateUpdate: {"status":"downloading-updates","current":2,"total":6,"progress":51}
[2025-04-10 19:47:14.900] [info]  Splash.onStateUpdate: {"status":"downloading-updates","current":2,"total":6,"progress":51}
[2025-04-10 19:47:14.915] [info]  DiscordSplash.onStateUpdate: {"status":"downloading-updates","current":2,"total":6,"progress":52}
[2025-04-10 19:47:14.915] [info]  Splash.onStateUpdate: {"status":"downloading-updates","current":2,"total":6,"progress":52}
[2025-04-10 19:47:14.924] [info]  DiscordSplash.onStateUpdate: {"status":"downloading-updates","current":2,"total":6,"progress":54}
[2025-04-10 19:47:14.924] [info]  Splash.onStateUpdate: {"status":"downloading-updates","current":2,"total":6,"progress":54}
[2025-04-10 19:47:14.929] [info]  DiscordSplash.onStateUpdate: {"status":"downloading-updates","current":2,"total":6,"progress":55}
[2025-04-10 19:47:14.929] [info]  Splash.onStateUpdate: {"status":"downloading-updates","current":2,"total":6,"progress":55}
[2025-04-10 19:47:14.933] [info]  DiscordSplash.onStateUpdate: {"status":"downloading-updates","current":2,"total":6,"progress":56}
[2025-04-10 19:47:14.934] [info]  Splash.onStateUpdate: {"status":"downloading-updates","current":2,"total":6,"progress":56}
[2025-04-10 19:47:14.939] [info]  DiscordSplash.onStateUpdate: {"status":"downloading-updates","current":2,"total":6,"progress":57}
[2025-04-10 19:47:14.940] [info]  Splash.onStateUpdate: {"status":"downloading-updates","current":2,"total":6,"progress":57}
[2025-04-10 19:47:14.947] [info]  DiscordSplash.onStateUpdate: {"status":"downloading-updates","current":2,"total":6,"progress":58}
[2025-04-10 19:47:14.947] [info]  Splash.onStateUpdate: {"status":"downloading-updates","current":2,"total":6,"progress":58}
[2025-04-10 19:47:14.950] [info]  DiscordSplash.onStateUpdate: {"status":"downloading-updates","current":2,"total":6,"progress":59}
[2025-04-10 19:47:14.950] [info]  Splash.onStateUpdate: {"status":"downloading-updates","current":2,"total":6,"progress":59}
[2025-04-10 19:47:14.953] [info]  DiscordSplash.onStateUpdate: {"status":"downloading-updates","current":2,"total":6,"progress":60}
[2025-04-10 19:47:14.953] [info]  Splash.onStateUpdate: {"status":"downloading-updates","current":2,"total":6,"progress":60}
[2025-04-10 19:47:14.960] [info]  DiscordSplash.onStateUpdate: {"status":"downloading-updates","current":2,"total":6,"progress":61}
[2025-04-10 19:47:14.960] [info]  Splash.onStateUpdate: {"status":"downloading-updates","current":2,"total":6,"progress":61}
[2025-04-10 19:47:14.964] [info]  DiscordSplash.onStateUpdate: {"status":"downloading-updates","current":2,"total":6,"progress":62}
[2025-04-10 19:47:14.964] [info]  Splash.onStateUpdate: {"status":"downloading-updates","current":2,"total":6,"progress":62}
[2025-04-10 19:47:14.975] [info]  DiscordSplash.onStateUpdate: {"status":"downloading-updates","current":2,"total":6,"progress":63}
[2025-04-10 19:47:14.975] [info]  Splash.onStateUpdate: {"status":"downloading-updates","current":2,"total":6,"progress":63}
[2025-04-10 19:47:14.990] [info]  DiscordSplash.onStateUpdate: {"status":"downloading-updates","current":2,"total":6,"progress":66}
[2025-04-10 19:47:14.990] [info]  Splash.onStateUpdate: {"status":"downloading-updates","current":2,"total":6,"progress":66}
[2025-04-10 19:47:14.998] [info]  DiscordSplash.onStateUpdate: {"status":"downloading-updates","current":2,"total":6,"progress":67}
[2025-04-10 19:47:14.998] [info]  Splash.onStateUpdate: {"status":"downloading-updates","current":2,"total":6,"progress":67}
[2025-04-10 19:47:15.011] [info]  DiscordSplash.onStateUpdate: {"status":"downloading-updates","current":2,"total":6,"progress":69}
[2025-04-10 19:47:15.011] [info]  Splash.onStateUpdate: {"status":"downloading-updates","current":2,"total":6,"progress":69}
[2025-04-10 19:47:15.020] [info]  DiscordSplash.onStateUpdate: {"status":"downloading-updates","current":2,"total":6,"progress":70}
[2025-04-10 19:47:15.020] [info]  Splash.onStateUpdate: {"status":"downloading-updates","current":2,"total":6,"progress":70}
[2025-04-10 19:47:15.023] [info]  DiscordSplash.onStateUpdate: {"status":"downloading-updates","current":2,"total":6,"progress":71}
[2025-04-10 19:47:15.023] [info]  Splash.onStateUpdate: {"status":"downloading-updates","current":2,"total":6,"progress":71}
[2025-04-10 19:47:15.026] [info]  DiscordSplash.onStateUpdate: {"status":"downloading-updates","current":2,"total":6,"progress":72}
[2025-04-10 19:47:15.026] [info]  Splash.onStateUpdate: {"status":"downloading-updates","current":2,"total":6,"progress":72}
[2025-04-10 19:47:15.038] [info]  DiscordSplash.onStateUpdate: {"status":"downloading-updates","current":2,"total":6,"progress":73}
[2025-04-10 19:47:15.038] [info]  Splash.onStateUpdate: {"status":"downloading-updates","current":2,"total":6,"progress":73}
[2025-04-10 19:47:15.048] [info]  DiscordSplash.onStateUpdate: {"status":"downloading-updates","current":2,"total":6,"progress":75}
[2025-04-10 19:47:15.048] [info]  Splash.onStateUpdate: {"status":"downloading-updates","current":2,"total":6,"progress":75}
[2025-04-10 19:47:15.052] [info]  DiscordSplash.onStateUpdate: {"status":"downloading-updates","current":2,"total":6,"progress":77}
[2025-04-10 19:47:15.052] [info]  Splash.onStateUpdate: {"status":"downloading-updates","current":2,"total":6,"progress":77}
[2025-04-10 19:47:15.054] [info]  DiscordSplash.onStateUpdate: {"status":"downloading-updates","current":2,"total":6,"progress":78}
[2025-04-10 19:47:15.054] [info]  Splash.onStateUpdate: {"status":"downloading-updates","current":2,"total":6,"progress":78}
[2025-04-10 19:47:15.069] [info]  DiscordSplash.onStateUpdate: {"status":"downloading-updates","current":2,"total":6,"progress":79}
[2025-04-10 19:47:15.069] [info]  Splash.onStateUpdate: {"status":"downloading-updates","current":2,"total":6,"progress":79}
[2025-04-10 19:47:15.074] [info]  DiscordSplash.onStateUpdate: {"status":"downloading-updates","current":2,"total":6,"progress":81}
[2025-04-10 19:47:15.075] [info]  Splash.onStateUpdate: {"status":"downloading-updates","current":2,"total":6,"progress":81}
[2025-04-10 19:47:15.076] [info]  DiscordSplash.onStateUpdate: {"status":"downloading-updates","current":2,"total":6,"progress":82}
[2025-04-10 19:47:15.076] [info]  Splash.onStateUpdate: {"status":"downloading-updates","current":2,"total":6,"progress":82}
[2025-04-10 19:47:15.081] [info]  DiscordSplash.onStateUpdate: {"status":"downloading-updates","current":2,"total":6,"progress":83}
[2025-04-10 19:47:15.082] [info]  Splash.onStateUpdate: {"status":"downloading-updates","current":2,"total":6,"progress":83}
[2025-04-10 19:47:15.085] [info]  DiscordSplash.onStateUpdate: {"status":"downloading-updates","current":2,"total":6,"progress":84}
[2025-04-10 19:47:15.085] [info]  Splash.onStateUpdate: {"status":"downloading-updates","current":2,"total":6,"progress":84}
[2025-04-10 19:47:15.089] [info]  DiscordSplash.onStateUpdate: {"status":"downloading-updates","current":2,"total":6,"progress":85}
[2025-04-10 19:47:15.090] [info]  Splash.onStateUpdate: {"status":"downloading-updates","current":2,"total":6,"progress":85}
[2025-04-10 19:47:15.106] [info]  DiscordSplash.onStateUpdate: {"status":"downloading-updates","current":2,"total":6,"progress":86}
[2025-04-10 19:47:15.107] [info]  Splash.onStateUpdate: {"status":"downloading-updates","current":2,"total":6,"progress":86}
[2025-04-10 19:47:15.113] [info]  DiscordSplash.onStateUpdate: {"status":"downloading-updates","current":2,"total":6,"progress":88}
[2025-04-10 19:47:15.113] [info]  Splash.onStateUpdate: {"status":"downloading-updates","current":2,"total":6,"progress":88}
[2025-04-10 19:47:15.124] [info]  DiscordSplash.onStateUpdate: {"status":"downloading-updates","current":2,"total":6,"progress":90}
[2025-04-10 19:47:15.124] [info]  Splash.onStateUpdate: {"status":"downloading-updates","current":2,"total":6,"progress":90}
[2025-04-10 19:47:15.130] [info]  DiscordSplash.onStateUpdate: {"status":"downloading-updates","current":2,"total":6,"progress":91}
[2025-04-10 19:47:15.130] [info]  Splash.onStateUpdate: {"status":"downloading-updates","current":2,"total":6,"progress":91}
[2025-04-10 19:47:15.134] [info]  DiscordSplash.onStateUpdate: {"status":"downloading-updates","current":2,"total":6,"progress":92}
[2025-04-10 19:47:15.134] [info]  Splash.onStateUpdate: {"status":"downloading-updates","current":2,"total":6,"progress":92}
[2025-04-10 19:47:15.135] [info]  DiscordSplash.onStateUpdate: {"status":"downloading-updates","current":2,"total":6,"progress":93}
[2025-04-10 19:47:15.136] [info]  Splash.onStateUpdate: {"status":"downloading-updates","current":2,"total":6,"progress":93}
[2025-04-10 19:47:15.142] [info]  DiscordSplash.onStateUpdate: {"status":"downloading-updates","current":2,"total":6,"progress":94}
[2025-04-10 19:47:15.143] [info]  Splash.onStateUpdate: {"status":"downloading-updates","current":2,"total":6,"progress":94}
[2025-04-10 19:47:15.153] [info]  DiscordSplash.onStateUpdate: {"status":"downloading-updates","current":2,"total":6,"progress":95}
[2025-04-10 19:47:15.153] [info]  Splash.onStateUpdate: {"status":"downloading-updates","current":2,"total":6,"progress":95}
[2025-04-10 19:47:15.158] [info]  DiscordSplash.onStateUpdate: {"status":"downloading-updates","current":2,"total":6,"progress":96}
[2025-04-10 19:47:15.158] [info]  Splash.onStateUpdate: {"status":"downloading-updates","current":2,"total":6,"progress":96}
[2025-04-10 19:47:15.159] [info]  DiscordSplash.onStateUpdate: {"status":"downloading-updates","current":2,"total":6,"progress":97}
[2025-04-10 19:47:15.159] [info]  Splash.onStateUpdate: {"status":"downloading-updates","current":2,"total":6,"progress":97}
[2025-04-10 19:47:15.173] [info]  DiscordSplash.onStateUpdate: {"status":"downloading-updates","current":2,"total":6,"progress":100}
[2025-04-10 19:47:15.173] [info]  Splash.onStateUpdate: {"status":"downloading-updates","current":2,"total":6,"progress":100}
[2025-04-10 19:47:15.173] [info]  DiscordSplash.onStateUpdate: {"status":"downloading-updates","current":3,"total":6}
[2025-04-10 19:47:15.173] [info]  Splash.onStateUpdate: {"status":"downloading-updates","current":3,"total":6}
[2025-04-10 19:47:15.302] [info]  Splash.updateCountdownSeconds: undefined
[2025-04-10 19:47:15.501] [info]  DiscordSplash.onStateUpdate: {"status":"downloading-updates","current":3,"total":6,"progress":1}
[2025-04-10 19:47:15.501] [info]  Splash.onStateUpdate: {"status":"downloading-updates","current":3,"total":6,"progress":1}
[2025-04-10 19:47:15.539] [info]  DiscordSplash.onStateUpdate: {"status":"downloading-updates","current":3,"total":6,"progress":2}
[2025-04-10 19:47:15.539] [info]  Splash.onStateUpdate: {"status":"downloading-updates","current":3,"total":6,"progress":2}
[2025-04-10 19:47:15.563] [info]  DiscordSplash.onStateUpdate: {"status":"downloading-updates","current":3,"total":6,"progress":3}
[2025-04-10 19:47:15.563] [info]  Splash.onStateUpdate: {"status":"downloading-updates","current":3,"total":6,"progress":3}
[2025-04-10 19:47:15.569] [info]  DiscordSplash.onStateUpdate: {"status":"downloading-updates","current":3,"total":6,"progress":4}
[2025-04-10 19:47:15.570] [info]  Splash.onStateUpdate: {"status":"downloading-updates","current":3,"total":6,"progress":4}
[2025-04-10 19:47:15.595] [info]  DiscordSplash.onStateUpdate: {"status":"downloading-updates","current":3,"total":6,"progress":5}
[2025-04-10 19:47:15.595] [info]  Splash.onStateUpdate: {"status":"downloading-updates","current":3,"total":6,"progress":5}
[2025-04-10 19:47:15.617] [info]  DiscordSplash.onStateUpdate: {"status":"downloading-updates","current":3,"total":6,"progress":6}
[2025-04-10 19:47:15.617] [info]  Splash.onStateUpdate: {"status":"downloading-updates","current":3,"total":6,"progress":6}
[2025-04-10 19:47:15.621] [info]  DiscordSplash.onStateUpdate: {"status":"downloading-updates","current":3,"total":6,"progress":7}
[2025-04-10 19:47:15.621] [info]  Splash.onStateUpdate: {"status":"downloading-updates","current":3,"total":6,"progress":7}
[2025-04-10 19:47:15.633] [info]  DiscordSplash.onStateUpdate: {"status":"downloading-updates","current":3,"total":6,"progress":8}
[2025-04-10 19:47:15.634] [info]  Splash.onStateUpdate: {"status":"downloading-updates","current":3,"total":6,"progress":8}
[2025-04-10 19:47:15.658] [info]  DiscordSplash.onStateUpdate: {"status":"downloading-updates","current":3,"total":6,"progress":9}
[2025-04-10 19:47:15.658] [info]  Splash.onStateUpdate: {"status":"downloading-updates","current":3,"total":6,"progress":9}
[2025-04-10 19:47:15.668] [info]  DiscordSplash.onStateUpdate: {"status":"downloading-updates","current":3,"total":6,"progress":10}
[2025-04-10 19:47:15.668] [info]  Splash.onStateUpdate: {"status":"downloading-updates","current":3,"total":6,"progress":10}
[2025-04-10 19:47:15.673] [info]  DiscordSplash.onStateUpdate: {"status":"downloading-updates","current":3,"total":6,"progress":11}
[2025-04-10 19:47:15.673] [info]  Splash.onStateUpdate: {"status":"downloading-updates","current":3,"total":6,"progress":11}
[2025-04-10 19:47:15.680] [info]  DiscordSplash.onStateUpdate: {"status":"downloading-updates","current":3,"total":6,"progress":12}
[2025-04-10 19:47:15.681] [info]  Splash.onStateUpdate: {"status":"downloading-updates","current":3,"total":6,"progress":12}
[2025-04-10 19:47:15.685] [info]  DiscordSplash.onStateUpdate: {"status":"downloading-updates","current":3,"total":6,"progress":13}
[2025-04-10 19:47:15.686] [info]  Splash.onStateUpdate: {"status":"downloading-updates","current":3,"total":6,"progress":13}
[2025-04-10 19:47:15.717] [info]  DiscordSplash.onStateUpdate: {"status":"downloading-updates","current":3,"total":6,"progress":14}
[2025-04-10 19:47:15.718] [info]  Splash.onStateUpdate: {"status":"downloading-updates","current":3,"total":6,"progress":14}
[2025-04-10 19:47:15.724] [info]  DiscordSplash.onStateUpdate: {"status":"downloading-updates","current":3,"total":6,"progress":15}
[2025-04-10 19:47:15.724] [info]  Splash.onStateUpdate: {"status":"downloading-updates","current":3,"total":6,"progress":15}
[2025-04-10 19:47:15.736] [info]  DiscordSplash.onStateUpdate: {"status":"downloading-updates","current":3,"total":6,"progress":16}
[2025-04-10 19:47:15.737] [info]  Splash.onStateUpdate: {"status":"downloading-updates","current":3,"total":6,"progress":16}
[2025-04-10 19:47:15.743] [info]  DiscordSplash.onStateUpdate: {"status":"downloading-updates","current":3,"total":6,"progress":17}
[2025-04-10 19:47:15.744] [info]  Splash.onStateUpdate: {"status":"downloading-updates","current":3,"total":6,"progress":17}
[2025-04-10 19:47:15.748] [info]  DiscordSplash.onStateUpdate: {"status":"downloading-updates","current":3,"total":6,"progress":18}
[2025-04-10 19:47:15.749] [info]  Splash.onStateUpdate: {"status":"downloading-updates","current":3,"total":6,"progress":18}
[2025-04-10 19:47:15.763] [info]  DiscordSplash.onStateUpdate: {"status":"downloading-updates","current":3,"total":6,"progress":19}
[2025-04-10 19:47:15.764] [info]  Splash.onStateUpdate: {"status":"downloading-updates","current":3,"total":6,"progress":19}
[2025-04-10 19:47:15.768] [info]  DiscordSplash.onStateUpdate: {"status":"downloading-updates","current":3,"total":6,"progress":20}
[2025-04-10 19:47:15.768] [info]  Splash.onStateUpdate: {"status":"downloading-updates","current":3,"total":6,"progress":20}
[2025-04-10 19:47:15.776] [info]  DiscordSplash.onStateUpdate: {"status":"downloading-updates","current":3,"total":6,"progress":21}
[2025-04-10 19:47:15.777] [info]  Splash.onStateUpdate: {"status":"downloading-updates","current":3,"total":6,"progress":21}
[2025-04-10 19:47:15.786] [info]  DiscordSplash.onStateUpdate: {"status":"downloading-updates","current":3,"total":6,"progress":22}
[2025-04-10 19:47:15.786] [info]  Splash.onStateUpdate: {"status":"downloading-updates","current":3,"total":6,"progress":22}
[2025-04-10 19:47:15.794] [info]  DiscordSplash.onStateUpdate: {"status":"downloading-updates","current":3,"total":6,"progress":23}
[2025-04-10 19:47:15.794] [info]  Splash.onStateUpdate: {"status":"downloading-updates","current":3,"total":6,"progress":23}
[2025-04-10 19:47:15.802] [info]  DiscordSplash.onStateUpdate: {"status":"downloading-updates","current":3,"total":6,"progress":24}
[2025-04-10 19:47:15.802] [info]  Splash.onStateUpdate: {"status":"downloading-updates","current":3,"total":6,"progress":24}
[2025-04-10 19:47:15.810] [info]  DiscordSplash.onStateUpdate: {"status":"downloading-updates","current":3,"total":6,"progress":25}
[2025-04-10 19:47:15.810] [info]  Splash.onStateUpdate: {"status":"downloading-updates","current":3,"total":6,"progress":25}
[2025-04-10 19:47:15.826] [info]  DiscordSplash.onStateUpdate: {"status":"downloading-updates","current":3,"total":6,"progress":26}
[2025-04-10 19:47:15.827] [info]  Splash.onStateUpdate: {"status":"downloading-updates","current":3,"total":6,"progress":26}
[2025-04-10 19:47:15.833] [info]  DiscordSplash.onStateUpdate: {"status":"downloading-updates","current":3,"total":6,"progress":27}
[2025-04-10 19:47:15.834] [info]  Splash.onStateUpdate: {"status":"downloading-updates","current":3,"total":6,"progress":27}
[2025-04-10 19:47:15.842] [info]  DiscordSplash.onStateUpdate: {"status":"downloading-updates","current":3,"total":6,"progress":28}
[2025-04-10 19:47:15.842] [info]  Splash.onStateUpdate: {"status":"downloading-updates","current":3,"total":6,"progress":28}
[2025-04-10 19:47:15.849] [info]  DiscordSplash.onStateUpdate: {"status":"downloading-updates","current":3,"total":6,"progress":29}
[2025-04-10 19:47:15.849] [info]  Splash.onStateUpdate: {"status":"downloading-updates","current":3,"total":6,"progress":29}
[2025-04-10 19:47:15.857] [info]  DiscordSplash.onStateUpdate: {"status":"downloading-updates","current":3,"total":6,"progress":30}
[2025-04-10 19:47:15.857] [info]  Splash.onStateUpdate: {"status":"downloading-updates","current":3,"total":6,"progress":30}
[2025-04-10 19:47:15.864] [info]  DiscordSplash.onStateUpdate: {"status":"downloading-updates","current":3,"total":6,"progress":31}
[2025-04-10 19:47:15.864] [info]  Splash.onStateUpdate: {"status":"downloading-updates","current":3,"total":6,"progress":31}
[2025-04-10 19:47:15.886] [info]  DiscordSplash.onStateUpdate: {"status":"downloading-updates","current":3,"total":6,"progress":32}
[2025-04-10 19:47:15.886] [info]  Splash.onStateUpdate: {"status":"downloading-updates","current":3,"total":6,"progress":32}
[2025-04-10 19:47:15.892] [info]  DiscordSplash.onStateUpdate: {"status":"downloading-updates","current":3,"total":6,"progress":33}
[2025-04-10 19:47:15.892] [info]  Splash.onStateUpdate: {"status":"downloading-updates","current":3,"total":6,"progress":33}
[2025-04-10 19:47:15.896] [info]  DiscordSplash.onStateUpdate: {"status":"downloading-updates","current":3,"total":6,"progress":34}
[2025-04-10 19:47:15.896] [info]  Splash.onStateUpdate: {"status":"downloading-updates","current":3,"total":6,"progress":34}
[2025-04-10 19:47:15.905] [info]  DiscordSplash.onStateUpdate: {"status":"downloading-updates","current":3,"total":6,"progress":35}
[2025-04-10 19:47:15.905] [info]  Splash.onStateUpdate: {"status":"downloading-updates","current":3,"total":6,"progress":35}
[2025-04-10 19:47:15.910] [info]  DiscordSplash.onStateUpdate: {"status":"downloading-updates","current":3,"total":6,"progress":36}
[2025-04-10 19:47:15.910] [info]  Splash.onStateUpdate: {"status":"downloading-updates","current":3,"total":6,"progress":36}
[2025-04-10 19:47:15.933] [info]  DiscordSplash.onStateUpdate: {"status":"downloading-updates","current":3,"total":6,"progress":37}
[2025-04-10 19:47:15.934] [info]  Splash.onStateUpdate: {"status":"downloading-updates","current":3,"total":6,"progress":37}
[2025-04-10 19:47:15.955] [info]  DiscordSplash.onStateUpdate: {"status":"downloading-updates","current":3,"total":6,"progress":38}
[2025-04-10 19:47:15.955] [info]  Splash.onStateUpdate: {"status":"downloading-updates","current":3,"total":6,"progress":38}
[2025-04-10 19:47:15.964] [info]  DiscordSplash.onStateUpdate: {"status":"downloading-updates","current":3,"total":6,"progress":39}
[2025-04-10 19:47:15.965] [info]  Splash.onStateUpdate: {"status":"downloading-updates","current":3,"total":6,"progress":39}
[2025-04-10 19:47:15.970] [info]  DiscordSplash.onStateUpdate: {"status":"downloading-updates","current":3,"total":6,"progress":40}
[2025-04-10 19:47:15.970] [info]  Splash.onStateUpdate: {"status":"downloading-updates","current":3,"total":6,"progress":40}
[2025-04-10 19:47:15.977] [info]  DiscordSplash.onStateUpdate: {"status":"downloading-updates","current":3,"total":6,"progress":41}
[2025-04-10 19:47:15.977] [info]  Splash.onStateUpdate: {"status":"downloading-updates","current":3,"total":6,"progress":41}
[2025-04-10 19:47:15.983] [info]  DiscordSplash.onStateUpdate: {"status":"downloading-updates","current":3,"total":6,"progress":42}
[2025-04-10 19:47:15.983] [info]  Splash.onStateUpdate: {"status":"downloading-updates","current":3,"total":6,"progress":42}
[2025-04-10 19:47:15.993] [info]  DiscordSplash.onStateUpdate: {"status":"downloading-updates","current":3,"total":6,"progress":43}
[2025-04-10 19:47:15.993] [info]  Splash.onStateUpdate: {"status":"downloading-updates","current":3,"total":6,"progress":43}
[2025-04-10 19:47:16.000] [info]  DiscordSplash.onStateUpdate: {"status":"downloading-updates","current":3,"total":6,"progress":44}
[2025-04-10 19:47:16.000] [info]  Splash.onStateUpdate: {"status":"downloading-updates","current":3,"total":6,"progress":44}
[2025-04-10 19:47:16.005] [info]  DiscordSplash.onStateUpdate: {"status":"downloading-updates","current":3,"total":6,"progress":45}
[2025-04-10 19:47:16.005] [info]  Splash.onStateUpdate: {"status":"downloading-updates","current":3,"total":6,"progress":45}
[2025-04-10 19:47:16.014] [info]  DiscordSplash.onStateUpdate: {"status":"downloading-updates","current":3,"total":6,"progress":46}
[2025-04-10 19:47:16.014] [info]  Splash.onStateUpdate: {"status":"downloading-updates","current":3,"total":6,"progress":46}
[2025-04-10 19:47:16.024] [info]  DiscordSplash.onStateUpdate: {"status":"downloading-updates","current":3,"total":6,"progress":47}
[2025-04-10 19:47:16.025] [info]  Splash.onStateUpdate: {"status":"downloading-updates","current":3,"total":6,"progress":47}
[2025-04-10 19:47:16.035] [info]  DiscordSplash.onStateUpdate: {"status":"downloading-updates","current":3,"total":6,"progress":48}
[2025-04-10 19:47:16.035] [info]  Splash.onStateUpdate: {"status":"downloading-updates","current":3,"total":6,"progress":48}
[2025-04-10 19:47:16.040] [info]  DiscordSplash.onStateUpdate: {"status":"downloading-updates","current":3,"total":6,"progress":49}
[2025-04-10 19:47:16.040] [info]  Splash.onStateUpdate: {"status":"downloading-updates","current":3,"total":6,"progress":49}
[2025-04-10 19:47:16.051] [info]  DiscordSplash.onStateUpdate: {"status":"downloading-updates","current":3,"total":6,"progress":50}
[2025-04-10 19:47:16.051] [info]  Splash.onStateUpdate: {"status":"downloading-updates","current":3,"total":6,"progress":50}
[2025-04-10 19:47:16.064] [info]  DiscordSplash.onStateUpdate: {"status":"downloading-updates","current":3,"total":6,"progress":51}
[2025-04-10 19:47:16.064] [info]  Splash.onStateUpdate: {"status":"downloading-updates","current":3,"total":6,"progress":51}
[2025-04-10 19:47:16.072] [info]  DiscordSplash.onStateUpdate: {"status":"downloading-updates","current":3,"total":6,"progress":52}
[2025-04-10 19:47:16.073] [info]  Splash.onStateUpdate: {"status":"downloading-updates","current":3,"total":6,"progress":52}
[2025-04-10 19:47:16.081] [info]  DiscordSplash.onStateUpdate: {"status":"downloading-updates","current":3,"total":6,"progress":53}
[2025-04-10 19:47:16.081] [info]  Splash.onStateUpdate: {"status":"downloading-updates","current":3,"total":6,"progress":53}
[2025-04-10 19:47:16.093] [info]  DiscordSplash.onStateUpdate: {"status":"downloading-updates","current":3,"total":6,"progress":54}
[2025-04-10 19:47:16.094] [info]  Splash.onStateUpdate: {"status":"downloading-updates","current":3,"total":6,"progress":54}
[2025-04-10 19:47:16.106] [info]  DiscordSplash.onStateUpdate: {"status":"downloading-updates","current":3,"total":6,"progress":55}
[2025-04-10 19:47:16.106] [info]  Splash.onStateUpdate: {"status":"downloading-updates","current":3,"total":6,"progress":55}
[2025-04-10 19:47:16.111] [info]  DiscordSplash.onStateUpdate: {"status":"downloading-updates","current":3,"total":6,"progress":56}
[2025-04-10 19:47:16.111] [info]  Splash.onStateUpdate: {"status":"downloading-updates","current":3,"total":6,"progress":56}
[2025-04-10 19:47:16.127] [info]  DiscordSplash.onStateUpdate: {"status":"downloading-updates","current":3,"total":6,"progress":57}
[2025-04-10 19:47:16.127] [info]  Splash.onStateUpdate: {"status":"downloading-updates","current":3,"total":6,"progress":57}
[2025-04-10 19:47:16.134] [info]  DiscordSplash.onStateUpdate: {"status":"downloading-updates","current":3,"total":6,"progress":58}
[2025-04-10 19:47:16.134] [info]  Splash.onStateUpdate: {"status":"downloading-updates","current":3,"total":6,"progress":58}
[2025-04-10 19:47:16.139] [info]  DiscordSplash.onStateUpdate: {"status":"downloading-updates","current":3,"total":6,"progress":59}
[2025-04-10 19:47:16.139] [info]  Splash.onStateUpdate: {"status":"downloading-updates","current":3,"total":6,"progress":59}
[2025-04-10 19:47:16.146] [info]  DiscordSplash.onStateUpdate: {"status":"downloading-updates","current":3,"total":6,"progress":60}
[2025-04-10 19:47:16.147] [info]  Splash.onStateUpdate: {"status":"downloading-updates","current":3,"total":6,"progress":60}
[2025-04-10 19:47:16.159] [info]  DiscordSplash.onStateUpdate: {"status":"downloading-updates","current":3,"total":6,"progress":61}
[2025-04-10 19:47:16.159] [info]  Splash.onStateUpdate: {"status":"downloading-updates","current":3,"total":6,"progress":61}
[2025-04-10 19:47:16.164] [info]  DiscordSplash.onStateUpdate: {"status":"downloading-updates","current":3,"total":6,"progress":62}
[2025-04-10 19:47:16.164] [info]  Splash.onStateUpdate: {"status":"downloading-updates","current":3,"total":6,"progress":62}
[2025-04-10 19:47:16.172] [info]  DiscordSplash.onStateUpdate: {"status":"downloading-updates","current":3,"total":6,"progress":63}
[2025-04-10 19:47:16.172] [info]  Splash.onStateUpdate: {"status":"downloading-updates","current":3,"total":6,"progress":63}
[2025-04-10 19:47:16.177] [info]  DiscordSplash.onStateUpdate: {"status":"downloading-updates","current":3,"total":6,"progress":64}
[2025-04-10 19:47:16.177] [info]  Splash.onStateUpdate: {"status":"downloading-updates","current":3,"total":6,"progress":64}
[2025-04-10 19:47:16.184] [info]  DiscordSplash.onStateUpdate: {"status":"downloading-updates","current":3,"total":6,"progress":65}
[2025-04-10 19:47:16.185] [info]  Splash.onStateUpdate: {"status":"downloading-updates","current":3,"total":6,"progress":65}
[2025-04-10 19:47:16.192] [info]  DiscordSplash.onStateUpdate: {"status":"downloading-updates","current":3,"total":6,"progress":66}
[2025-04-10 19:47:16.192] [info]  Splash.onStateUpdate: {"status":"downloading-updates","current":3,"total":6,"progress":66}
[2025-04-10 19:47:16.197] [info]  DiscordSplash.onStateUpdate: {"status":"downloading-updates","current":3,"total":6,"progress":67}
[2025-04-10 19:47:16.197] [info]  Splash.onStateUpdate: {"status":"downloading-updates","current":3,"total":6,"progress":67}
[2025-04-10 19:47:16.204] [info]  DiscordSplash.onStateUpdate: {"status":"downloading-updates","current":3,"total":6,"progress":68}
[2025-04-10 19:47:16.205] [info]  Splash.onStateUpdate: {"status":"downloading-updates","current":3,"total":6,"progress":68}
[2025-04-10 19:47:16.210] [info]  DiscordSplash.onStateUpdate: {"status":"downloading-updates","current":3,"total":6,"progress":69}
[2025-04-10 19:47:16.210] [info]  Splash.onStateUpdate: {"status":"downloading-updates","current":3,"total":6,"progress":69}
[2025-04-10 19:47:16.217] [info]  DiscordSplash.onStateUpdate: {"status":"downloading-updates","current":3,"total":6,"progress":70}
[2025-04-10 19:47:16.217] [info]  Splash.onStateUpdate: {"status":"downloading-updates","current":3,"total":6,"progress":70}
[2025-04-10 19:47:16.222] [info]  DiscordSplash.onStateUpdate: {"status":"downloading-updates","current":3,"total":6,"progress":71}
[2025-04-10 19:47:16.223] [info]  Splash.onStateUpdate: {"status":"downloading-updates","current":3,"total":6,"progress":71}
[2025-04-10 19:47:16.230] [info]  DiscordSplash.onStateUpdate: {"status":"downloading-updates","current":3,"total":6,"progress":72}
[2025-04-10 19:47:16.230] [info]  Splash.onStateUpdate: {"status":"downloading-updates","current":3,"total":6,"progress":72}
[2025-04-10 19:47:16.237] [info]  DiscordSplash.onStateUpdate: {"status":"downloading-updates","current":3,"total":6,"progress":73}
[2025-04-10 19:47:16.238] [info]  Splash.onStateUpdate: {"status":"downloading-updates","current":3,"total":6,"progress":73}
[2025-04-10 19:47:16.261] [info]  DiscordSplash.onStateUpdate: {"status":"downloading-updates","current":3,"total":6,"progress":74}
[2025-04-10 19:47:16.261] [info]  Splash.onStateUpdate: {"status":"downloading-updates","current":3,"total":6,"progress":74}
[2025-04-10 19:47:16.266] [info]  DiscordSplash.onStateUpdate: {"status":"downloading-updates","current":3,"total":6,"progress":75}
[2025-04-10 19:47:16.266] [info]  Splash.onStateUpdate: {"status":"downloading-updates","current":3,"total":6,"progress":75}
[2025-04-10 19:47:16.274] [info]  DiscordSplash.onStateUpdate: {"status":"downloading-updates","current":3,"total":6,"progress":76}
[2025-04-10 19:47:16.274] [info]  Splash.onStateUpdate: {"status":"downloading-updates","current":3,"total":6,"progress":76}
[2025-04-10 19:47:16.287] [info]  DiscordSplash.onStateUpdate: {"status":"downloading-updates","current":3,"total":6,"progress":77}
[2025-04-10 19:47:16.287] [info]  Splash.onStateUpdate: {"status":"downloading-updates","current":3,"total":6,"progress":77}
[2025-04-10 19:47:16.301] [info]  Splash.updateCountdownSeconds: undefined
[2025-04-10 19:47:16.303] [info]  DiscordSplash.onStateUpdate: {"status":"downloading-updates","current":3,"total":6,"progress":78}
[2025-04-10 19:47:16.303] [info]  Splash.onStateUpdate: {"status":"downloading-updates","current":3,"total":6,"progress":78}
[2025-04-10 19:47:16.307] [info]  DiscordSplash.onStateUpdate: {"status":"downloading-updates","current":3,"total":6,"progress":79}
[2025-04-10 19:47:16.308] [info]  Splash.onStateUpdate: {"status":"downloading-updates","current":3,"total":6,"progress":79}
[2025-04-10 19:47:16.315] [info]  DiscordSplash.onStateUpdate: {"status":"downloading-updates","current":3,"total":6,"progress":80}
[2025-04-10 19:47:16.315] [info]  Splash.onStateUpdate: {"status":"downloading-updates","current":3,"total":6,"progress":80}
[2025-04-10 19:47:16.326] [info]  DiscordSplash.onStateUpdate: {"status":"downloading-updates","current":3,"total":6,"progress":81}
[2025-04-10 19:47:16.326] [info]  Splash.onStateUpdate: {"status":"downloading-updates","current":3,"total":6,"progress":81}
[2025-04-10 19:47:16.331] [info]  DiscordSplash.onStateUpdate: {"status":"downloading-updates","current":3,"total":6,"progress":82}
[2025-04-10 19:47:16.331] [info]  Splash.onStateUpdate: {"status":"downloading-updates","current":3,"total":6,"progress":82}
[2025-04-10 19:47:16.343] [info]  DiscordSplash.onStateUpdate: {"status":"downloading-updates","current":3,"total":6,"progress":83}
[2025-04-10 19:47:16.344] [info]  Splash.onStateUpdate: {"status":"downloading-updates","current":3,"total":6,"progress":83}
[2025-04-10 19:47:16.351] [info]  DiscordSplash.onStateUpdate: {"status":"downloading-updates","current":3,"total":6,"progress":84}
[2025-04-10 19:47:16.351] [info]  Splash.onStateUpdate: {"status":"downloading-updates","current":3,"total":6,"progress":84}
[2025-04-10 19:47:16.361] [info]  DiscordSplash.onStateUpdate: {"status":"downloading-updates","current":3,"total":6,"progress":85}
[2025-04-10 19:47:16.361] [info]  Splash.onStateUpdate: {"status":"downloading-updates","current":3,"total":6,"progress":85}
[2025-04-10 19:47:16.366] [info]  DiscordSplash.onStateUpdate: {"status":"downloading-updates","current":3,"total":6,"progress":86}
[2025-04-10 19:47:16.366] [info]  Splash.onStateUpdate: {"status":"downloading-updates","current":3,"total":6,"progress":86}
[2025-04-10 19:47:16.374] [info]  DiscordSplash.onStateUpdate: {"status":"downloading-updates","current":3,"total":6,"progress":87}
[2025-04-10 19:47:16.374] [info]  Splash.onStateUpdate: {"status":"downloading-updates","current":3,"total":6,"progress":87}
[2025-04-10 19:47:16.383] [info]  DiscordSplash.onStateUpdate: {"status":"downloading-updates","current":3,"total":6,"progress":88}
[2025-04-10 19:47:16.383] [info]  Splash.onStateUpdate: {"status":"downloading-updates","current":3,"total":6,"progress":88}
[2025-04-10 19:47:16.387] [info]  DiscordSplash.onStateUpdate: {"status":"downloading-updates","current":3,"total":6,"progress":89}
[2025-04-10 19:47:16.388] [info]  Splash.onStateUpdate: {"status":"downloading-updates","current":3,"total":6,"progress":89}
[2025-04-10 19:47:16.396] [info]  DiscordSplash.onStateUpdate: {"status":"downloading-updates","current":3,"total":6,"progress":90}
[2025-04-10 19:47:16.396] [info]  Splash.onStateUpdate: {"status":"downloading-updates","current":3,"total":6,"progress":90}
[2025-04-10 19:47:16.404] [info]  DiscordSplash.onStateUpdate: {"status":"downloading-updates","current":3,"total":6,"progress":91}
[2025-04-10 19:47:16.405] [info]  Splash.onStateUpdate: {"status":"downloading-updates","current":3,"total":6,"progress":91}
[2025-04-10 19:47:16.421] [info]  DiscordSplash.onStateUpdate: {"status":"downloading-updates","current":3,"total":6,"progress":92}
[2025-04-10 19:47:16.421] [info]  Splash.onStateUpdate: {"status":"downloading-updates","current":3,"total":6,"progress":92}
[2025-04-10 19:47:16.429] [info]  DiscordSplash.onStateUpdate: {"status":"downloading-updates","current":3,"total":6,"progress":93}
[2025-04-10 19:47:16.429] [info]  Splash.onStateUpdate: {"status":"downloading-updates","current":3,"total":6,"progress":93}
[2025-04-10 19:47:16.445] [info]  DiscordSplash.onStateUpdate: {"status":"downloading-updates","current":3,"total":6,"progress":94}
[2025-04-10 19:47:16.446] [info]  Splash.onStateUpdate: {"status":"downloading-updates","current":3,"total":6,"progress":94}
[2025-04-10 19:47:16.459] [info]  DiscordSplash.onStateUpdate: {"status":"downloading-updates","current":3,"total":6,"progress":95}
[2025-04-10 19:47:16.459] [info]  Splash.onStateUpdate: {"status":"downloading-updates","current":3,"total":6,"progress":95}
[2025-04-10 19:47:16.468] [info]  DiscordSplash.onStateUpdate: {"status":"downloading-updates","current":3,"total":6,"progress":96}
[2025-04-10 19:47:16.468] [info]  Splash.onStateUpdate: {"status":"downloading-updates","current":3,"total":6,"progress":96}
[2025-04-10 19:47:16.485] [info]  DiscordSplash.onStateUpdate: {"status":"downloading-updates","current":3,"total":6,"progress":97}
[2025-04-10 19:47:16.485] [info]  Splash.onStateUpdate: {"status":"downloading-updates","current":3,"total":6,"progress":97}
[2025-04-10 19:47:16.493] [info]  DiscordSplash.onStateUpdate: {"status":"downloading-updates","current":3,"total":6,"progress":98}
[2025-04-10 19:47:16.493] [info]  Splash.onStateUpdate: {"status":"downloading-updates","current":3,"total":6,"progress":98}
[2025-04-10 19:47:16.509] [info]  DiscordSplash.onStateUpdate: {"status":"downloading-updates","current":3,"total":6,"progress":99}
[2025-04-10 19:47:16.509] [info]  Splash.onStateUpdate: {"status":"downloading-updates","current":3,"total":6,"progress":99}
[2025-04-10 19:47:16.526] [info]  DiscordSplash.onStateUpdate: {"status":"downloading-updates","current":3,"total":6,"progress":100}
[2025-04-10 19:47:16.526] [info]  Splash.onStateUpdate: {"status":"downloading-updates","current":3,"total":6,"progress":100}
[2025-04-10 19:47:16.526] [info]  DiscordSplash.onStateUpdate: {"status":"downloading-updates","current":4,"total":6}
[2025-04-10 19:47:16.527] [info]  Splash.onStateUpdate: {"status":"downloading-updates","current":4,"total":6}
[2025-04-10 19:47:16.799] [info]  DiscordSplash.onStateUpdate: {"status":"downloading-updates","current":4,"total":6,"progress":1}
[2025-04-10 19:47:16.800] [info]  Splash.onStateUpdate: {"status":"downloading-updates","current":4,"total":6,"progress":1}
[2025-04-10 19:47:16.812] [info]  DiscordSplash.onStateUpdate: {"status":"downloading-updates","current":4,"total":6,"progress":2}
[2025-04-10 19:47:16.813] [info]  Splash.onStateUpdate: {"status":"downloading-updates","current":4,"total":6,"progress":2}
[2025-04-10 19:47:16.824] [info]  DiscordSplash.onStateUpdate: {"status":"downloading-updates","current":4,"total":6,"progress":3}
[2025-04-10 19:47:16.824] [info]  Splash.onStateUpdate: {"status":"downloading-updates","current":4,"total":6,"progress":3}
[2025-04-10 19:47:16.827] [info]  DiscordSplash.onStateUpdate: {"status":"downloading-updates","current":4,"total":6,"progress":4}
[2025-04-10 19:47:16.827] [info]  Splash.onStateUpdate: {"status":"downloading-updates","current":4,"total":6,"progress":4}
[2025-04-10 19:47:16.839] [info]  DiscordSplash.onStateUpdate: {"status":"downloading-updates","current":4,"total":6,"progress":5}
[2025-04-10 19:47:16.839] [info]  Splash.onStateUpdate: {"status":"downloading-updates","current":4,"total":6,"progress":5}
[2025-04-10 19:47:16.848] [info]  DiscordSplash.onStateUpdate: {"status":"downloading-updates","current":4,"total":6,"progress":6}
[2025-04-10 19:47:16.848] [info]  Splash.onStateUpdate: {"status":"downloading-updates","current":4,"total":6,"progress":6}
[2025-04-10 19:47:16.856] [info]  DiscordSplash.onStateUpdate: {"status":"downloading-updates","current":4,"total":6,"progress":7}
[2025-04-10 19:47:16.856] [info]  Splash.onStateUpdate: {"status":"downloading-updates","current":4,"total":6,"progress":7}
[2025-04-10 19:47:16.861] [info]  DiscordSplash.onStateUpdate: {"status":"downloading-updates","current":4,"total":6,"progress":8}
[2025-04-10 19:47:16.861] [info]  Splash.onStateUpdate: {"status":"downloading-updates","current":4,"total":6,"progress":8}
[2025-04-10 19:47:16.871] [info]  DiscordSplash.onStateUpdate: {"status":"downloading-updates","current":4,"total":6,"progress":9}
[2025-04-10 19:47:16.871] [info]  Splash.onStateUpdate: {"status":"downloading-updates","current":4,"total":6,"progress":9}
[2025-04-10 19:47:16.874] [info]  DiscordSplash.onStateUpdate: {"status":"downloading-updates","current":4,"total":6,"progress":10}
[2025-04-10 19:47:16.874] [info]  Splash.onStateUpdate: {"status":"downloading-updates","current":4,"total":6,"progress":10}
[2025-04-10 19:47:16.886] [info]  DiscordSplash.onStateUpdate: {"status":"downloading-updates","current":4,"total":6,"progress":11}
[2025-04-10 19:47:16.887] [info]  Splash.onStateUpdate: {"status":"downloading-updates","current":4,"total":6,"progress":11}
[2025-04-10 19:47:16.892] [info]  DiscordSplash.onStateUpdate: {"status":"downloading-updates","current":4,"total":6,"progress":12}
[2025-04-10 19:47:16.893] [info]  Splash.onStateUpdate: {"status":"downloading-updates","current":4,"total":6,"progress":12}
[2025-04-10 19:47:16.896] [info]  DiscordSplash.onStateUpdate: {"status":"downloading-updates","current":4,"total":6,"progress":13}
[2025-04-10 19:47:16.896] [info]  Splash.onStateUpdate: {"status":"downloading-updates","current":4,"total":6,"progress":13}
[2025-04-10 19:47:16.904] [info]  DiscordSplash.onStateUpdate: {"status":"downloading-updates","current":4,"total":6,"progress":14}
[2025-04-10 19:47:16.904] [info]  Splash.onStateUpdate: {"status":"downloading-updates","current":4,"total":6,"progress":14}
[2025-04-10 19:47:16.918] [info]  DiscordSplash.onStateUpdate: {"status":"downloading-updates","current":4,"total":6,"progress":15}
[2025-04-10 19:47:16.918] [info]  Splash.onStateUpdate: {"status":"downloading-updates","current":4,"total":6,"progress":15}
[2025-04-10 19:47:16.929] [info]  DiscordSplash.onStateUpdate: {"status":"downloading-updates","current":4,"total":6,"progress":16}
[2025-04-10 19:47:16.929] [info]  Splash.onStateUpdate: {"status":"downloading-updates","current":4,"total":6,"progress":16}
[2025-04-10 19:47:16.938] [info]  DiscordSplash.onStateUpdate: {"status":"downloading-updates","current":4,"total":6,"progress":17}
[2025-04-10 19:47:16.938] [info]  Splash.onStateUpdate: {"status":"downloading-updates","current":4,"total":6,"progress":17}
[2025-04-10 19:47:16.949] [info]  DiscordSplash.onStateUpdate: {"status":"downloading-updates","current":4,"total":6,"progress":18}
[2025-04-10 19:47:16.949] [info]  Splash.onStateUpdate: {"status":"downloading-updates","current":4,"total":6,"progress":18}
[2025-04-10 19:47:16.962] [info]  DiscordSplash.onStateUpdate: {"status":"downloading-updates","current":4,"total":6,"progress":19}
[2025-04-10 19:47:16.962] [info]  Splash.onStateUpdate: {"status":"downloading-updates","current":4,"total":6,"progress":19}
[2025-04-10 19:47:16.973] [info]  DiscordSplash.onStateUpdate: {"status":"downloading-updates","current":4,"total":6,"progress":20}
[2025-04-10 19:47:16.973] [info]  Splash.onStateUpdate: {"status":"downloading-updates","current":4,"total":6,"progress":20}
[2025-04-10 19:47:16.985] [info]  DiscordSplash.onStateUpdate: {"status":"downloading-updates","current":4,"total":6,"progress":21}
[2025-04-10 19:47:16.985] [info]  Splash.onStateUpdate: {"status":"downloading-updates","current":4,"total":6,"progress":21}
[2025-04-10 19:47:16.997] [info]  DiscordSplash.onStateUpdate: {"status":"downloading-updates","current":4,"total":6,"progress":22}
[2025-04-10 19:47:16.997] [info]  Splash.onStateUpdate: {"status":"downloading-updates","current":4,"total":6,"progress":22}
[2025-04-10 19:47:17.010] [info]  DiscordSplash.onStateUpdate: {"status":"downloading-updates","current":4,"total":6,"progress":23}
[2025-04-10 19:47:17.010] [info]  Splash.onStateUpdate: {"status":"downloading-updates","current":4,"total":6,"progress":23}
[2025-04-10 19:47:17.015] [info]  DiscordSplash.onStateUpdate: {"status":"downloading-updates","current":4,"total":6,"progress":24}
[2025-04-10 19:47:17.015] [info]  Splash.onStateUpdate: {"status":"downloading-updates","current":4,"total":6,"progress":24}
[2025-04-10 19:47:17.033] [info]  DiscordSplash.onStateUpdate: {"status":"downloading-updates","current":4,"total":6,"progress":25}
[2025-04-10 19:47:17.034] [info]  Splash.onStateUpdate: {"status":"downloading-updates","current":4,"total":6,"progress":25}
[2025-04-10 19:47:17.044] [info]  DiscordSplash.onStateUpdate: {"status":"downloading-updates","current":4,"total":6,"progress":26}
[2025-04-10 19:47:17.044] [info]  Splash.onStateUpdate: {"status":"downloading-updates","current":4,"total":6,"progress":26}
[2025-04-10 19:47:17.049] [info]  DiscordSplash.onStateUpdate: {"status":"downloading-updates","current":4,"total":6,"progress":27}
[2025-04-10 19:47:17.049] [info]  Splash.onStateUpdate: {"status":"downloading-updates","current":4,"total":6,"progress":27}
[2025-04-10 19:47:17.069] [info]  DiscordSplash.onStateUpdate: {"status":"downloading-updates","current":4,"total":6,"progress":28}
[2025-04-10 19:47:17.069] [info]  Splash.onStateUpdate: {"status":"downloading-updates","current":4,"total":6,"progress":28}
[2025-04-10 19:47:17.080] [info]  DiscordSplash.onStateUpdate: {"status":"downloading-updates","current":4,"total":6,"progress":29}
[2025-04-10 19:47:17.080] [info]  Splash.onStateUpdate: {"status":"downloading-updates","current":4,"total":6,"progress":29}
[2025-04-10 19:47:17.093] [info]  DiscordSplash.onStateUpdate: {"status":"downloading-updates","current":4,"total":6,"progress":30}
[2025-04-10 19:47:17.093] [info]  Splash.onStateUpdate: {"status":"downloading-updates","current":4,"total":6,"progress":30}
[2025-04-10 19:47:17.102] [info]  DiscordSplash.onStateUpdate: {"status":"downloading-updates","current":4,"total":6,"progress":31}
[2025-04-10 19:47:17.102] [info]  Splash.onStateUpdate: {"status":"downloading-updates","current":4,"total":6,"progress":31}
[2025-04-10 19:47:17.114] [info]  DiscordSplash.onStateUpdate: {"status":"downloading-updates","current":4,"total":6,"progress":32}
[2025-04-10 19:47:17.114] [info]  Splash.onStateUpdate: {"status":"downloading-updates","current":4,"total":6,"progress":32}
[2025-04-10 19:47:17.125] [info]  DiscordSplash.onStateUpdate: {"status":"downloading-updates","current":4,"total":6,"progress":33}
[2025-04-10 19:47:17.125] [info]  Splash.onStateUpdate: {"status":"downloading-updates","current":4,"total":6,"progress":33}
[2025-04-10 19:47:17.138] [info]  DiscordSplash.onStateUpdate: {"status":"downloading-updates","current":4,"total":6,"progress":34}
[2025-04-10 19:47:17.138] [info]  Splash.onStateUpdate: {"status":"downloading-updates","current":4,"total":6,"progress":34}
[2025-04-10 19:47:17.151] [info]  DiscordSplash.onStateUpdate: {"status":"downloading-updates","current":4,"total":6,"progress":35}
[2025-04-10 19:47:17.152] [info]  Splash.onStateUpdate: {"status":"downloading-updates","current":4,"total":6,"progress":35}
[2025-04-10 19:47:17.171] [info]  DiscordSplash.onStateUpdate: {"status":"downloading-updates","current":4,"total":6,"progress":36}
[2025-04-10 19:47:17.171] [info]  Splash.onStateUpdate: {"status":"downloading-updates","current":4,"total":6,"progress":36}
[2025-04-10 19:47:17.177] [info]  DiscordSplash.onStateUpdate: {"status":"downloading-updates","current":4,"total":6,"progress":37}
[2025-04-10 19:47:17.177] [info]  Splash.onStateUpdate: {"status":"downloading-updates","current":4,"total":6,"progress":37}
[2025-04-10 19:47:17.194] [info]  DiscordSplash.onStateUpdate: {"status":"downloading-updates","current":4,"total":6,"progress":38}
[2025-04-10 19:47:17.194] [info]  Splash.onStateUpdate: {"status":"downloading-updates","current":4,"total":6,"progress":38}
[2025-04-10 19:47:17.206] [info]  DiscordSplash.onStateUpdate: {"status":"downloading-updates","current":4,"total":6,"progress":39}
[2025-04-10 19:47:17.207] [info]  Splash.onStateUpdate: {"status":"downloading-updates","current":4,"total":6,"progress":39}
[2025-04-10 19:47:17.214] [info]  DiscordSplash.onStateUpdate: {"status":"downloading-updates","current":4,"total":6,"progress":40}
[2025-04-10 19:47:17.215] [info]  Splash.onStateUpdate: {"status":"downloading-updates","current":4,"total":6,"progress":40}
[2025-04-10 19:47:17.232] [info]  DiscordSplash.onStateUpdate: {"status":"downloading-updates","current":4,"total":6,"progress":41}
[2025-04-10 19:47:17.232] [info]  Splash.onStateUpdate: {"status":"downloading-updates","current":4,"total":6,"progress":41}
[2025-04-10 19:47:17.238] [info]  DiscordSplash.onStateUpdate: {"status":"downloading-updates","current":4,"total":6,"progress":42}
[2025-04-10 19:47:17.238] [info]  Splash.onStateUpdate: {"status":"downloading-updates","current":4,"total":6,"progress":42}
[2025-04-10 19:47:17.250] [info]  DiscordSplash.onStateUpdate: {"status":"downloading-updates","current":4,"total":6,"progress":43}
[2025-04-10 19:47:17.250] [info]  Splash.onStateUpdate: {"status":"downloading-updates","current":4,"total":6,"progress":43}
[2025-04-10 19:47:17.268] [info]  DiscordSplash.onStateUpdate: {"status":"downloading-updates","current":4,"total":6,"progress":44}
[2025-04-10 19:47:17.268] [info]  Splash.onStateUpdate: {"status":"downloading-updates","current":4,"total":6,"progress":44}
[2025-04-10 19:47:17.277] [info]  DiscordSplash.onStateUpdate: {"status":"downloading-updates","current":4,"total":6,"progress":45}
[2025-04-10 19:47:17.277] [info]  Splash.onStateUpdate: {"status":"downloading-updates","current":4,"total":6,"progress":45}
[2025-04-10 19:47:17.288] [info]  DiscordSplash.onStateUpdate: {"status":"downloading-updates","current":4,"total":6,"progress":46}
[2025-04-10 19:47:17.288] [info]  Splash.onStateUpdate: {"status":"downloading-updates","current":4,"total":6,"progress":46}
[2025-04-10 19:47:17.301] [info]  Splash.updateCountdownSeconds: undefined
[2025-04-10 19:47:17.306] [info]  DiscordSplash.onStateUpdate: {"status":"downloading-updates","current":4,"total":6,"progress":47}
[2025-04-10 19:47:17.306] [info]  Splash.onStateUpdate: {"status":"downloading-updates","current":4,"total":6,"progress":47}
[2025-04-10 19:47:17.313] [info]  DiscordSplash.onStateUpdate: {"status":"downloading-updates","current":4,"total":6,"progress":48}
[2025-04-10 19:47:17.313] [info]  Splash.onStateUpdate: {"status":"downloading-updates","current":4,"total":6,"progress":48}
[2025-04-10 19:47:17.330] [info]  DiscordSplash.onStateUpdate: {"status":"downloading-updates","current":4,"total":6,"progress":49}
[2025-04-10 19:47:17.330] [info]  Splash.onStateUpdate: {"status":"downloading-updates","current":4,"total":6,"progress":49}
[2025-04-10 19:47:17.337] [info]  DiscordSplash.onStateUpdate: {"status":"downloading-updates","current":4,"total":6,"progress":50}
[2025-04-10 19:47:17.337] [info]  Splash.onStateUpdate: {"status":"downloading-updates","current":4,"total":6,"progress":50}
[2025-04-10 19:47:17.357] [info]  DiscordSplash.onStateUpdate: {"status":"downloading-updates","current":4,"total":6,"progress":51}
[2025-04-10 19:47:17.357] [info]  Splash.onStateUpdate: {"status":"downloading-updates","current":4,"total":6,"progress":51}
[2025-04-10 19:47:17.366] [info]  DiscordSplash.onStateUpdate: {"status":"downloading-updates","current":4,"total":6,"progress":52}
[2025-04-10 19:47:17.367] [info]  Splash.onStateUpdate: {"status":"downloading-updates","current":4,"total":6,"progress":52}
[2025-04-10 19:47:17.369] [info]  DiscordSplash.onStateUpdate: {"status":"downloading-updates","current":4,"total":6,"progress":53}
[2025-04-10 19:47:17.369] [info]  Splash.onStateUpdate: {"status":"downloading-updates","current":4,"total":6,"progress":53}
[2025-04-10 19:47:17.380] [info]  DiscordSplash.onStateUpdate: {"status":"downloading-updates","current":4,"total":6,"progress":54}
[2025-04-10 19:47:17.380] [info]  Splash.onStateUpdate: {"status":"downloading-updates","current":4,"total":6,"progress":54}
[2025-04-10 19:47:17.385] [info]  DiscordSplash.onStateUpdate: {"status":"downloading-updates","current":4,"total":6,"progress":55}
[2025-04-10 19:47:17.385] [info]  Splash.onStateUpdate: {"status":"downloading-updates","current":4,"total":6,"progress":55}
[2025-04-10 19:47:17.388] [info]  DiscordSplash.onStateUpdate: {"status":"downloading-updates","current":4,"total":6,"progress":56}
[2025-04-10 19:47:17.388] [info]  Splash.onStateUpdate: {"status":"downloading-updates","current":4,"total":6,"progress":56}
[2025-04-10 19:47:17.394] [info]  DiscordSplash.onStateUpdate: {"status":"downloading-updates","current":4,"total":6,"progress":57}
[2025-04-10 19:47:17.394] [info]  Splash.onStateUpdate: {"status":"downloading-updates","current":4,"total":6,"progress":57}
[2025-04-10 19:47:17.400] [info]  DiscordSplash.onStateUpdate: {"status":"downloading-updates","current":4,"total":6,"progress":58}
[2025-04-10 19:47:17.400] [info]  Splash.onStateUpdate: {"status":"downloading-updates","current":4,"total":6,"progress":58}
[2025-04-10 19:47:17.406] [info]  DiscordSplash.onStateUpdate: {"status":"downloading-updates","current":4,"total":6,"progress":59}
[2025-04-10 19:47:17.406] [info]  Splash.onStateUpdate: {"status":"downloading-updates","current":4,"total":6,"progress":59}
[2025-04-10 19:47:17.423] [info]  DiscordSplash.onStateUpdate: {"status":"downloading-updates","current":4,"total":6,"progress":60}
[2025-04-10 19:47:17.424] [info]  Splash.onStateUpdate: {"status":"downloading-updates","current":4,"total":6,"progress":60}
[2025-04-10 19:47:17.429] [info]  DiscordSplash.onStateUpdate: {"status":"downloading-updates","current":4,"total":6,"progress":61}
[2025-04-10 19:47:17.429] [info]  Splash.onStateUpdate: {"status":"downloading-updates","current":4,"total":6,"progress":61}
[2025-04-10 19:47:17.431] [info]  DiscordSplash.onStateUpdate: {"status":"downloading-updates","current":4,"total":6,"progress":62}
[2025-04-10 19:47:17.431] [info]  Splash.onStateUpdate: {"status":"downloading-updates","current":4,"total":6,"progress":62}
[2025-04-10 19:47:17.433] [info]  DiscordSplash.onStateUpdate: {"status":"downloading-updates","current":4,"total":6,"progress":63}
[2025-04-10 19:47:17.433] [info]  Splash.onStateUpdate: {"status":"downloading-updates","current":4,"total":6,"progress":63}
[2025-04-10 19:47:17.443] [info]  DiscordSplash.onStateUpdate: {"status":"downloading-updates","current":4,"total":6,"progress":64}
[2025-04-10 19:47:17.443] [info]  Splash.onStateUpdate: {"status":"downloading-updates","current":4,"total":6,"progress":64}
[2025-04-10 19:47:17.453] [info]  DiscordSplash.onStateUpdate: {"status":"downloading-updates","current":4,"total":6,"progress":65}
[2025-04-10 19:47:17.453] [info]  Splash.onStateUpdate: {"status":"downloading-updates","current":4,"total":6,"progress":65}
[2025-04-10 19:47:17.455] [info]  DiscordSplash.onStateUpdate: {"status":"downloading-updates","current":4,"total":6,"progress":66}
[2025-04-10 19:47:17.455] [info]  Splash.onStateUpdate: {"status":"downloading-updates","current":4,"total":6,"progress":66}
[2025-04-10 19:47:17.461] [info]  DiscordSplash.onStateUpdate: {"status":"downloading-updates","current":4,"total":6,"progress":67}
[2025-04-10 19:47:17.462] [info]  Splash.onStateUpdate: {"status":"downloading-updates","current":4,"total":6,"progress":67}
[2025-04-10 19:47:17.468] [info]  DiscordSplash.onStateUpdate: {"status":"downloading-updates","current":4,"total":6,"progress":68}
[2025-04-10 19:47:17.468] [info]  Splash.onStateUpdate: {"status":"downloading-updates","current":4,"total":6,"progress":68}
[2025-04-10 19:47:17.477] [info]  DiscordSplash.onStateUpdate: {"status":"downloading-updates","current":4,"total":6,"progress":69}
[2025-04-10 19:47:17.477] [info]  Splash.onStateUpdate: {"status":"downloading-updates","current":4,"total":6,"progress":69}
[2025-04-10 19:47:17.485] [info]  DiscordSplash.onStateUpdate: {"status":"downloading-updates","current":4,"total":6,"progress":70}
[2025-04-10 19:47:17.485] [info]  Splash.onStateUpdate: {"status":"downloading-updates","current":4,"total":6,"progress":70}
[2025-04-10 19:47:17.490] [info]  DiscordSplash.onStateUpdate: {"status":"downloading-updates","current":4,"total":6,"progress":71}
[2025-04-10 19:47:17.491] [info]  Splash.onStateUpdate: {"status":"downloading-updates","current":4,"total":6,"progress":71}
[2025-04-10 19:47:17.493] [info]  DiscordSplash.onStateUpdate: {"status":"downloading-updates","current":4,"total":6,"progress":72}
[2025-04-10 19:47:17.493] [info]  Splash.onStateUpdate: {"status":"downloading-updates","current":4,"total":6,"progress":72}
[2025-04-10 19:47:17.496] [info]  DiscordSplash.onStateUpdate: {"status":"downloading-updates","current":4,"total":6,"progress":73}
[2025-04-10 19:47:17.496] [info]  Splash.onStateUpdate: {"status":"downloading-updates","current":4,"total":6,"progress":73}
[2025-04-10 19:47:17.501] [info]  DiscordSplash.onStateUpdate: {"status":"downloading-updates","current":4,"total":6,"progress":74}
[2025-04-10 19:47:17.501] [info]  Splash.onStateUpdate: {"status":"downloading-updates","current":4,"total":6,"progress":74}
[2025-04-10 19:47:17.506] [info]  DiscordSplash.onStateUpdate: {"status":"downloading-updates","current":4,"total":6,"progress":75}
[2025-04-10 19:47:17.506] [info]  Splash.onStateUpdate: {"status":"downloading-updates","current":4,"total":6,"progress":75}
[2025-04-10 19:47:17.510] [info]  DiscordSplash.onStateUpdate: {"status":"downloading-updates","current":4,"total":6,"progress":76}
[2025-04-10 19:47:17.510] [info]  Splash.onStateUpdate: {"status":"downloading-updates","current":4,"total":6,"progress":76}
[2025-04-10 19:47:17.515] [info]  DiscordSplash.onStateUpdate: {"status":"downloading-updates","current":4,"total":6,"progress":77}
[2025-04-10 19:47:17.515] [info]  Splash.onStateUpdate: {"status":"downloading-updates","current":4,"total":6,"progress":77}
[2025-04-10 19:47:17.528] [info]  DiscordSplash.onStateUpdate: {"status":"downloading-updates","current":4,"total":6,"progress":78}
[2025-04-10 19:47:17.528] [info]  Splash.onStateUpdate: {"status":"downloading-updates","current":4,"total":6,"progress":78}
[2025-04-10 19:47:17.532] [info]  DiscordSplash.onStateUpdate: {"status":"downloading-updates","current":4,"total":6,"progress":79}
[2025-04-10 19:47:17.532] [info]  Splash.onStateUpdate: {"status":"downloading-updates","current":4,"total":6,"progress":79}
[2025-04-10 19:47:17.537] [info]  DiscordSplash.onStateUpdate: {"status":"downloading-updates","current":4,"total":6,"progress":80}
[2025-04-10 19:47:17.537] [info]  Splash.onStateUpdate: {"status":"downloading-updates","current":4,"total":6,"progress":80}
[2025-04-10 19:47:17.541] [info]  DiscordSplash.onStateUpdate: {"status":"downloading-updates","current":4,"total":6,"progress":81}
[2025-04-10 19:47:17.542] [info]  Splash.onStateUpdate: {"status":"downloading-updates","current":4,"total":6,"progress":81}
[2025-04-10 19:47:17.547] [info]  DiscordSplash.onStateUpdate: {"status":"downloading-updates","current":4,"total":6,"progress":82}
[2025-04-10 19:47:17.547] [info]  Splash.onStateUpdate: {"status":"downloading-updates","current":4,"total":6,"progress":82}
[2025-04-10 19:47:17.552] [info]  DiscordSplash.onStateUpdate: {"status":"downloading-updates","current":4,"total":6,"progress":83}
[2025-04-10 19:47:17.552] [info]  Splash.onStateUpdate: {"status":"downloading-updates","current":4,"total":6,"progress":83}
[2025-04-10 19:47:17.559] [info]  DiscordSplash.onStateUpdate: {"status":"downloading-updates","current":4,"total":6,"progress":84}
[2025-04-10 19:47:17.559] [info]  Splash.onStateUpdate: {"status":"downloading-updates","current":4,"total":6,"progress":84}
[2025-04-10 19:47:17.561] [info]  DiscordSplash.onStateUpdate: {"status":"downloading-updates","current":4,"total":6,"progress":85}
[2025-04-10 19:47:17.561] [info]  Splash.onStateUpdate: {"status":"downloading-updates","current":4,"total":6,"progress":85}
[2025-04-10 19:47:17.570] [info]  DiscordSplash.onStateUpdate: {"status":"downloading-updates","current":4,"total":6,"progress":86}
[2025-04-10 19:47:17.570] [info]  Splash.onStateUpdate: {"status":"downloading-updates","current":4,"total":6,"progress":86}
[2025-04-10 19:47:17.573] [info]  DiscordSplash.onStateUpdate: {"status":"downloading-updates","current":4,"total":6,"progress":87}
[2025-04-10 19:47:17.573] [info]  Splash.onStateUpdate: {"status":"downloading-updates","current":4,"total":6,"progress":87}
[2025-04-10 19:47:17.583] [info]  DiscordSplash.onStateUpdate: {"status":"downloading-updates","current":4,"total":6,"progress":88}
[2025-04-10 19:47:17.583] [info]  Splash.onStateUpdate: {"status":"downloading-updates","current":4,"total":6,"progress":88}
[2025-04-10 19:47:17.586] [info]  DiscordSplash.onStateUpdate: {"status":"downloading-updates","current":4,"total":6,"progress":89}
[2025-04-10 19:47:17.586] [info]  Splash.onStateUpdate: {"status":"downloading-updates","current":4,"total":6,"progress":89}
[2025-04-10 19:47:17.591] [info]  DiscordSplash.onStateUpdate: {"status":"downloading-updates","current":4,"total":6,"progress":90}
[2025-04-10 19:47:17.591] [info]  Splash.onStateUpdate: {"status":"downloading-updates","current":4,"total":6,"progress":90}
[2025-04-10 19:47:17.593] [info]  DiscordSplash.onStateUpdate: {"status":"downloading-updates","current":4,"total":6,"progress":91}
[2025-04-10 19:47:17.593] [info]  Splash.onStateUpdate: {"status":"downloading-updates","current":4,"total":6,"progress":91}
[2025-04-10 19:47:17.600] [info]  DiscordSplash.onStateUpdate: {"status":"downloading-updates","current":4,"total":6,"progress":92}
[2025-04-10 19:47:17.600] [info]  Splash.onStateUpdate: {"status":"downloading-updates","current":4,"total":6,"progress":92}
[2025-04-10 19:47:17.606] [info]  DiscordSplash.onStateUpdate: {"status":"downloading-updates","current":4,"total":6,"progress":93}
[2025-04-10 19:47:17.607] [info]  Splash.onStateUpdate: {"status":"downloading-updates","current":4,"total":6,"progress":93}
[2025-04-10 19:47:17.611] [info]  DiscordSplash.onStateUpdate: {"status":"downloading-updates","current":4,"total":6,"progress":94}
[2025-04-10 19:47:17.611] [info]  Splash.onStateUpdate: {"status":"downloading-updates","current":4,"total":6,"progress":94}
[2025-04-10 19:47:17.613] [info]  DiscordSplash.onStateUpdate: {"status":"downloading-updates","current":4,"total":6,"progress":95}
[2025-04-10 19:47:17.613] [info]  Splash.onStateUpdate: {"status":"downloading-updates","current":4,"total":6,"progress":95}
[2025-04-10 19:47:17.620] [info]  DiscordSplash.onStateUpdate: {"status":"downloading-updates","current":4,"total":6,"progress":96}
[2025-04-10 19:47:17.620] [info]  Splash.onStateUpdate: {"status":"downloading-updates","current":4,"total":6,"progress":96}
[2025-04-10 19:47:17.631] [info]  DiscordSplash.onStateUpdate: {"status":"downloading-updates","current":4,"total":6,"progress":97}
[2025-04-10 19:47:17.631] [info]  Splash.onStateUpdate: {"status":"downloading-updates","current":4,"total":6,"progress":97}
[2025-04-10 19:47:17.633] [info]  DiscordSplash.onStateUpdate: {"status":"downloading-updates","current":4,"total":6,"progress":98}
[2025-04-10 19:47:17.633] [info]  Splash.onStateUpdate: {"status":"downloading-updates","current":4,"total":6,"progress":98}
[2025-04-10 19:47:17.635] [info]  DiscordSplash.onStateUpdate: {"status":"downloading-updates","current":4,"total":6,"progress":99}
[2025-04-10 19:47:17.635] [info]  Splash.onStateUpdate: {"status":"downloading-updates","current":4,"total":6,"progress":99}
[2025-04-10 19:47:17.645] [info]  DiscordSplash.onStateUpdate: {"status":"downloading-updates","current":4,"total":6,"progress":100}
[2025-04-10 19:47:17.645] [info]  Splash.onStateUpdate: {"status":"downloading-updates","current":4,"total":6,"progress":100}
[2025-04-10 19:47:17.646] [info]  DiscordSplash.onStateUpdate: {"status":"downloading-updates","current":5,"total":6}
[2025-04-10 19:47:17.646] [info]  Splash.onStateUpdate: {"status":"downloading-updates","current":5,"total":6}
[2025-04-10 19:47:17.962] [info]  DiscordSplash.onStateUpdate: {"status":"downloading-updates","current":5,"total":6,"progress":1}
[2025-04-10 19:47:17.962] [info]  Splash.onStateUpdate: {"status":"downloading-updates","current":5,"total":6,"progress":1}
[2025-04-10 19:47:17.997] [info]  DiscordSplash.onStateUpdate: {"status":"downloading-updates","current":5,"total":6,"progress":2}
[2025-04-10 19:47:17.997] [info]  Splash.onStateUpdate: {"status":"downloading-updates","current":5,"total":6,"progress":2}
[2025-04-10 19:47:18.030] [info]  DiscordSplash.onStateUpdate: {"status":"downloading-updates","current":5,"total":6,"progress":3}
[2025-04-10 19:47:18.031] [info]  Splash.onStateUpdate: {"status":"downloading-updates","current":5,"total":6,"progress":3}
[2025-04-10 19:47:18.068] [info]  DiscordSplash.onStateUpdate: {"status":"downloading-updates","current":5,"total":6,"progress":4}
[2025-04-10 19:47:18.068] [info]  Splash.onStateUpdate: {"status":"downloading-updates","current":5,"total":6,"progress":4}
[2025-04-10 19:47:18.102] [info]  DiscordSplash.onStateUpdate: {"status":"downloading-updates","current":5,"total":6,"progress":5}
[2025-04-10 19:47:18.102] [info]  Splash.onStateUpdate: {"status":"downloading-updates","current":5,"total":6,"progress":5}
[2025-04-10 19:47:18.146] [info]  DiscordSplash.onStateUpdate: {"status":"downloading-updates","current":5,"total":6,"progress":6}
[2025-04-10 19:47:18.146] [info]  Splash.onStateUpdate: {"status":"downloading-updates","current":5,"total":6,"progress":6}
[2025-04-10 19:47:18.172] [info]  DiscordSplash.onStateUpdate: {"status":"downloading-updates","current":5,"total":6,"progress":7}
[2025-04-10 19:47:18.173] [info]  Splash.onStateUpdate: {"status":"downloading-updates","current":5,"total":6,"progress":7}
[2025-04-10 19:47:18.218] [info]  DiscordSplash.onStateUpdate: {"status":"downloading-updates","current":5,"total":6,"progress":8}
[2025-04-10 19:47:18.218] [info]  Splash.onStateUpdate: {"status":"downloading-updates","current":5,"total":6,"progress":8}
[2025-04-10 19:47:18.263] [info]  DiscordSplash.onStateUpdate: {"status":"downloading-updates","current":5,"total":6,"progress":9}
[2025-04-10 19:47:18.263] [info]  Splash.onStateUpdate: {"status":"downloading-updates","current":5,"total":6,"progress":9}
[2025-04-10 19:47:18.301] [info]  Splash.updateCountdownSeconds: undefined
[2025-04-10 19:47:18.305] [info]  DiscordSplash.onStateUpdate: {"status":"downloading-updates","current":5,"total":6,"progress":10}
[2025-04-10 19:47:18.306] [info]  Splash.onStateUpdate: {"status":"downloading-updates","current":5,"total":6,"progress":10}
[2025-04-10 19:47:18.342] [info]  DiscordSplash.onStateUpdate: {"status":"downloading-updates","current":5,"total":6,"progress":11}
[2025-04-10 19:47:18.343] [info]  Splash.onStateUpdate: {"status":"downloading-updates","current":5,"total":6,"progress":11}
[2025-04-10 19:47:18.393] [info]  DiscordSplash.onStateUpdate: {"status":"downloading-updates","current":5,"total":6,"progress":12}
[2025-04-10 19:47:18.393] [info]  Splash.onStateUpdate: {"status":"downloading-updates","current":5,"total":6,"progress":12}
[2025-04-10 19:47:18.426] [info]  DiscordSplash.onStateUpdate: {"status":"downloading-updates","current":5,"total":6,"progress":13}
[2025-04-10 19:47:18.426] [info]  Splash.onStateUpdate: {"status":"downloading-updates","current":5,"total":6,"progress":13}
[2025-04-10 19:47:18.477] [info]  DiscordSplash.onStateUpdate: {"status":"downloading-updates","current":5,"total":6,"progress":14}
[2025-04-10 19:47:18.477] [info]  Splash.onStateUpdate: {"status":"downloading-updates","current":5,"total":6,"progress":14}
[2025-04-10 19:47:18.519] [info]  DiscordSplash.onStateUpdate: {"status":"downloading-updates","current":5,"total":6,"progress":15}
[2025-04-10 19:47:18.519] [info]  Splash.onStateUpdate: {"status":"downloading-updates","current":5,"total":6,"progress":15}
[2025-04-10 19:47:18.560] [info]  DiscordSplash.onStateUpdate: {"status":"downloading-updates","current":5,"total":6,"progress":16}
[2025-04-10 19:47:18.560] [info]  Splash.onStateUpdate: {"status":"downloading-updates","current":5,"total":6,"progress":16}
[2025-04-10 19:47:18.585] [info]  DiscordSplash.onStateUpdate: {"status":"downloading-updates","current":5,"total":6,"progress":17}
[2025-04-10 19:47:18.586] [info]  Splash.onStateUpdate: {"status":"downloading-updates","current":5,"total":6,"progress":17}
[2025-04-10 19:47:18.621] [info]  DiscordSplash.onStateUpdate: {"status":"downloading-updates","current":5,"total":6,"progress":18}
[2025-04-10 19:47:18.622] [info]  Splash.onStateUpdate: {"status":"downloading-updates","current":5,"total":6,"progress":18}
[2025-04-10 19:47:18.650] [info]  DiscordSplash.onStateUpdate: {"status":"downloading-updates","current":5,"total":6,"progress":19}
[2025-04-10 19:47:18.650] [info]  Splash.onStateUpdate: {"status":"downloading-updates","current":5,"total":6,"progress":19}
[2025-04-10 19:47:18.677] [info]  DiscordSplash.onStateUpdate: {"status":"downloading-updates","current":5,"total":6,"progress":20}
[2025-04-10 19:47:18.677] [info]  Splash.onStateUpdate: {"status":"downloading-updates","current":5,"total":6,"progress":20}
[2025-04-10 19:47:18.716] [info]  DiscordSplash.onStateUpdate: {"status":"downloading-updates","current":5,"total":6,"progress":21}
[2025-04-10 19:47:18.717] [info]  Splash.onStateUpdate: {"status":"downloading-updates","current":5,"total":6,"progress":21}
[2025-04-10 19:47:18.744] [info]  DiscordSplash.onStateUpdate: {"status":"downloading-updates","current":5,"total":6,"progress":22}
[2025-04-10 19:47:18.745] [info]  Splash.onStateUpdate: {"status":"downloading-updates","current":5,"total":6,"progress":22}
[2025-04-10 19:47:18.777] [info]  DiscordSplash.onStateUpdate: {"status":"downloading-updates","current":5,"total":6,"progress":23}
[2025-04-10 19:47:18.777] [info]  Splash.onStateUpdate: {"status":"downloading-updates","current":5,"total":6,"progress":23}
[2025-04-10 19:47:18.809] [info]  DiscordSplash.onStateUpdate: {"status":"downloading-updates","current":5,"total":6,"progress":24}
[2025-04-10 19:47:18.809] [info]  Splash.onStateUpdate: {"status":"downloading-updates","current":5,"total":6,"progress":24}
[2025-04-10 19:47:18.836] [info]  DiscordSplash.onStateUpdate: {"status":"downloading-updates","current":5,"total":6,"progress":25}
[2025-04-10 19:47:18.836] [info]  Splash.onStateUpdate: {"status":"downloading-updates","current":5,"total":6,"progress":25}
[2025-04-10 19:47:18.867] [info]  DiscordSplash.onStateUpdate: {"status":"downloading-updates","current":5,"total":6,"progress":26}
[2025-04-10 19:47:18.867] [info]  Splash.onStateUpdate: {"status":"downloading-updates","current":5,"total":6,"progress":26}
[2025-04-10 19:47:18.899] [info]  DiscordSplash.onStateUpdate: {"status":"downloading-updates","current":5,"total":6,"progress":27}
[2025-04-10 19:47:18.899] [info]  Splash.onStateUpdate: {"status":"downloading-updates","current":5,"total":6,"progress":27}
[2025-04-10 19:47:18.922] [info]  DiscordSplash.onStateUpdate: {"status":"downloading-updates","current":5,"total":6,"progress":28}
[2025-04-10 19:47:18.923] [info]  Splash.onStateUpdate: {"status":"downloading-updates","current":5,"total":6,"progress":28}
[2025-04-10 19:47:18.948] [info]  DiscordSplash.onStateUpdate: {"status":"downloading-updates","current":5,"total":6,"progress":29}
[2025-04-10 19:47:18.949] [info]  Splash.onStateUpdate: {"status":"downloading-updates","current":5,"total":6,"progress":29}
[2025-04-10 19:47:18.974] [info]  DiscordSplash.onStateUpdate: {"status":"downloading-updates","current":5,"total":6,"progress":30}
[2025-04-10 19:47:18.974] [info]  Splash.onStateUpdate: {"status":"downloading-updates","current":5,"total":6,"progress":30}
[2025-04-10 19:47:19.009] [info]  DiscordSplash.onStateUpdate: {"status":"downloading-updates","current":5,"total":6,"progress":31}
[2025-04-10 19:47:19.009] [info]  Splash.onStateUpdate: {"status":"downloading-updates","current":5,"total":6,"progress":31}
[2025-04-10 19:47:19.024] [info]  DiscordSplash.onStateUpdate: {"status":"downloading-updates","current":5,"total":6,"progress":32}
[2025-04-10 19:47:19.025] [info]  Splash.onStateUpdate: {"status":"downloading-updates","current":5,"total":6,"progress":32}
[2025-04-10 19:47:19.049] [info]  DiscordSplash.onStateUpdate: {"status":"downloading-updates","current":5,"total":6,"progress":33}
[2025-04-10 19:47:19.050] [info]  Splash.onStateUpdate: {"status":"downloading-updates","current":5,"total":6,"progress":33}
[2025-04-10 19:47:19.066] [info]  DiscordSplash.onStateUpdate: {"status":"downloading-updates","current":5,"total":6,"progress":34}
[2025-04-10 19:47:19.067] [info]  Splash.onStateUpdate: {"status":"downloading-updates","current":5,"total":6,"progress":34}
[2025-04-10 19:47:19.106] [info]  DiscordSplash.onStateUpdate: {"status":"downloading-updates","current":5,"total":6,"progress":35}
[2025-04-10 19:47:19.106] [info]  Splash.onStateUpdate: {"status":"downloading-updates","current":5,"total":6,"progress":35}
[2025-04-10 19:47:19.127] [info]  DiscordSplash.onStateUpdate: {"status":"downloading-updates","current":5,"total":6,"progress":36}
[2025-04-10 19:47:19.127] [info]  Splash.onStateUpdate: {"status":"downloading-updates","current":5,"total":6,"progress":36}
[2025-04-10 19:47:19.151] [info]  DiscordSplash.onStateUpdate: {"status":"downloading-updates","current":5,"total":6,"progress":37}
[2025-04-10 19:47:19.151] [info]  Splash.onStateUpdate: {"status":"downloading-updates","current":5,"total":6,"progress":37}
[2025-04-10 19:47:19.173] [info]  DiscordSplash.onStateUpdate: {"status":"downloading-updates","current":5,"total":6,"progress":38}
[2025-04-10 19:47:19.173] [info]  Splash.onStateUpdate: {"status":"downloading-updates","current":5,"total":6,"progress":38}
[2025-04-10 19:47:19.193] [info]  DiscordSplash.onStateUpdate: {"status":"downloading-updates","current":5,"total":6,"progress":39}
[2025-04-10 19:47:19.193] [info]  Splash.onStateUpdate: {"status":"downloading-updates","current":5,"total":6,"progress":39}
[2025-04-10 19:47:19.212] [info]  DiscordSplash.onStateUpdate: {"status":"downloading-updates","current":5,"total":6,"progress":40}
[2025-04-10 19:47:19.213] [info]  Splash.onStateUpdate: {"status":"downloading-updates","current":5,"total":6,"progress":40}
[2025-04-10 19:47:19.234] [info]  DiscordSplash.onStateUpdate: {"status":"downloading-updates","current":5,"total":6,"progress":41}
[2025-04-10 19:47:19.235] [info]  Splash.onStateUpdate: {"status":"downloading-updates","current":5,"total":6,"progress":41}
[2025-04-10 19:47:19.255] [info]  DiscordSplash.onStateUpdate: {"status":"downloading-updates","current":5,"total":6,"progress":42}
[2025-04-10 19:47:19.255] [info]  Splash.onStateUpdate: {"status":"downloading-updates","current":5,"total":6,"progress":42}
[2025-04-10 19:47:19.276] [info]  DiscordSplash.onStateUpdate: {"status":"downloading-updates","current":5,"total":6,"progress":43}
[2025-04-10 19:47:19.276] [info]  Splash.onStateUpdate: {"status":"downloading-updates","current":5,"total":6,"progress":43}
[2025-04-10 19:47:19.294] [info]  DiscordSplash.onStateUpdate: {"status":"downloading-updates","current":5,"total":6,"progress":44}
[2025-04-10 19:47:19.295] [info]  Splash.onStateUpdate: {"status":"downloading-updates","current":5,"total":6,"progress":44}
[2025-04-10 19:47:19.301] [info]  Splash.updateCountdownSeconds: undefined
[2025-04-10 19:47:19.328] [info]  DiscordSplash.onStateUpdate: {"status":"downloading-updates","current":5,"total":6,"progress":45}
[2025-04-10 19:47:19.329] [info]  Splash.onStateUpdate: {"status":"downloading-updates","current":5,"total":6,"progress":45}
[2025-04-10 19:47:19.341] [info]  DiscordSplash.onStateUpdate: {"status":"downloading-updates","current":5,"total":6,"progress":46}
[2025-04-10 19:47:19.341] [info]  Splash.onStateUpdate: {"status":"downloading-updates","current":5,"total":6,"progress":46}
[2025-04-10 19:47:19.372] [info]  DiscordSplash.onStateUpdate: {"status":"downloading-updates","current":5,"total":6,"progress":47}
[2025-04-10 19:47:19.372] [info]  Splash.onStateUpdate: {"status":"downloading-updates","current":5,"total":6,"progress":47}
[2025-04-10 19:47:19.437] [info]  DiscordSplash.onStateUpdate: {"status":"downloading-updates","current":5,"total":6,"progress":48}
[2025-04-10 19:47:19.438] [info]  Splash.onStateUpdate: {"status":"downloading-updates","current":5,"total":6,"progress":48}
[2025-04-10 19:47:19.519] [info]  DiscordSplash.onStateUpdate: {"status":"downloading-updates","current":5,"total":6,"progress":49}
[2025-04-10 19:47:19.519] [info]  Splash.onStateUpdate: {"status":"downloading-updates","current":5,"total":6,"progress":49}
[2025-04-10 19:47:19.539] [info]  DiscordSplash.onStateUpdate: {"status":"downloading-updates","current":5,"total":6,"progress":50}
[2025-04-10 19:47:19.540] [info]  Splash.onStateUpdate: {"status":"downloading-updates","current":5,"total":6,"progress":50}
[2025-04-10 19:47:19.564] [info]  DiscordSplash.onStateUpdate: {"status":"downloading-updates","current":5,"total":6,"progress":51}
[2025-04-10 19:47:19.565] [info]  Splash.onStateUpdate: {"status":"downloading-updates","current":5,"total":6,"progress":51}
[2025-04-10 19:47:19.586] [info]  DiscordSplash.onStateUpdate: {"status":"downloading-updates","current":5,"total":6,"progress":52}
[2025-04-10 19:47:19.586] [info]  Splash.onStateUpdate: {"status":"downloading-updates","current":5,"total":6,"progress":52}
[2025-04-10 19:47:19.607] [info]  DiscordSplash.onStateUpdate: {"status":"downloading-updates","current":5,"total":6,"progress":53}
[2025-04-10 19:47:19.608] [info]  Splash.onStateUpdate: {"status":"downloading-updates","current":5,"total":6,"progress":53}
[2025-04-10 19:47:19.647] [info]  DiscordSplash.onStateUpdate: {"status":"downloading-updates","current":5,"total":6,"progress":54}
[2025-04-10 19:47:19.648] [info]  Splash.onStateUpdate: {"status":"downloading-updates","current":5,"total":6,"progress":54}
[2025-04-10 19:47:19.666] [info]  DiscordSplash.onStateUpdate: {"status":"downloading-updates","current":5,"total":6,"progress":55}
[2025-04-10 19:47:19.666] [info]  Splash.onStateUpdate: {"status":"downloading-updates","current":5,"total":6,"progress":55}
[2025-04-10 19:47:19.684] [info]  DiscordSplash.onStateUpdate: {"status":"downloading-updates","current":5,"total":6,"progress":56}
[2025-04-10 19:47:19.684] [info]  Splash.onStateUpdate: {"status":"downloading-updates","current":5,"total":6,"progress":56}
[2025-04-10 19:47:19.717] [info]  DiscordSplash.onStateUpdate: {"status":"downloading-updates","current":5,"total":6,"progress":57}
[2025-04-10 19:47:19.717] [info]  Splash.onStateUpdate: {"status":"downloading-updates","current":5,"total":6,"progress":57}
[2025-04-10 19:47:19.735] [info]  DiscordSplash.onStateUpdate: {"status":"downloading-updates","current":5,"total":6,"progress":58}
[2025-04-10 19:47:19.735] [info]  Splash.onStateUpdate: {"status":"downloading-updates","current":5,"total":6,"progress":58}
[2025-04-10 19:47:19.754] [info]  DiscordSplash.onStateUpdate: {"status":"downloading-updates","current":5,"total":6,"progress":59}
[2025-04-10 19:47:19.754] [info]  Splash.onStateUpdate: {"status":"downloading-updates","current":5,"total":6,"progress":59}
[2025-04-10 19:47:19.774] [info]  DiscordSplash.onStateUpdate: {"status":"downloading-updates","current":5,"total":6,"progress":60}
[2025-04-10 19:47:19.774] [info]  Splash.onStateUpdate: {"status":"downloading-updates","current":5,"total":6,"progress":60}
[2025-04-10 19:47:19.795] [info]  DiscordSplash.onStateUpdate: {"status":"downloading-updates","current":5,"total":6,"progress":61}
[2025-04-10 19:47:19.795] [info]  Splash.onStateUpdate: {"status":"downloading-updates","current":5,"total":6,"progress":61}
[2025-04-10 19:47:19.816] [info]  DiscordSplash.onStateUpdate: {"status":"downloading-updates","current":5,"total":6,"progress":62}
[2025-04-10 19:47:19.816] [info]  Splash.onStateUpdate: {"status":"downloading-updates","current":5,"total":6,"progress":62}
[2025-04-10 19:47:19.834] [info]  DiscordSplash.onStateUpdate: {"status":"downloading-updates","current":5,"total":6,"progress":63}
[2025-04-10 19:47:19.834] [info]  Splash.onStateUpdate: {"status":"downloading-updates","current":5,"total":6,"progress":63}
[2025-04-10 19:47:19.856] [info]  DiscordSplash.onStateUpdate: {"status":"downloading-updates","current":5,"total":6,"progress":64}
[2025-04-10 19:47:19.856] [info]  Splash.onStateUpdate: {"status":"downloading-updates","current":5,"total":6,"progress":64}
[2025-04-10 19:47:19.876] [info]  DiscordSplash.onStateUpdate: {"status":"downloading-updates","current":5,"total":6,"progress":65}
[2025-04-10 19:47:19.876] [info]  Splash.onStateUpdate: {"status":"downloading-updates","current":5,"total":6,"progress":65}
[2025-04-10 19:47:19.908] [info]  DiscordSplash.onStateUpdate: {"status":"downloading-updates","current":5,"total":6,"progress":66}
[2025-04-10 19:47:19.908] [info]  Splash.onStateUpdate: {"status":"downloading-updates","current":5,"total":6,"progress":66}
[2025-04-10 19:47:19.935] [info]  DiscordSplash.onStateUpdate: {"status":"downloading-updates","current":5,"total":6,"progress":67}
[2025-04-10 19:47:19.935] [info]  Splash.onStateUpdate: {"status":"downloading-updates","current":5,"total":6,"progress":67}
[2025-04-10 19:47:19.954] [info]  DiscordSplash.onStateUpdate: {"status":"downloading-updates","current":5,"total":6,"progress":68}
[2025-04-10 19:47:19.954] [info]  Splash.onStateUpdate: {"status":"downloading-updates","current":5,"total":6,"progress":68}
[2025-04-10 19:47:19.971] [info]  DiscordSplash.onStateUpdate: {"status":"downloading-updates","current":5,"total":6,"progress":69}
[2025-04-10 19:47:19.972] [info]  Splash.onStateUpdate: {"status":"downloading-updates","current":5,"total":6,"progress":69}
[2025-04-10 19:47:20.004] [info]  DiscordSplash.onStateUpdate: {"status":"downloading-updates","current":5,"total":6,"progress":70}
[2025-04-10 19:47:20.005] [info]  Splash.onStateUpdate: {"status":"downloading-updates","current":5,"total":6,"progress":70}
[2025-04-10 19:47:20.028] [info]  DiscordSplash.onStateUpdate: {"status":"downloading-updates","current":5,"total":6,"progress":71}
[2025-04-10 19:47:20.028] [info]  Splash.onStateUpdate: {"status":"downloading-updates","current":5,"total":6,"progress":71}
[2025-04-10 19:47:20.046] [info]  DiscordSplash.onStateUpdate: {"status":"downloading-updates","current":5,"total":6,"progress":72}
[2025-04-10 19:47:20.047] [info]  Splash.onStateUpdate: {"status":"downloading-updates","current":5,"total":6,"progress":72}
[2025-04-10 19:47:20.068] [info]  DiscordSplash.onStateUpdate: {"status":"downloading-updates","current":5,"total":6,"progress":73}
[2025-04-10 19:47:20.068] [info]  Splash.onStateUpdate: {"status":"downloading-updates","current":5,"total":6,"progress":73}
[2025-04-10 19:47:20.086] [info]  DiscordSplash.onStateUpdate: {"status":"downloading-updates","current":5,"total":6,"progress":74}
[2025-04-10 19:47:20.086] [info]  Splash.onStateUpdate: {"status":"downloading-updates","current":5,"total":6,"progress":74}
[2025-04-10 19:47:20.163] [info]  DiscordSplash.onStateUpdate: {"status":"downloading-updates","current":5,"total":6,"progress":75}
[2025-04-10 19:47:20.164] [info]  Splash.onStateUpdate: {"status":"downloading-updates","current":5,"total":6,"progress":75}
[2025-04-10 19:47:20.184] [info]  DiscordSplash.onStateUpdate: {"status":"downloading-updates","current":5,"total":6,"progress":76}
[2025-04-10 19:47:20.184] [info]  Splash.onStateUpdate: {"status":"downloading-updates","current":5,"total":6,"progress":76}
[2025-04-10 19:47:20.208] [info]  DiscordSplash.onStateUpdate: {"status":"downloading-updates","current":5,"total":6,"progress":77}
[2025-04-10 19:47:20.208] [info]  Splash.onStateUpdate: {"status":"downloading-updates","current":5,"total":6,"progress":77}
[2025-04-10 19:47:20.233] [info]  DiscordSplash.onStateUpdate: {"status":"downloading-updates","current":5,"total":6,"progress":78}
[2025-04-10 19:47:20.233] [info]  Splash.onStateUpdate: {"status":"downloading-updates","current":5,"total":6,"progress":78}
[2025-04-10 19:47:20.247] [info]  DiscordSplash.onStateUpdate: {"status":"downloading-updates","current":5,"total":6,"progress":79}
[2025-04-10 19:47:20.247] [info]  Splash.onStateUpdate: {"status":"downloading-updates","current":5,"total":6,"progress":79}
[2025-04-10 19:47:20.273] [info]  DiscordSplash.onStateUpdate: {"status":"downloading-updates","current":5,"total":6,"progress":80}
[2025-04-10 19:47:20.273] [info]  Splash.onStateUpdate: {"status":"downloading-updates","current":5,"total":6,"progress":80}
[2025-04-10 19:47:20.292] [info]  DiscordSplash.onStateUpdate: {"status":"downloading-updates","current":5,"total":6,"progress":81}
[2025-04-10 19:47:20.293] [info]  Splash.onStateUpdate: {"status":"downloading-updates","current":5,"total":6,"progress":81}
[2025-04-10 19:47:20.301] [info]  Splash.updateCountdownSeconds: undefined
[2025-04-10 19:47:20.310] [info]  DiscordSplash.onStateUpdate: {"status":"downloading-updates","current":5,"total":6,"progress":82}
[2025-04-10 19:47:20.310] [info]  Splash.onStateUpdate: {"status":"downloading-updates","current":5,"total":6,"progress":82}
[2025-04-10 19:47:20.337] [info]  DiscordSplash.onStateUpdate: {"status":"downloading-updates","current":5,"total":6,"progress":83}
[2025-04-10 19:47:20.337] [info]  Splash.onStateUpdate: {"status":"downloading-updates","current":5,"total":6,"progress":83}
[2025-04-10 19:47:20.355] [info]  DiscordSplash.onStateUpdate: {"status":"downloading-updates","current":5,"total":6,"progress":84}
[2025-04-10 19:47:20.356] [info]  Splash.onStateUpdate: {"status":"downloading-updates","current":5,"total":6,"progress":84}
[2025-04-10 19:47:20.374] [info]  DiscordSplash.onStateUpdate: {"status":"downloading-updates","current":5,"total":6,"progress":85}
[2025-04-10 19:47:20.375] [info]  Splash.onStateUpdate: {"status":"downloading-updates","current":5,"total":6,"progress":85}
[2025-04-10 19:47:20.394] [info]  DiscordSplash.onStateUpdate: {"status":"downloading-updates","current":5,"total":6,"progress":86}
[2025-04-10 19:47:20.394] [info]  Splash.onStateUpdate: {"status":"downloading-updates","current":5,"total":6,"progress":86}
[2025-04-10 19:47:20.422] [info]  DiscordSplash.onStateUpdate: {"status":"downloading-updates","current":5,"total":6,"progress":87}
[2025-04-10 19:47:20.422] [info]  Splash.onStateUpdate: {"status":"downloading-updates","current":5,"total":6,"progress":87}
[2025-04-10 19:47:20.440] [info]  DiscordSplash.onStateUpdate: {"status":"downloading-updates","current":5,"total":6,"progress":88}
[2025-04-10 19:47:20.440] [info]  Splash.onStateUpdate: {"status":"downloading-updates","current":5,"total":6,"progress":88}
[2025-04-10 19:47:20.460] [info]  DiscordSplash.onStateUpdate: {"status":"downloading-updates","current":5,"total":6,"progress":89}
[2025-04-10 19:47:20.460] [info]  Splash.onStateUpdate: {"status":"downloading-updates","current":5,"total":6,"progress":89}
[2025-04-10 19:47:20.478] [info]  DiscordSplash.onStateUpdate: {"status":"downloading-updates","current":5,"total":6,"progress":90}
[2025-04-10 19:47:20.479] [info]  Splash.onStateUpdate: {"status":"downloading-updates","current":5,"total":6,"progress":90}
[2025-04-10 19:47:20.500] [info]  DiscordSplash.onStateUpdate: {"status":"downloading-updates","current":5,"total":6,"progress":91}
[2025-04-10 19:47:20.500] [info]  Splash.onStateUpdate: {"status":"downloading-updates","current":5,"total":6,"progress":91}
[2025-04-10 19:47:20.522] [info]  DiscordSplash.onStateUpdate: {"status":"downloading-updates","current":5,"total":6,"progress":92}
[2025-04-10 19:47:20.523] [info]  Splash.onStateUpdate: {"status":"downloading-updates","current":5,"total":6,"progress":92}
[2025-04-10 19:47:20.540] [info]  DiscordSplash.onStateUpdate: {"status":"downloading-updates","current":5,"total":6,"progress":93}
[2025-04-10 19:47:20.541] [info]  Splash.onStateUpdate: {"status":"downloading-updates","current":5,"total":6,"progress":93}
[2025-04-10 19:47:20.562] [info]  DiscordSplash.onStateUpdate: {"status":"downloading-updates","current":5,"total":6,"progress":94}
[2025-04-10 19:47:20.562] [info]  Splash.onStateUpdate: {"status":"downloading-updates","current":5,"total":6,"progress":94}
[2025-04-10 19:47:20.582] [info]  DiscordSplash.onStateUpdate: {"status":"downloading-updates","current":5,"total":6,"progress":95}
[2025-04-10 19:47:20.582] [info]  Splash.onStateUpdate: {"status":"downloading-updates","current":5,"total":6,"progress":95}
[2025-04-10 19:47:20.600] [info]  DiscordSplash.onStateUpdate: {"status":"downloading-updates","current":5,"total":6,"progress":96}
[2025-04-10 19:47:20.600] [info]  Splash.onStateUpdate: {"status":"downloading-updates","current":5,"total":6,"progress":96}
[2025-04-10 19:47:20.622] [info]  DiscordSplash.onStateUpdate: {"status":"downloading-updates","current":5,"total":6,"progress":97}
[2025-04-10 19:47:20.622] [info]  Splash.onStateUpdate: {"status":"downloading-updates","current":5,"total":6,"progress":97}
[2025-04-10 19:47:20.648] [info]  DiscordSplash.onStateUpdate: {"status":"downloading-updates","current":5,"total":6,"progress":98}
[2025-04-10 19:47:20.648] [info]  Splash.onStateUpdate: {"status":"downloading-updates","current":5,"total":6,"progress":98}
[2025-04-10 19:47:20.668] [info]  DiscordSplash.onStateUpdate: {"status":"downloading-updates","current":5,"total":6,"progress":99}
[2025-04-10 19:47:20.668] [info]  Splash.onStateUpdate: {"status":"downloading-updates","current":5,"total":6,"progress":99}
[2025-04-10 19:47:20.688] [info]  DiscordSplash.onStateUpdate: {"status":"downloading-updates","current":5,"total":6,"progress":100}
[2025-04-10 19:47:20.688] [info]  Splash.onStateUpdate: {"status":"downloading-updates","current":5,"total":6,"progress":100}
[2025-04-10 19:47:20.688] [info]  DiscordSplash.onStateUpdate: {"status":"downloading-updates","current":6,"total":6}
[2025-04-10 19:47:20.688] [info]  Splash.onStateUpdate: {"status":"downloading-updates","current":6,"total":6}
[2025-04-10 19:47:20.982] [info]  DiscordSplash.onStateUpdate: {"status":"downloading-updates","current":6,"total":6,"progress":4}
[2025-04-10 19:47:20.982] [info]  Splash.onStateUpdate: {"status":"downloading-updates","current":6,"total":6,"progress":4}
[2025-04-10 19:47:20.982] [info]  DiscordSplash.onStateUpdate: {"status":"downloading-updates","current":6,"total":6,"progress":6}
[2025-04-10 19:47:20.982] [info]  Splash.onStateUpdate: {"status":"downloading-updates","current":6,"total":6,"progress":6}
[2025-04-10 19:47:20.985] [info]  DiscordSplash.onStateUpdate: {"status":"downloading-updates","current":6,"total":6,"progress":11}
[2025-04-10 19:47:20.986] [info]  Splash.onStateUpdate: {"status":"downloading-updates","current":6,"total":6,"progress":11}
[2025-04-10 19:47:20.988] [info]  DiscordSplash.onStateUpdate: {"status":"downloading-updates","current":6,"total":6,"progress":15}
[2025-04-10 19:47:20.988] [info]  Splash.onStateUpdate: {"status":"downloading-updates","current":6,"total":6,"progress":15}
[2025-04-10 19:47:20.989] [info]  DiscordSplash.onStateUpdate: {"status":"downloading-updates","current":6,"total":6,"progress":17}
[2025-04-10 19:47:20.989] [info]  Splash.onStateUpdate: {"status":"downloading-updates","current":6,"total":6,"progress":17}
[2025-04-10 19:47:20.990] [info]  DiscordSplash.onStateUpdate: {"status":"downloading-updates","current":6,"total":6,"progress":18}
[2025-04-10 19:47:20.990] [info]  Splash.onStateUpdate: {"status":"downloading-updates","current":6,"total":6,"progress":18}
[2025-04-10 19:47:20.990] [info]  DiscordSplash.onStateUpdate: {"status":"downloading-updates","current":6,"total":6,"progress":20}
[2025-04-10 19:47:20.990] [info]  Splash.onStateUpdate: {"status":"downloading-updates","current":6,"total":6,"progress":20}
[2025-04-10 19:47:20.991] [info]  DiscordSplash.onStateUpdate: {"status":"downloading-updates","current":6,"total":6,"progress":22}
[2025-04-10 19:47:20.991] [info]  Splash.onStateUpdate: {"status":"downloading-updates","current":6,"total":6,"progress":22}
[2025-04-10 19:47:20.993] [info]  DiscordSplash.onStateUpdate: {"status":"downloading-updates","current":6,"total":6,"progress":27}
[2025-04-10 19:47:20.993] [info]  Splash.onStateUpdate: {"status":"downloading-updates","current":6,"total":6,"progress":27}
[2025-04-10 19:47:20.999] [info]  DiscordSplash.onStateUpdate: {"status":"downloading-updates","current":6,"total":6,"progress":28}
[2025-04-10 19:47:20.999] [info]  Splash.onStateUpdate: {"status":"downloading-updates","current":6,"total":6,"progress":28}
[2025-04-10 19:47:21.001] [info]  DiscordSplash.onStateUpdate: {"status":"downloading-updates","current":6,"total":6,"progress":29}
[2025-04-10 19:47:21.001] [info]  Splash.onStateUpdate: {"status":"downloading-updates","current":6,"total":6,"progress":29}
[2025-04-10 19:47:21.002] [info]  DiscordSplash.onStateUpdate: {"status":"downloading-updates","current":6,"total":6,"progress":34}
[2025-04-10 19:47:21.003] [info]  Splash.onStateUpdate: {"status":"downloading-updates","current":6,"total":6,"progress":34}
[2025-04-10 19:47:21.006] [info]  DiscordSplash.onStateUpdate: {"status":"downloading-updates","current":6,"total":6,"progress":43}
[2025-04-10 19:47:21.006] [info]  Splash.onStateUpdate: {"status":"downloading-updates","current":6,"total":6,"progress":43}
[2025-04-10 19:47:21.007] [info]  DiscordSplash.onStateUpdate: {"status":"downloading-updates","current":6,"total":6,"progress":46}
[2025-04-10 19:47:21.007] [info]  Splash.onStateUpdate: {"status":"downloading-updates","current":6,"total":6,"progress":46}
[2025-04-10 19:47:21.008] [info]  DiscordSplash.onStateUpdate: {"status":"downloading-updates","current":6,"total":6,"progress":49}
[2025-04-10 19:47:21.008] [info]  Splash.onStateUpdate: {"status":"downloading-updates","current":6,"total":6,"progress":49}
[2025-04-10 19:47:21.010] [info]  DiscordSplash.onStateUpdate: {"status":"downloading-updates","current":6,"total":6,"progress":51}
[2025-04-10 19:47:21.010] [info]  Splash.onStateUpdate: {"status":"downloading-updates","current":6,"total":6,"progress":51}
[2025-04-10 19:47:21.014] [info]  DiscordSplash.onStateUpdate: {"status":"downloading-updates","current":6,"total":6,"progress":61}
[2025-04-10 19:47:21.014] [info]  Splash.onStateUpdate: {"status":"downloading-updates","current":6,"total":6,"progress":61}
[2025-04-10 19:47:21.016] [info]  DiscordSplash.onStateUpdate: {"status":"downloading-updates","current":6,"total":6,"progress":69}
[2025-04-10 19:47:21.017] [info]  Splash.onStateUpdate: {"status":"downloading-updates","current":6,"total":6,"progress":69}
[2025-04-10 19:47:21.022] [info]  DiscordSplash.onStateUpdate: {"status":"downloading-updates","current":6,"total":6,"progress":70}
[2025-04-10 19:47:21.022] [info]  Splash.onStateUpdate: {"status":"downloading-updates","current":6,"total":6,"progress":70}
[2025-04-10 19:47:21.025] [info]  DiscordSplash.onStateUpdate: {"status":"downloading-updates","current":6,"total":6,"progress":80}
[2025-04-10 19:47:21.025] [info]  Splash.onStateUpdate: {"status":"downloading-updates","current":6,"total":6,"progress":80}
[2025-04-10 19:47:21.027] [info]  DiscordSplash.onStateUpdate: {"status":"downloading-updates","current":6,"total":6,"progress":87}
[2025-04-10 19:47:21.027] [info]  Splash.onStateUpdate: {"status":"downloading-updates","current":6,"total":6,"progress":87}
[2025-04-10 19:47:21.028] [info]  DiscordSplash.onStateUpdate: {"status":"downloading-updates","current":6,"total":6,"progress":88}
[2025-04-10 19:47:21.028] [info]  Splash.onStateUpdate: {"status":"downloading-updates","current":6,"total":6,"progress":88}
[2025-04-10 19:47:21.029] [info]  DiscordSplash.onStateUpdate: {"status":"downloading-updates","current":6,"total":6,"progress":89}
[2025-04-10 19:47:21.029] [info]  Splash.onStateUpdate: {"status":"downloading-updates","current":6,"total":6,"progress":89}
[2025-04-10 19:47:21.031] [info]  DiscordSplash.onStateUpdate: {"status":"downloading-updates","current":6,"total":6,"progress":93}
[2025-04-10 19:47:21.032] [info]  Splash.onStateUpdate: {"status":"downloading-updates","current":6,"total":6,"progress":93}
[2025-04-10 19:47:21.032] [info]  DiscordSplash.onStateUpdate: {"status":"downloading-updates","current":6,"total":6,"progress":94}
[2025-04-10 19:47:21.032] [info]  Splash.onStateUpdate: {"status":"downloading-updates","current":6,"total":6,"progress":94}
[2025-04-10 19:47:21.033] [info]  DiscordSplash.onStateUpdate: {"status":"downloading-updates","current":6,"total":6,"progress":97}
[2025-04-10 19:47:21.033] [info]  Splash.onStateUpdate: {"status":"downloading-updates","current":6,"total":6,"progress":97}
[2025-04-10 19:47:21.034] [info]  DiscordSplash.onStateUpdate: {"status":"downloading-updates","current":6,"total":6,"progress":100}
[2025-04-10 19:47:21.034] [info]  Splash.onStateUpdate: {"status":"downloading-updates","current":6,"total":6,"progress":100}
[2025-04-10 19:47:21.035] [info]  DiscordSplash.onStateUpdate: {"status":"installing-updates","current":1,"total":6}
[2025-04-10 19:47:21.035] [info]  Splash.onStateUpdate: {"status":"installing-updates","current":1,"total":6}
[2025-04-10 19:47:21.037] [info]  DiscordSplash.onStateUpdate: {"status":"installing-updates","current":1,"total":6,"progress":33}
[2025-04-10 19:47:21.037] [info]  Splash.onStateUpdate: {"status":"installing-updates","current":1,"total":6,"progress":33}
[2025-04-10 19:47:21.044] [info]  DiscordSplash.onStateUpdate: {"status":"installing-updates","current":1,"total":6,"progress":66}
[2025-04-10 19:47:21.044] [info]  Splash.onStateUpdate: {"status":"installing-updates","current":1,"total":6,"progress":66}
[2025-04-10 19:47:21.117] [info]  DiscordSplash.onStateUpdate: {"status":"installing-updates","current":1,"total":6,"progress":100}
[2025-04-10 19:47:21.117] [info]  Splash.onStateUpdate: {"status":"installing-updates","current":1,"total":6,"progress":100}
[2025-04-10 19:47:21.118] [info]  DiscordSplash.onStateUpdate: {"status":"installing-updates","current":2,"total":6}
[2025-04-10 19:47:21.118] [info]  Splash.onStateUpdate: {"status":"installing-updates","current":2,"total":6}
[2025-04-10 19:47:21.119] [info]  DiscordSplash.onStateUpdate: {"status":"installing-updates","current":2,"total":6,"progress":25}
[2025-04-10 19:47:21.119] [info]  Splash.onStateUpdate: {"status":"installing-updates","current":2,"total":6,"progress":25}
[2025-04-10 19:47:21.120] [info]  DiscordSplash.onStateUpdate: {"status":"installing-updates","current":2,"total":6,"progress":50}
[2025-04-10 19:47:21.120] [info]  Splash.onStateUpdate: {"status":"installing-updates","current":2,"total":6,"progress":50}
[2025-04-10 19:47:21.121] [info]  DiscordSplash.onStateUpdate: {"status":"installing-updates","current":2,"total":6,"progress":75}
[2025-04-10 19:47:21.121] [info]  Splash.onStateUpdate: {"status":"installing-updates","current":2,"total":6,"progress":75}
[2025-04-10 19:47:21.176] [info]  DiscordSplash.onStateUpdate: {"status":"installing-updates","current":2,"total":6,"progress":100}
[2025-04-10 19:47:21.176] [info]  Splash.onStateUpdate: {"status":"installing-updates","current":2,"total":6,"progress":100}
[2025-04-10 19:47:21.177] [info]  DiscordSplash.onStateUpdate: {"status":"installing-updates","current":3,"total":6}
[2025-04-10 19:47:21.177] [info]  Splash.onStateUpdate: {"status":"installing-updates","current":3,"total":6}
[2025-04-10 19:47:21.178] [info]  DiscordSplash.onStateUpdate: {"status":"installing-updates","current":3,"total":6,"progress":0}
[2025-04-10 19:47:21.178] [info]  Splash.onStateUpdate: {"status":"installing-updates","current":3,"total":6,"progress":0}
[2025-04-10 19:47:21.179] [info]  DiscordSplash.onStateUpdate: {"status":"installing-updates","current":3,"total":6,"progress":0}
[2025-04-10 19:47:21.179] [info]  Splash.onStateUpdate: {"status":"installing-updates","current":3,"total":6,"progress":0}
[2025-04-10 19:47:21.180] [info]  DiscordSplash.onStateUpdate: {"status":"installing-updates","current":3,"total":6,"progress":0}
[2025-04-10 19:47:21.180] [info]  Splash.onStateUpdate: {"status":"installing-updates","current":3,"total":6,"progress":0}
[2025-04-10 19:47:21.181] [info]  DiscordSplash.onStateUpdate: {"status":"installing-updates","current":3,"total":6,"progress":0}
[2025-04-10 19:47:21.181] [info]  Splash.onStateUpdate: {"status":"installing-updates","current":3,"total":6,"progress":0}
[2025-04-10 19:47:21.183] [info]  DiscordSplash.onStateUpdate: {"status":"installing-updates","current":3,"total":6,"progress":0}
[2025-04-10 19:47:21.183] [info]  Splash.onStateUpdate: {"status":"installing-updates","current":3,"total":6,"progress":0}
[2025-04-10 19:47:21.184] [info]  DiscordSplash.onStateUpdate: {"status":"installing-updates","current":3,"total":6,"progress":0}
[2025-04-10 19:47:21.184] [info]  Splash.onStateUpdate: {"status":"installing-updates","current":3,"total":6,"progress":0}
[2025-04-10 19:47:21.184] [info]  DiscordSplash.onStateUpdate: {"status":"installing-updates","current":3,"total":6,"progress":1}
[2025-04-10 19:47:21.184] [info]  Splash.onStateUpdate: {"status":"installing-updates","current":3,"total":6,"progress":1}
[2025-04-10 19:47:21.185] [info]  DiscordSplash.onStateUpdate: {"status":"installing-updates","current":3,"total":6,"progress":1}
[2025-04-10 19:47:21.185] [info]  Splash.onStateUpdate: {"status":"installing-updates","current":3,"total":6,"progress":1}
[2025-04-10 19:47:21.186] [info]  DiscordSplash.onStateUpdate: {"status":"installing-updates","current":3,"total":6,"progress":1}
[2025-04-10 19:47:21.186] [info]  Splash.onStateUpdate: {"status":"installing-updates","current":3,"total":6,"progress":1}
[2025-04-10 19:47:21.187] [info]  DiscordSplash.onStateUpdate: {"status":"installing-updates","current":3,"total":6,"progress":1}
[2025-04-10 19:47:21.187] [info]  Splash.onStateUpdate: {"status":"installing-updates","current":3,"total":6,"progress":1}
[2025-04-10 19:47:21.188] [info]  DiscordSplash.onStateUpdate: {"status":"installing-updates","current":3,"total":6,"progress":1}
[2025-04-10 19:47:21.188] [info]  Splash.onStateUpdate: {"status":"installing-updates","current":3,"total":6,"progress":1}
[2025-04-10 19:47:21.189] [info]  DiscordSplash.onStateUpdate: {"status":"installing-updates","current":3,"total":6,"progress":1}
[2025-04-10 19:47:21.189] [info]  Splash.onStateUpdate: {"status":"installing-updates","current":3,"total":6,"progress":1}
[2025-04-10 19:47:21.190] [info]  DiscordSplash.onStateUpdate: {"status":"installing-updates","current":3,"total":6,"progress":2}
[2025-04-10 19:47:21.190] [info]  Splash.onStateUpdate: {"status":"installing-updates","current":3,"total":6,"progress":2}
[2025-04-10 19:47:21.191] [info]  DiscordSplash.onStateUpdate: {"status":"installing-updates","current":3,"total":6,"progress":2}
[2025-04-10 19:47:21.191] [info]  Splash.onStateUpdate: {"status":"installing-updates","current":3,"total":6,"progress":2}
[2025-04-10 19:47:21.192] [info]  DiscordSplash.onStateUpdate: {"status":"installing-updates","current":3,"total":6,"progress":2}
[2025-04-10 19:47:21.193] [info]  Splash.onStateUpdate: {"status":"installing-updates","current":3,"total":6,"progress":2}
[2025-04-10 19:47:21.193] [info]  DiscordSplash.onStateUpdate: {"status":"installing-updates","current":3,"total":6,"progress":2}
[2025-04-10 19:47:21.193] [info]  Splash.onStateUpdate: {"status":"installing-updates","current":3,"total":6,"progress":2}
[2025-04-10 19:47:21.194] [info]  DiscordSplash.onStateUpdate: {"status":"installing-updates","current":3,"total":6,"progress":2}
[2025-04-10 19:47:21.195] [info]  Splash.onStateUpdate: {"status":"installing-updates","current":3,"total":6,"progress":2}
[2025-04-10 19:47:21.195] [info]  DiscordSplash.onStateUpdate: {"status":"installing-updates","current":3,"total":6,"progress":2}
[2025-04-10 19:47:21.196] [info]  Splash.onStateUpdate: {"status":"installing-updates","current":3,"total":6,"progress":2}
[2025-04-10 19:47:21.197] [info]  DiscordSplash.onStateUpdate: {"status":"installing-updates","current":3,"total":6,"progress":3}
[2025-04-10 19:47:21.197] [info]  Splash.onStateUpdate: {"status":"installing-updates","current":3,"total":6,"progress":3}
[2025-04-10 19:47:21.198] [info]  DiscordSplash.onStateUpdate: {"status":"installing-updates","current":3,"total":6,"progress":3}
[2025-04-10 19:47:21.198] [info]  Splash.onStateUpdate: {"status":"installing-updates","current":3,"total":6,"progress":3}
[2025-04-10 19:47:21.199] [info]  DiscordSplash.onStateUpdate: {"status":"installing-updates","current":3,"total":6,"progress":3}
[2025-04-10 19:47:21.199] [info]  Splash.onStateUpdate: {"status":"installing-updates","current":3,"total":6,"progress":3}
[2025-04-10 19:47:21.200] [info]  DiscordSplash.onStateUpdate: {"status":"installing-updates","current":3,"total":6,"progress":3}
[2025-04-10 19:47:21.200] [info]  Splash.onStateUpdate: {"status":"installing-updates","current":3,"total":6,"progress":3}
[2025-04-10 19:47:21.201] [info]  DiscordSplash.onStateUpdate: {"status":"installing-updates","current":3,"total":6,"progress":3}
[2025-04-10 19:47:21.201] [info]  Splash.onStateUpdate: {"status":"installing-updates","current":3,"total":6,"progress":3}
[2025-04-10 19:47:21.202] [info]  DiscordSplash.onStateUpdate: {"status":"installing-updates","current":3,"total":6,"progress":3}
[2025-04-10 19:47:21.202] [info]  Splash.onStateUpdate: {"status":"installing-updates","current":3,"total":6,"progress":3}
[2025-04-10 19:47:21.203] [info]  DiscordSplash.onStateUpdate: {"status":"installing-updates","current":3,"total":6,"progress":4}
[2025-04-10 19:47:21.203] [info]  Splash.onStateUpdate: {"status":"installing-updates","current":3,"total":6,"progress":4}
[2025-04-10 19:47:21.204] [info]  DiscordSplash.onStateUpdate: {"status":"installing-updates","current":3,"total":6,"progress":4}
[2025-04-10 19:47:21.204] [info]  Splash.onStateUpdate: {"status":"installing-updates","current":3,"total":6,"progress":4}
[2025-04-10 19:47:21.204] [info]  DiscordSplash.onStateUpdate: {"status":"installing-updates","current":3,"total":6,"progress":4}
[2025-04-10 19:47:21.204] [info]  Splash.onStateUpdate: {"status":"installing-updates","current":3,"total":6,"progress":4}
[2025-04-10 19:47:21.205] [info]  DiscordSplash.onStateUpdate: {"status":"installing-updates","current":3,"total":6,"progress":4}
[2025-04-10 19:47:21.206] [info]  Splash.onStateUpdate: {"status":"installing-updates","current":3,"total":6,"progress":4}
[2025-04-10 19:47:21.206] [info]  DiscordSplash.onStateUpdate: {"status":"installing-updates","current":3,"total":6,"progress":4}
[2025-04-10 19:47:21.206] [info]  Splash.onStateUpdate: {"status":"installing-updates","current":3,"total":6,"progress":4}
[2025-04-10 19:47:21.208] [info]  DiscordSplash.onStateUpdate: {"status":"installing-updates","current":3,"total":6,"progress":4}
[2025-04-10 19:47:21.208] [info]  Splash.onStateUpdate: {"status":"installing-updates","current":3,"total":6,"progress":4}
[2025-04-10 19:47:21.209] [info]  DiscordSplash.onStateUpdate: {"status":"installing-updates","current":3,"total":6,"progress":5}
[2025-04-10 19:47:21.209] [info]  Splash.onStateUpdate: {"status":"installing-updates","current":3,"total":6,"progress":5}
[2025-04-10 19:47:21.210] [info]  DiscordSplash.onStateUpdate: {"status":"installing-updates","current":3,"total":6,"progress":5}
[2025-04-10 19:47:21.210] [info]  Splash.onStateUpdate: {"status":"installing-updates","current":3,"total":6,"progress":5}
[2025-04-10 19:47:21.211] [info]  DiscordSplash.onStateUpdate: {"status":"installing-updates","current":3,"total":6,"progress":5}
[2025-04-10 19:47:21.211] [info]  Splash.onStateUpdate: {"status":"installing-updates","current":3,"total":6,"progress":5}
[2025-04-10 19:47:21.212] [info]  DiscordSplash.onStateUpdate: {"status":"installing-updates","current":3,"total":6,"progress":5}
[2025-04-10 19:47:21.212] [info]  Splash.onStateUpdate: {"status":"installing-updates","current":3,"total":6,"progress":5}
[2025-04-10 19:47:21.213] [info]  DiscordSplash.onStateUpdate: {"status":"installing-updates","current":3,"total":6,"progress":5}
[2025-04-10 19:47:21.213] [info]  Splash.onStateUpdate: {"status":"installing-updates","current":3,"total":6,"progress":5}
[2025-04-10 19:47:21.214] [info]  DiscordSplash.onStateUpdate: {"status":"installing-updates","current":3,"total":6,"progress":5}
[2025-04-10 19:47:21.214] [info]  Splash.onStateUpdate: {"status":"installing-updates","current":3,"total":6,"progress":5}
[2025-04-10 19:47:21.215] [info]  DiscordSplash.onStateUpdate: {"status":"installing-updates","current":3,"total":6,"progress":5}
[2025-04-10 19:47:21.215] [info]  Splash.onStateUpdate: {"status":"installing-updates","current":3,"total":6,"progress":5}
[2025-04-10 19:47:21.216] [info]  DiscordSplash.onStateUpdate: {"status":"installing-updates","current":3,"total":6,"progress":6}
[2025-04-10 19:47:21.216] [info]  Splash.onStateUpdate: {"status":"installing-updates","current":3,"total":6,"progress":6}
[2025-04-10 19:47:21.217] [info]  DiscordSplash.onStateUpdate: {"status":"installing-updates","current":3,"total":6,"progress":6}
[2025-04-10 19:47:21.217] [info]  Splash.onStateUpdate: {"status":"installing-updates","current":3,"total":6,"progress":6}
[2025-04-10 19:47:21.219] [info]  DiscordSplash.onStateUpdate: {"status":"installing-updates","current":3,"total":6,"progress":6}
[2025-04-10 19:47:21.219] [info]  Splash.onStateUpdate: {"status":"installing-updates","current":3,"total":6,"progress":6}
[2025-04-10 19:47:21.220] [info]  DiscordSplash.onStateUpdate: {"status":"installing-updates","current":3,"total":6,"progress":6}
[2025-04-10 19:47:21.220] [info]  Splash.onStateUpdate: {"status":"installing-updates","current":3,"total":6,"progress":6}
[2025-04-10 19:47:21.221] [info]  DiscordSplash.onStateUpdate: {"status":"installing-updates","current":3,"total":6,"progress":6}
[2025-04-10 19:47:21.221] [info]  Splash.onStateUpdate: {"status":"installing-updates","current":3,"total":6,"progress":6}
[2025-04-10 19:47:21.222] [info]  DiscordSplash.onStateUpdate: {"status":"installing-updates","current":3,"total":6,"progress":6}
[2025-04-10 19:47:21.222] [info]  Splash.onStateUpdate: {"status":"installing-updates","current":3,"total":6,"progress":6}
[2025-04-10 19:47:21.223] [info]  DiscordSplash.onStateUpdate: {"status":"installing-updates","current":3,"total":6,"progress":7}
[2025-04-10 19:47:21.223] [info]  Splash.onStateUpdate: {"status":"installing-updates","current":3,"total":6,"progress":7}
[2025-04-10 19:47:21.224] [info]  DiscordSplash.onStateUpdate: {"status":"installing-updates","current":3,"total":6,"progress":7}
[2025-04-10 19:47:21.224] [info]  Splash.onStateUpdate: {"status":"installing-updates","current":3,"total":6,"progress":7}
[2025-04-10 19:47:21.225] [info]  DiscordSplash.onStateUpdate: {"status":"installing-updates","current":3,"total":6,"progress":7}
[2025-04-10 19:47:21.225] [info]  Splash.onStateUpdate: {"status":"installing-updates","current":3,"total":6,"progress":7}
[2025-04-10 19:47:21.226] [info]  DiscordSplash.onStateUpdate: {"status":"installing-updates","current":3,"total":6,"progress":7}
[2025-04-10 19:47:21.226] [info]  Splash.onStateUpdate: {"status":"installing-updates","current":3,"total":6,"progress":7}
[2025-04-10 19:47:21.227] [info]  DiscordSplash.onStateUpdate: {"status":"installing-updates","current":3,"total":6,"progress":7}
[2025-04-10 19:47:21.227] [info]  Splash.onStateUpdate: {"status":"installing-updates","current":3,"total":6,"progress":7}
[2025-04-10 19:47:21.228] [info]  DiscordSplash.onStateUpdate: {"status":"installing-updates","current":3,"total":6,"progress":7}
[2025-04-10 19:47:21.229] [info]  Splash.onStateUpdate: {"status":"installing-updates","current":3,"total":6,"progress":7}
[2025-04-10 19:47:21.229] [info]  DiscordSplash.onStateUpdate: {"status":"installing-updates","current":3,"total":6,"progress":8}
[2025-04-10 19:47:21.229] [info]  Splash.onStateUpdate: {"status":"installing-updates","current":3,"total":6,"progress":8}
[2025-04-10 19:47:21.230] [info]  DiscordSplash.onStateUpdate: {"status":"installing-updates","current":3,"total":6,"progress":8}
[2025-04-10 19:47:21.230] [info]  Splash.onStateUpdate: {"status":"installing-updates","current":3,"total":6,"progress":8}
[2025-04-10 19:47:21.231] [info]  DiscordSplash.onStateUpdate: {"status":"installing-updates","current":3,"total":6,"progress":8}
[2025-04-10 19:47:21.231] [info]  Splash.onStateUpdate: {"status":"installing-updates","current":3,"total":6,"progress":8}
[2025-04-10 19:47:21.232] [info]  DiscordSplash.onStateUpdate: {"status":"installing-updates","current":3,"total":6,"progress":8}
[2025-04-10 19:47:21.232] [info]  Splash.onStateUpdate: {"status":"installing-updates","current":3,"total":6,"progress":8}
[2025-04-10 19:47:21.233] [info]  DiscordSplash.onStateUpdate: {"status":"installing-updates","current":3,"total":6,"progress":8}
[2025-04-10 19:47:21.233] [info]  Splash.onStateUpdate: {"status":"installing-updates","current":3,"total":6,"progress":8}
[2025-04-10 19:47:21.234] [info]  DiscordSplash.onStateUpdate: {"status":"installing-updates","current":3,"total":6,"progress":8}
[2025-04-10 19:47:21.234] [info]  Splash.onStateUpdate: {"status":"installing-updates","current":3,"total":6,"progress":8}
[2025-04-10 19:47:21.235] [info]  DiscordSplash.onStateUpdate: {"status":"installing-updates","current":3,"total":6,"progress":9}
[2025-04-10 19:47:21.235] [info]  Splash.onStateUpdate: {"status":"installing-updates","current":3,"total":6,"progress":9}
[2025-04-10 19:47:21.236] [info]  DiscordSplash.onStateUpdate: {"status":"installing-updates","current":3,"total":6,"progress":9}
[2025-04-10 19:47:21.236] [info]  Splash.onStateUpdate: {"status":"installing-updates","current":3,"total":6,"progress":9}
[2025-04-10 19:47:21.237] [info]  DiscordSplash.onStateUpdate: {"status":"installing-updates","current":3,"total":6,"progress":9}
[2025-04-10 19:47:21.237] [info]  Splash.onStateUpdate: {"status":"installing-updates","current":3,"total":6,"progress":9}
[2025-04-10 19:47:21.238] [info]  DiscordSplash.onStateUpdate: {"status":"installing-updates","current":3,"total":6,"progress":9}
[2025-04-10 19:47:21.238] [info]  Splash.onStateUpdate: {"status":"installing-updates","current":3,"total":6,"progress":9}
[2025-04-10 19:47:21.239] [info]  DiscordSplash.onStateUpdate: {"status":"installing-updates","current":3,"total":6,"progress":9}
[2025-04-10 19:47:21.239] [info]  Splash.onStateUpdate: {"status":"installing-updates","current":3,"total":6,"progress":9}
[2025-04-10 19:47:21.240] [info]  DiscordSplash.onStateUpdate: {"status":"installing-updates","current":3,"total":6,"progress":9}
[2025-04-10 19:47:21.240] [info]  Splash.onStateUpdate: {"status":"installing-updates","current":3,"total":6,"progress":9}
[2025-04-10 19:47:21.240] [info]  DiscordSplash.onStateUpdate: {"status":"installing-updates","current":3,"total":6,"progress":10}
[2025-04-10 19:47:21.241] [info]  Splash.onStateUpdate: {"status":"installing-updates","current":3,"total":6,"progress":10}
[2025-04-10 19:47:21.242] [info]  DiscordSplash.onStateUpdate: {"status":"installing-updates","current":3,"total":6,"progress":10}
[2025-04-10 19:47:21.242] [info]  Splash.onStateUpdate: {"status":"installing-updates","current":3,"total":6,"progress":10}
[2025-04-10 19:47:21.243] [info]  DiscordSplash.onStateUpdate: {"status":"installing-updates","current":3,"total":6,"progress":10}
[2025-04-10 19:47:21.243] [info]  Splash.onStateUpdate: {"status":"installing-updates","current":3,"total":6,"progress":10}
[2025-04-10 19:47:21.244] [info]  DiscordSplash.onStateUpdate: {"status":"installing-updates","current":3,"total":6,"progress":10}
[2025-04-10 19:47:21.244] [info]  Splash.onStateUpdate: {"status":"installing-updates","current":3,"total":6,"progress":10}
[2025-04-10 19:47:21.245] [info]  DiscordSplash.onStateUpdate: {"status":"installing-updates","current":3,"total":6,"progress":10}
[2025-04-10 19:47:21.245] [info]  Splash.onStateUpdate: {"status":"installing-updates","current":3,"total":6,"progress":10}
[2025-04-10 19:47:21.246] [info]  DiscordSplash.onStateUpdate: {"status":"installing-updates","current":3,"total":6,"progress":10}
[2025-04-10 19:47:21.246] [info]  Splash.onStateUpdate: {"status":"installing-updates","current":3,"total":6,"progress":10}
[2025-04-10 19:47:21.247] [info]  DiscordSplash.onStateUpdate: {"status":"installing-updates","current":3,"total":6,"progress":11}
[2025-04-10 19:47:21.247] [info]  Splash.onStateUpdate: {"status":"installing-updates","current":3,"total":6,"progress":11}
[2025-04-10 19:47:21.248] [info]  DiscordSplash.onStateUpdate: {"status":"installing-updates","current":3,"total":6,"progress":11}
[2025-04-10 19:47:21.248] [info]  Splash.onStateUpdate: {"status":"installing-updates","current":3,"total":6,"progress":11}
[2025-04-10 19:47:21.249] [info]  DiscordSplash.onStateUpdate: {"status":"installing-updates","current":3,"total":6,"progress":11}
[2025-04-10 19:47:21.249] [info]  Splash.onStateUpdate: {"status":"installing-updates","current":3,"total":6,"progress":11}
[2025-04-10 19:47:21.250] [info]  DiscordSplash.onStateUpdate: {"status":"installing-updates","current":3,"total":6,"progress":11}
[2025-04-10 19:47:21.250] [info]  Splash.onStateUpdate: {"status":"installing-updates","current":3,"total":6,"progress":11}
[2025-04-10 19:47:21.250] [info]  DiscordSplash.onStateUpdate: {"status":"installing-updates","current":3,"total":6,"progress":11}
[2025-04-10 19:47:21.251] [info]  Splash.onStateUpdate: {"status":"installing-updates","current":3,"total":6,"progress":11}
[2025-04-10 19:47:21.251] [info]  DiscordSplash.onStateUpdate: {"status":"installing-updates","current":3,"total":6,"progress":11}
[2025-04-10 19:47:21.251] [info]  Splash.onStateUpdate: {"status":"installing-updates","current":3,"total":6,"progress":11}
[2025-04-10 19:47:21.253] [info]  DiscordSplash.onStateUpdate: {"status":"installing-updates","current":3,"total":6,"progress":11}
[2025-04-10 19:47:21.253] [info]  Splash.onStateUpdate: {"status":"installing-updates","current":3,"total":6,"progress":11}
[2025-04-10 19:47:21.253] [info]  DiscordSplash.onStateUpdate: {"status":"installing-updates","current":3,"total":6,"progress":12}
[2025-04-10 19:47:21.254] [info]  Splash.onStateUpdate: {"status":"installing-updates","current":3,"total":6,"progress":12}
[2025-04-10 19:47:21.254] [info]  DiscordSplash.onStateUpdate: {"status":"installing-updates","current":3,"total":6,"progress":12}
[2025-04-10 19:47:21.255] [info]  Splash.onStateUpdate: {"status":"installing-updates","current":3,"total":6,"progress":12}
[2025-04-10 19:47:21.256] [info]  DiscordSplash.onStateUpdate: {"status":"installing-updates","current":3,"total":6,"progress":12}
[2025-04-10 19:47:21.256] [info]  Splash.onStateUpdate: {"status":"installing-updates","current":3,"total":6,"progress":12}
[2025-04-10 19:47:21.257] [info]  DiscordSplash.onStateUpdate: {"status":"installing-updates","current":3,"total":6,"progress":12}
[2025-04-10 19:47:21.257] [info]  Splash.onStateUpdate: {"status":"installing-updates","current":3,"total":6,"progress":12}
[2025-04-10 19:47:21.258] [info]  DiscordSplash.onStateUpdate: {"status":"installing-updates","current":3,"total":6,"progress":12}
[2025-04-10 19:47:21.258] [info]  Splash.onStateUpdate: {"status":"installing-updates","current":3,"total":6,"progress":12}
[2025-04-10 19:47:21.259] [info]  DiscordSplash.onStateUpdate: {"status":"installing-updates","current":3,"total":6,"progress":12}
[2025-04-10 19:47:21.259] [info]  Splash.onStateUpdate: {"status":"installing-updates","current":3,"total":6,"progress":12}
[2025-04-10 19:47:21.260] [info]  DiscordSplash.onStateUpdate: {"status":"installing-updates","current":3,"total":6,"progress":13}
[2025-04-10 19:47:21.260] [info]  Splash.onStateUpdate: {"status":"installing-updates","current":3,"total":6,"progress":13}
[2025-04-10 19:47:21.262] [info]  DiscordSplash.onStateUpdate: {"status":"installing-updates","current":3,"total":6,"progress":13}
[2025-04-10 19:47:21.262] [info]  Splash.onStateUpdate: {"status":"installing-updates","current":3,"total":6,"progress":13}
[2025-04-10 19:47:21.263] [info]  DiscordSplash.onStateUpdate: {"status":"installing-updates","current":3,"total":6,"progress":13}
[2025-04-10 19:47:21.263] [info]  Splash.onStateUpdate: {"status":"installing-updates","current":3,"total":6,"progress":13}
[2025-04-10 19:47:21.264] [info]  DiscordSplash.onStateUpdate: {"status":"installing-updates","current":3,"total":6,"progress":13}
[2025-04-10 19:47:21.264] [info]  Splash.onStateUpdate: {"status":"installing-updates","current":3,"total":6,"progress":13}
[2025-04-10 19:47:21.265] [info]  DiscordSplash.onStateUpdate: {"status":"installing-updates","current":3,"total":6,"progress":13}
[2025-04-10 19:47:21.265] [info]  Splash.onStateUpdate: {"status":"installing-updates","current":3,"total":6,"progress":13}
[2025-04-10 19:47:21.266] [info]  DiscordSplash.onStateUpdate: {"status":"installing-updates","current":3,"total":6,"progress":13}
[2025-04-10 19:47:21.266] [info]  Splash.onStateUpdate: {"status":"installing-updates","current":3,"total":6,"progress":13}
[2025-04-10 19:47:21.267] [info]  DiscordSplash.onStateUpdate: {"status":"installing-updates","current":3,"total":6,"progress":14}
[2025-04-10 19:47:21.267] [info]  Splash.onStateUpdate: {"status":"installing-updates","current":3,"total":6,"progress":14}
[2025-04-10 19:47:21.301] [info]  Splash.updateCountdownSeconds: undefined
[2025-04-10 19:47:21.344] [info]  DiscordSplash.onStateUpdate: {"status":"installing-updates","current":3,"total":6,"progress":14}
[2025-04-10 19:47:21.344] [info]  Splash.onStateUpdate: {"status":"installing-updates","current":3,"total":6,"progress":14}
[2025-04-10 19:47:21.424] [info]  DiscordSplash.onStateUpdate: {"status":"installing-updates","current":3,"total":6,"progress":14}
[2025-04-10 19:47:21.425] [info]  Splash.onStateUpdate: {"status":"installing-updates","current":3,"total":6,"progress":14}
[2025-04-10 19:47:21.426] [info]  DiscordSplash.onStateUpdate: {"status":"installing-updates","current":3,"total":6,"progress":14}
[2025-04-10 19:47:21.426] [info]  Splash.onStateUpdate: {"status":"installing-updates","current":3,"total":6,"progress":14}
[2025-04-10 19:47:21.427] [info]  DiscordSplash.onStateUpdate: {"status":"installing-updates","current":3,"total":6,"progress":14}
[2025-04-10 19:47:21.427] [info]  Splash.onStateUpdate: {"status":"installing-updates","current":3,"total":6,"progress":14}
[2025-04-10 19:47:21.428] [info]  DiscordSplash.onStateUpdate: {"status":"installing-updates","current":3,"total":6,"progress":14}
[2025-04-10 19:47:21.428] [info]  Splash.onStateUpdate: {"status":"installing-updates","current":3,"total":6,"progress":14}
[2025-04-10 19:47:21.429] [info]  DiscordSplash.onStateUpdate: {"status":"installing-updates","current":3,"total":6,"progress":15}
[2025-04-10 19:47:21.429] [info]  Splash.onStateUpdate: {"status":"installing-updates","current":3,"total":6,"progress":15}
[2025-04-10 19:47:21.430] [info]  DiscordSplash.onStateUpdate: {"status":"installing-updates","current":3,"total":6,"progress":15}
[2025-04-10 19:47:21.430] [info]  Splash.onStateUpdate: {"status":"installing-updates","current":3,"total":6,"progress":15}
[2025-04-10 19:47:21.431] [info]  DiscordSplash.onStateUpdate: {"status":"installing-updates","current":3,"total":6,"progress":15}
[2025-04-10 19:47:21.432] [info]  Splash.onStateUpdate: {"status":"installing-updates","current":3,"total":6,"progress":15}
[2025-04-10 19:47:21.432] [info]  DiscordSplash.onStateUpdate: {"status":"installing-updates","current":3,"total":6,"progress":15}
[2025-04-10 19:47:21.433] [info]  Splash.onStateUpdate: {"status":"installing-updates","current":3,"total":6,"progress":15}
[2025-04-10 19:47:21.434] [info]  DiscordSplash.onStateUpdate: {"status":"installing-updates","current":3,"total":6,"progress":15}
[2025-04-10 19:47:21.434] [info]  Splash.onStateUpdate: {"status":"installing-updates","current":3,"total":6,"progress":15}
[2025-04-10 19:47:21.435] [info]  DiscordSplash.onStateUpdate: {"status":"installing-updates","current":3,"total":6,"progress":15}
[2025-04-10 19:47:21.435] [info]  Splash.onStateUpdate: {"status":"installing-updates","current":3,"total":6,"progress":15}
[2025-04-10 19:47:21.436] [info]  DiscordSplash.onStateUpdate: {"status":"installing-updates","current":3,"total":6,"progress":16}
[2025-04-10 19:47:21.436] [info]  Splash.onStateUpdate: {"status":"installing-updates","current":3,"total":6,"progress":16}
[2025-04-10 19:47:21.437] [info]  DiscordSplash.onStateUpdate: {"status":"installing-updates","current":3,"total":6,"progress":16}
[2025-04-10 19:47:21.437] [info]  Splash.onStateUpdate: {"status":"installing-updates","current":3,"total":6,"progress":16}
[2025-04-10 19:47:21.438] [info]  DiscordSplash.onStateUpdate: {"status":"installing-updates","current":3,"total":6,"progress":16}
[2025-04-10 19:47:21.438] [info]  Splash.onStateUpdate: {"status":"installing-updates","current":3,"total":6,"progress":16}
[2025-04-10 19:47:21.439] [info]  DiscordSplash.onStateUpdate: {"status":"installing-updates","current":3,"total":6,"progress":16}
[2025-04-10 19:47:21.439] [info]  Splash.onStateUpdate: {"status":"installing-updates","current":3,"total":6,"progress":16}
[2025-04-10 19:47:21.439] [info]  DiscordSplash.onStateUpdate: {"status":"installing-updates","current":3,"total":6,"progress":16}
[2025-04-10 19:47:21.440] [info]  Splash.onStateUpdate: {"status":"installing-updates","current":3,"total":6,"progress":16}
[2025-04-10 19:47:21.441] [info]  DiscordSplash.onStateUpdate: {"status":"installing-updates","current":3,"total":6,"progress":16}
[2025-04-10 19:47:21.441] [info]  Splash.onStateUpdate: {"status":"installing-updates","current":3,"total":6,"progress":16}
[2025-04-10 19:47:21.442] [info]  DiscordSplash.onStateUpdate: {"status":"installing-updates","current":3,"total":6,"progress":17}
[2025-04-10 19:47:21.442] [info]  Splash.onStateUpdate: {"status":"installing-updates","current":3,"total":6,"progress":17}
[2025-04-10 19:47:21.443] [info]  DiscordSplash.onStateUpdate: {"status":"installing-updates","current":3,"total":6,"progress":17}
[2025-04-10 19:47:21.443] [info]  Splash.onStateUpdate: {"status":"installing-updates","current":3,"total":6,"progress":17}
[2025-04-10 19:47:21.444] [info]  DiscordSplash.onStateUpdate: {"status":"installing-updates","current":3,"total":6,"progress":17}
[2025-04-10 19:47:21.444] [info]  Splash.onStateUpdate: {"status":"installing-updates","current":3,"total":6,"progress":17}
[2025-04-10 19:47:21.445] [info]  DiscordSplash.onStateUpdate: {"status":"installing-updates","current":3,"total":6,"progress":17}
[2025-04-10 19:47:21.445] [info]  Splash.onStateUpdate: {"status":"installing-updates","current":3,"total":6,"progress":17}
[2025-04-10 19:47:21.446] [info]  DiscordSplash.onStateUpdate: {"status":"installing-updates","current":3,"total":6,"progress":17}
[2025-04-10 19:47:21.446] [info]  Splash.onStateUpdate: {"status":"installing-updates","current":3,"total":6,"progress":17}
[2025-04-10 19:47:21.447] [info]  DiscordSplash.onStateUpdate: {"status":"installing-updates","current":3,"total":6,"progress":17}
[2025-04-10 19:47:21.447] [info]  Splash.onStateUpdate: {"status":"installing-updates","current":3,"total":6,"progress":17}
[2025-04-10 19:47:21.448] [info]  DiscordSplash.onStateUpdate: {"status":"installing-updates","current":3,"total":6,"progress":17}
[2025-04-10 19:47:21.448] [info]  Splash.onStateUpdate: {"status":"installing-updates","current":3,"total":6,"progress":17}
[2025-04-10 19:47:21.449] [info]  DiscordSplash.onStateUpdate: {"status":"installing-updates","current":3,"total":6,"progress":18}
[2025-04-10 19:47:21.449] [info]  Splash.onStateUpdate: {"status":"installing-updates","current":3,"total":6,"progress":18}
[2025-04-10 19:47:21.450] [info]  DiscordSplash.onStateUpdate: {"status":"installing-updates","current":3,"total":6,"progress":18}
[2025-04-10 19:47:21.450] [info]  Splash.onStateUpdate: {"status":"installing-updates","current":3,"total":6,"progress":18}
[2025-04-10 19:47:21.451] [info]  DiscordSplash.onStateUpdate: {"status":"installing-updates","current":3,"total":6,"progress":18}
[2025-04-10 19:47:21.451] [info]  Splash.onStateUpdate: {"status":"installing-updates","current":3,"total":6,"progress":18}
[2025-04-10 19:47:21.452] [info]  DiscordSplash.onStateUpdate: {"status":"installing-updates","current":3,"total":6,"progress":18}
[2025-04-10 19:47:21.452] [info]  Splash.onStateUpdate: {"status":"installing-updates","current":3,"total":6,"progress":18}
[2025-04-10 19:47:21.453] [info]  DiscordSplash.onStateUpdate: {"status":"installing-updates","current":3,"total":6,"progress":18}
[2025-04-10 19:47:21.454] [info]  Splash.onStateUpdate: {"status":"installing-updates","current":3,"total":6,"progress":18}
[2025-04-10 19:47:21.454] [info]  DiscordSplash.onStateUpdate: {"status":"installing-updates","current":3,"total":6,"progress":18}
[2025-04-10 19:47:21.454] [info]  Splash.onStateUpdate: {"status":"installing-updates","current":3,"total":6,"progress":18}
[2025-04-10 19:47:21.455] [info]  DiscordSplash.onStateUpdate: {"status":"installing-updates","current":3,"total":6,"progress":19}
[2025-04-10 19:47:21.455] [info]  Splash.onStateUpdate: {"status":"installing-updates","current":3,"total":6,"progress":19}
[2025-04-10 19:47:21.456] [info]  DiscordSplash.onStateUpdate: {"status":"installing-updates","current":3,"total":6,"progress":19}
[2025-04-10 19:47:21.456] [info]  Splash.onStateUpdate: {"status":"installing-updates","current":3,"total":6,"progress":19}
[2025-04-10 19:47:21.457] [info]  DiscordSplash.onStateUpdate: {"status":"installing-updates","current":3,"total":6,"progress":19}
[2025-04-10 19:47:21.457] [info]  Splash.onStateUpdate: {"status":"installing-updates","current":3,"total":6,"progress":19}
[2025-04-10 19:47:21.458] [info]  DiscordSplash.onStateUpdate: {"status":"installing-updates","current":3,"total":6,"progress":19}
[2025-04-10 19:47:21.459] [info]  Splash.onStateUpdate: {"status":"installing-updates","current":3,"total":6,"progress":19}
[2025-04-10 19:47:21.460] [info]  DiscordSplash.onStateUpdate: {"status":"installing-updates","current":3,"total":6,"progress":19}
[2025-04-10 19:47:21.460] [info]  Splash.onStateUpdate: {"status":"installing-updates","current":3,"total":6,"progress":19}
[2025-04-10 19:47:21.460] [info]  DiscordSplash.onStateUpdate: {"status":"installing-updates","current":3,"total":6,"progress":19}
[2025-04-10 19:47:21.461] [info]  Splash.onStateUpdate: {"status":"installing-updates","current":3,"total":6,"progress":19}
[2025-04-10 19:47:21.462] [info]  DiscordSplash.onStateUpdate: {"status":"installing-updates","current":3,"total":6,"progress":20}
[2025-04-10 19:47:21.462] [info]  Splash.onStateUpdate: {"status":"installing-updates","current":3,"total":6,"progress":20}
[2025-04-10 19:47:21.463] [info]  DiscordSplash.onStateUpdate: {"status":"installing-updates","current":3,"total":6,"progress":20}
[2025-04-10 19:47:21.463] [info]  Splash.onStateUpdate: {"status":"installing-updates","current":3,"total":6,"progress":20}
[2025-04-10 19:47:21.464] [info]  DiscordSplash.onStateUpdate: {"status":"installing-updates","current":3,"total":6,"progress":20}
[2025-04-10 19:47:21.464] [info]  Splash.onStateUpdate: {"status":"installing-updates","current":3,"total":6,"progress":20}
[2025-04-10 19:47:21.465] [info]  DiscordSplash.onStateUpdate: {"status":"installing-updates","current":3,"total":6,"progress":20}
[2025-04-10 19:47:21.465] [info]  Splash.onStateUpdate: {"status":"installing-updates","current":3,"total":6,"progress":20}
[2025-04-10 19:47:21.466] [info]  DiscordSplash.onStateUpdate: {"status":"installing-updates","current":3,"total":6,"progress":20}
[2025-04-10 19:47:21.466] [info]  Splash.onStateUpdate: {"status":"installing-updates","current":3,"total":6,"progress":20}
[2025-04-10 19:47:21.467] [info]  DiscordSplash.onStateUpdate: {"status":"installing-updates","current":3,"total":6,"progress":20}
[2025-04-10 19:47:21.467] [info]  Splash.onStateUpdate: {"status":"installing-updates","current":3,"total":6,"progress":20}
[2025-04-10 19:47:21.468] [info]  DiscordSplash.onStateUpdate: {"status":"installing-updates","current":3,"total":6,"progress":21}
[2025-04-10 19:47:21.468] [info]  Splash.onStateUpdate: {"status":"installing-updates","current":3,"total":6,"progress":21}
[2025-04-10 19:47:21.469] [info]  DiscordSplash.onStateUpdate: {"status":"installing-updates","current":3,"total":6,"progress":21}
[2025-04-10 19:47:21.469] [info]  Splash.onStateUpdate: {"status":"installing-updates","current":3,"total":6,"progress":21}
[2025-04-10 19:47:21.470] [info]  DiscordSplash.onStateUpdate: {"status":"installing-updates","current":3,"total":6,"progress":21}
[2025-04-10 19:47:21.470] [info]  Splash.onStateUpdate: {"status":"installing-updates","current":3,"total":6,"progress":21}
[2025-04-10 19:47:21.471] [info]  DiscordSplash.onStateUpdate: {"status":"installing-updates","current":3,"total":6,"progress":21}
[2025-04-10 19:47:21.471] [info]  Splash.onStateUpdate: {"status":"installing-updates","current":3,"total":6,"progress":21}
[2025-04-10 19:47:21.472] [info]  DiscordSplash.onStateUpdate: {"status":"installing-updates","current":3,"total":6,"progress":21}
[2025-04-10 19:47:21.472] [info]  Splash.onStateUpdate: {"status":"installing-updates","current":3,"total":6,"progress":21}
[2025-04-10 19:47:21.473] [info]  DiscordSplash.onStateUpdate: {"status":"installing-updates","current":3,"total":6,"progress":21}
[2025-04-10 19:47:21.473] [info]  Splash.onStateUpdate: {"status":"installing-updates","current":3,"total":6,"progress":21}
[2025-04-10 19:47:21.474] [info]  DiscordSplash.onStateUpdate: {"status":"installing-updates","current":3,"total":6,"progress":22}
[2025-04-10 19:47:21.474] [info]  Splash.onStateUpdate: {"status":"installing-updates","current":3,"total":6,"progress":22}
[2025-04-10 19:47:21.475] [info]  DiscordSplash.onStateUpdate: {"status":"installing-updates","current":3,"total":6,"progress":22}
[2025-04-10 19:47:21.475] [info]  Splash.onStateUpdate: {"status":"installing-updates","current":3,"total":6,"progress":22}
[2025-04-10 19:47:21.476] [info]  DiscordSplash.onStateUpdate: {"status":"installing-updates","current":3,"total":6,"progress":22}
[2025-04-10 19:47:21.476] [info]  Splash.onStateUpdate: {"status":"installing-updates","current":3,"total":6,"progress":22}
[2025-04-10 19:47:21.477] [info]  DiscordSplash.onStateUpdate: {"status":"installing-updates","current":3,"total":6,"progress":22}
[2025-04-10 19:47:21.477] [info]  Splash.onStateUpdate: {"status":"installing-updates","current":3,"total":6,"progress":22}
[2025-04-10 19:47:21.478] [info]  DiscordSplash.onStateUpdate: {"status":"installing-updates","current":3,"total":6,"progress":22}
[2025-04-10 19:47:21.478] [info]  Splash.onStateUpdate: {"status":"installing-updates","current":3,"total":6,"progress":22}
[2025-04-10 19:47:21.479] [info]  DiscordSplash.onStateUpdate: {"status":"installing-updates","current":3,"total":6,"progress":22}
[2025-04-10 19:47:21.479] [info]  Splash.onStateUpdate: {"status":"installing-updates","current":3,"total":6,"progress":22}
[2025-04-10 19:47:21.480] [info]  DiscordSplash.onStateUpdate: {"status":"installing-updates","current":3,"total":6,"progress":23}
[2025-04-10 19:47:21.480] [info]  Splash.onStateUpdate: {"status":"installing-updates","current":3,"total":6,"progress":23}
[2025-04-10 19:47:21.481] [info]  DiscordSplash.onStateUpdate: {"status":"installing-updates","current":3,"total":6,"progress":23}
[2025-04-10 19:47:21.481] [info]  Splash.onStateUpdate: {"status":"installing-updates","current":3,"total":6,"progress":23}
[2025-04-10 19:47:21.481] [info]  DiscordSplash.onStateUpdate: {"status":"installing-updates","current":3,"total":6,"progress":23}
[2025-04-10 19:47:21.482] [info]  Splash.onStateUpdate: {"status":"installing-updates","current":3,"total":6,"progress":23}
[2025-04-10 19:47:21.483] [info]  DiscordSplash.onStateUpdate: {"status":"installing-updates","current":3,"total":6,"progress":23}
[2025-04-10 19:47:21.483] [info]  Splash.onStateUpdate: {"status":"installing-updates","current":3,"total":6,"progress":23}
[2025-04-10 19:47:21.484] [info]  DiscordSplash.onStateUpdate: {"status":"installing-updates","current":3,"total":6,"progress":23}
[2025-04-10 19:47:21.484] [info]  Splash.onStateUpdate: {"status":"installing-updates","current":3,"total":6,"progress":23}
[2025-04-10 19:47:21.485] [info]  DiscordSplash.onStateUpdate: {"status":"installing-updates","current":3,"total":6,"progress":23}
[2025-04-10 19:47:21.485] [info]  Splash.onStateUpdate: {"status":"installing-updates","current":3,"total":6,"progress":23}
[2025-04-10 19:47:21.486] [info]  DiscordSplash.onStateUpdate: {"status":"installing-updates","current":3,"total":6,"progress":23}
[2025-04-10 19:47:21.486] [info]  Splash.onStateUpdate: {"status":"installing-updates","current":3,"total":6,"progress":23}
[2025-04-10 19:47:21.486] [info]  DiscordSplash.onStateUpdate: {"status":"installing-updates","current":3,"total":6,"progress":24}
[2025-04-10 19:47:21.486] [info]  Splash.onStateUpdate: {"status":"installing-updates","current":3,"total":6,"progress":24}
[2025-04-10 19:47:21.487] [info]  DiscordSplash.onStateUpdate: {"status":"installing-updates","current":3,"total":6,"progress":24}
[2025-04-10 19:47:21.487] [info]  Splash.onStateUpdate: {"status":"installing-updates","current":3,"total":6,"progress":24}
[2025-04-10 19:47:21.488] [info]  DiscordSplash.onStateUpdate: {"status":"installing-updates","current":3,"total":6,"progress":24}
[2025-04-10 19:47:21.488] [info]  Splash.onStateUpdate: {"status":"installing-updates","current":3,"total":6,"progress":24}
[2025-04-10 19:47:21.489] [info]  DiscordSplash.onStateUpdate: {"status":"installing-updates","current":3,"total":6,"progress":24}
[2025-04-10 19:47:21.489] [info]  Splash.onStateUpdate: {"status":"installing-updates","current":3,"total":6,"progress":24}
[2025-04-10 19:47:21.490] [info]  DiscordSplash.onStateUpdate: {"status":"installing-updates","current":3,"total":6,"progress":24}
[2025-04-10 19:47:21.490] [info]  Splash.onStateUpdate: {"status":"installing-updates","current":3,"total":6,"progress":24}
[2025-04-10 19:47:21.492] [info]  DiscordSplash.onStateUpdate: {"status":"installing-updates","current":3,"total":6,"progress":24}
[2025-04-10 19:47:21.492] [info]  Splash.onStateUpdate: {"status":"installing-updates","current":3,"total":6,"progress":24}
[2025-04-10 19:47:21.493] [info]  DiscordSplash.onStateUpdate: {"status":"installing-updates","current":3,"total":6,"progress":25}
[2025-04-10 19:47:21.493] [info]  Splash.onStateUpdate: {"status":"installing-updates","current":3,"total":6,"progress":25}
[2025-04-10 19:47:21.494] [info]  DiscordSplash.onStateUpdate: {"status":"installing-updates","current":3,"total":6,"progress":25}
[2025-04-10 19:47:21.494] [info]  Splash.onStateUpdate: {"status":"installing-updates","current":3,"total":6,"progress":25}
[2025-04-10 19:47:21.495] [info]  DiscordSplash.onStateUpdate: {"status":"installing-updates","current":3,"total":6,"progress":25}
[2025-04-10 19:47:21.495] [info]  Splash.onStateUpdate: {"status":"installing-updates","current":3,"total":6,"progress":25}
[2025-04-10 19:47:21.496] [info]  DiscordSplash.onStateUpdate: {"status":"installing-updates","current":3,"total":6,"progress":25}
[2025-04-10 19:47:21.496] [info]  Splash.onStateUpdate: {"status":"installing-updates","current":3,"total":6,"progress":25}
[2025-04-10 19:47:21.496] [info]  DiscordSplash.onStateUpdate: {"status":"installing-updates","current":3,"total":6,"progress":25}
[2025-04-10 19:47:21.497] [info]  Splash.onStateUpdate: {"status":"installing-updates","current":3,"total":6,"progress":25}
[2025-04-10 19:47:21.498] [info]  DiscordSplash.onStateUpdate: {"status":"installing-updates","current":3,"total":6,"progress":25}
[2025-04-10 19:47:21.498] [info]  Splash.onStateUpdate: {"status":"installing-updates","current":3,"total":6,"progress":25}
[2025-04-10 19:47:21.498] [info]  DiscordSplash.onStateUpdate: {"status":"installing-updates","current":3,"total":6,"progress":26}
[2025-04-10 19:47:21.499] [info]  Splash.onStateUpdate: {"status":"installing-updates","current":3,"total":6,"progress":26}
[2025-04-10 19:47:21.500] [info]  DiscordSplash.onStateUpdate: {"status":"installing-updates","current":3,"total":6,"progress":26}
[2025-04-10 19:47:21.500] [info]  Splash.onStateUpdate: {"status":"installing-updates","current":3,"total":6,"progress":26}
[2025-04-10 19:47:21.501] [info]  DiscordSplash.onStateUpdate: {"status":"installing-updates","current":3,"total":6,"progress":26}
[2025-04-10 19:47:21.501] [info]  Splash.onStateUpdate: {"status":"installing-updates","current":3,"total":6,"progress":26}
[2025-04-10 19:47:21.502] [info]  DiscordSplash.onStateUpdate: {"status":"installing-updates","current":3,"total":6,"progress":26}
[2025-04-10 19:47:21.502] [info]  Splash.onStateUpdate: {"status":"installing-updates","current":3,"total":6,"progress":26}
[2025-04-10 19:47:21.503] [info]  DiscordSplash.onStateUpdate: {"status":"installing-updates","current":3,"total":6,"progress":26}
[2025-04-10 19:47:21.503] [info]  Splash.onStateUpdate: {"status":"installing-updates","current":3,"total":6,"progress":26}
[2025-04-10 19:47:21.504] [info]  DiscordSplash.onStateUpdate: {"status":"installing-updates","current":3,"total":6,"progress":26}
[2025-04-10 19:47:21.504] [info]  Splash.onStateUpdate: {"status":"installing-updates","current":3,"total":6,"progress":26}
[2025-04-10 19:47:21.505] [info]  DiscordSplash.onStateUpdate: {"status":"installing-updates","current":3,"total":6,"progress":27}
[2025-04-10 19:47:21.505] [info]  Splash.onStateUpdate: {"status":"installing-updates","current":3,"total":6,"progress":27}
[2025-04-10 19:47:21.506] [info]  DiscordSplash.onStateUpdate: {"status":"installing-updates","current":3,"total":6,"progress":27}
[2025-04-10 19:47:21.506] [info]  Splash.onStateUpdate: {"status":"installing-updates","current":3,"total":6,"progress":27}
[2025-04-10 19:47:21.507] [info]  DiscordSplash.onStateUpdate: {"status":"installing-updates","current":3,"total":6,"progress":27}
[2025-04-10 19:47:21.507] [info]  Splash.onStateUpdate: {"status":"installing-updates","current":3,"total":6,"progress":27}
[2025-04-10 19:47:21.508] [info]  DiscordSplash.onStateUpdate: {"status":"installing-updates","current":3,"total":6,"progress":27}
[2025-04-10 19:47:21.508] [info]  Splash.onStateUpdate: {"status":"installing-updates","current":3,"total":6,"progress":27}
[2025-04-10 19:47:21.510] [info]  DiscordSplash.onStateUpdate: {"status":"installing-updates","current":3,"total":6,"progress":27}
[2025-04-10 19:47:21.510] [info]  Splash.onStateUpdate: {"status":"installing-updates","current":3,"total":6,"progress":27}
[2025-04-10 19:47:21.511] [info]  DiscordSplash.onStateUpdate: {"status":"installing-updates","current":3,"total":6,"progress":27}
[2025-04-10 19:47:21.511] [info]  Splash.onStateUpdate: {"status":"installing-updates","current":3,"total":6,"progress":27}
[2025-04-10 19:47:21.512] [info]  DiscordSplash.onStateUpdate: {"status":"installing-updates","current":3,"total":6,"progress":28}
[2025-04-10 19:47:21.512] [info]  Splash.onStateUpdate: {"status":"installing-updates","current":3,"total":6,"progress":28}
[2025-04-10 19:47:21.513] [info]  DiscordSplash.onStateUpdate: {"status":"installing-updates","current":3,"total":6,"progress":28}
[2025-04-10 19:47:21.513] [info]  Splash.onStateUpdate: {"status":"installing-updates","current":3,"total":6,"progress":28}
[2025-04-10 19:47:21.514] [info]  DiscordSplash.onStateUpdate: {"status":"installing-updates","current":3,"total":6,"progress":28}
[2025-04-10 19:47:21.514] [info]  Splash.onStateUpdate: {"status":"installing-updates","current":3,"total":6,"progress":28}
[2025-04-10 19:47:21.515] [info]  DiscordSplash.onStateUpdate: {"status":"installing-updates","current":3,"total":6,"progress":28}
[2025-04-10 19:47:21.515] [info]  Splash.onStateUpdate: {"status":"installing-updates","current":3,"total":6,"progress":28}
[2025-04-10 19:47:21.516] [info]  DiscordSplash.onStateUpdate: {"status":"installing-updates","current":3,"total":6,"progress":28}
[2025-04-10 19:47:21.516] [info]  Splash.onStateUpdate: {"status":"installing-updates","current":3,"total":6,"progress":28}
[2025-04-10 19:47:21.517] [info]  DiscordSplash.onStateUpdate: {"status":"installing-updates","current":3,"total":6,"progress":28}
[2025-04-10 19:47:21.517] [info]  Splash.onStateUpdate: {"status":"installing-updates","current":3,"total":6,"progress":28}
[2025-04-10 19:47:21.518] [info]  DiscordSplash.onStateUpdate: {"status":"installing-updates","current":3,"total":6,"progress":29}
[2025-04-10 19:47:21.518] [info]  Splash.onStateUpdate: {"status":"installing-updates","current":3,"total":6,"progress":29}
[2025-04-10 19:47:21.519] [info]  DiscordSplash.onStateUpdate: {"status":"installing-updates","current":3,"total":6,"progress":29}
[2025-04-10 19:47:21.519] [info]  Splash.onStateUpdate: {"status":"installing-updates","current":3,"total":6,"progress":29}
[2025-04-10 19:47:21.520] [info]  DiscordSplash.onStateUpdate: {"status":"installing-updates","current":3,"total":6,"progress":29}
[2025-04-10 19:47:21.520] [info]  Splash.onStateUpdate: {"status":"installing-updates","current":3,"total":6,"progress":29}
[2025-04-10 19:47:21.521] [info]  DiscordSplash.onStateUpdate: {"status":"installing-updates","current":3,"total":6,"progress":29}
[2025-04-10 19:47:21.521] [info]  Splash.onStateUpdate: {"status":"installing-updates","current":3,"total":6,"progress":29}
[2025-04-10 19:47:21.521] [info]  DiscordSplash.onStateUpdate: {"status":"installing-updates","current":3,"total":6,"progress":29}
[2025-04-10 19:47:21.522] [info]  Splash.onStateUpdate: {"status":"installing-updates","current":3,"total":6,"progress":29}
[2025-04-10 19:47:21.522] [info]  DiscordSplash.onStateUpdate: {"status":"installing-updates","current":3,"total":6,"progress":29}
[2025-04-10 19:47:21.523] [info]  Splash.onStateUpdate: {"status":"installing-updates","current":3,"total":6,"progress":29}
[2025-04-10 19:47:21.524] [info]  DiscordSplash.onStateUpdate: {"status":"installing-updates","current":3,"total":6,"progress":29}
[2025-04-10 19:47:21.524] [info]  Splash.onStateUpdate: {"status":"installing-updates","current":3,"total":6,"progress":29}
[2025-04-10 19:47:21.525] [info]  DiscordSplash.onStateUpdate: {"status":"installing-updates","current":3,"total":6,"progress":30}
[2025-04-10 19:47:21.525] [info]  Splash.onStateUpdate: {"status":"installing-updates","current":3,"total":6,"progress":30}
[2025-04-10 19:47:21.526] [info]  DiscordSplash.onStateUpdate: {"status":"installing-updates","current":3,"total":6,"progress":30}
[2025-04-10 19:47:21.526] [info]  Splash.onStateUpdate: {"status":"installing-updates","current":3,"total":6,"progress":30}
[2025-04-10 19:47:21.527] [info]  DiscordSplash.onStateUpdate: {"status":"installing-updates","current":3,"total":6,"progress":30}
[2025-04-10 19:47:21.527] [info]  Splash.onStateUpdate: {"status":"installing-updates","current":3,"total":6,"progress":30}
[2025-04-10 19:47:21.528] [info]  DiscordSplash.onStateUpdate: {"status":"installing-updates","current":3,"total":6,"progress":30}
[2025-04-10 19:47:21.528] [info]  Splash.onStateUpdate: {"status":"installing-updates","current":3,"total":6,"progress":30}
[2025-04-10 19:47:21.529] [info]  DiscordSplash.onStateUpdate: {"status":"installing-updates","current":3,"total":6,"progress":30}
[2025-04-10 19:47:21.529] [info]  Splash.onStateUpdate: {"status":"installing-updates","current":3,"total":6,"progress":30}
[2025-04-10 19:47:21.530] [info]  DiscordSplash.onStateUpdate: {"status":"installing-updates","current":3,"total":6,"progress":30}
[2025-04-10 19:47:21.530] [info]  Splash.onStateUpdate: {"status":"installing-updates","current":3,"total":6,"progress":30}
[2025-04-10 19:47:21.531] [info]  DiscordSplash.onStateUpdate: {"status":"installing-updates","current":3,"total":6,"progress":31}
[2025-04-10 19:47:21.531] [info]  Splash.onStateUpdate: {"status":"installing-updates","current":3,"total":6,"progress":31}
[2025-04-10 19:47:21.532] [info]  DiscordSplash.onStateUpdate: {"status":"installing-updates","current":3,"total":6,"progress":31}
[2025-04-10 19:47:21.532] [info]  Splash.onStateUpdate: {"status":"installing-updates","current":3,"total":6,"progress":31}
[2025-04-10 19:47:21.533] [info]  DiscordSplash.onStateUpdate: {"status":"installing-updates","current":3,"total":6,"progress":31}
[2025-04-10 19:47:21.533] [info]  Splash.onStateUpdate: {"status":"installing-updates","current":3,"total":6,"progress":31}
[2025-04-10 19:47:21.534] [info]  DiscordSplash.onStateUpdate: {"status":"installing-updates","current":3,"total":6,"progress":31}
[2025-04-10 19:47:21.534] [info]  Splash.onStateUpdate: {"status":"installing-updates","current":3,"total":6,"progress":31}
[2025-04-10 19:47:21.535] [info]  DiscordSplash.onStateUpdate: {"status":"installing-updates","current":3,"total":6,"progress":31}
[2025-04-10 19:47:21.535] [info]  Splash.onStateUpdate: {"status":"installing-updates","current":3,"total":6,"progress":31}
[2025-04-10 19:47:21.535] [info]  DiscordSplash.onStateUpdate: {"status":"installing-updates","current":3,"total":6,"progress":31}
[2025-04-10 19:47:21.536] [info]  Splash.onStateUpdate: {"status":"installing-updates","current":3,"total":6,"progress":31}
[2025-04-10 19:47:21.536] [info]  DiscordSplash.onStateUpdate: {"status":"installing-updates","current":3,"total":6,"progress":32}
[2025-04-10 19:47:21.537] [info]  Splash.onStateUpdate: {"status":"installing-updates","current":3,"total":6,"progress":32}
[2025-04-10 19:47:21.537] [info]  DiscordSplash.onStateUpdate: {"status":"installing-updates","current":3,"total":6,"progress":32}
[2025-04-10 19:47:21.537] [info]  Splash.onStateUpdate: {"status":"installing-updates","current":3,"total":6,"progress":32}
[2025-04-10 19:47:21.538] [info]  DiscordSplash.onStateUpdate: {"status":"installing-updates","current":3,"total":6,"progress":32}
[2025-04-10 19:47:21.538] [info]  Splash.onStateUpdate: {"status":"installing-updates","current":3,"total":6,"progress":32}
[2025-04-10 19:47:21.539] [info]  DiscordSplash.onStateUpdate: {"status":"installing-updates","current":3,"total":6,"progress":32}
[2025-04-10 19:47:21.539] [info]  Splash.onStateUpdate: {"status":"installing-updates","current":3,"total":6,"progress":32}
[2025-04-10 19:47:21.540] [info]  DiscordSplash.onStateUpdate: {"status":"installing-updates","current":3,"total":6,"progress":32}
[2025-04-10 19:47:21.540] [info]  Splash.onStateUpdate: {"status":"installing-updates","current":3,"total":6,"progress":32}
[2025-04-10 19:47:21.542] [info]  DiscordSplash.onStateUpdate: {"status":"installing-updates","current":3,"total":6,"progress":32}
[2025-04-10 19:47:21.542] [info]  Splash.onStateUpdate: {"status":"installing-updates","current":3,"total":6,"progress":32}
[2025-04-10 19:47:21.543] [info]  DiscordSplash.onStateUpdate: {"status":"installing-updates","current":3,"total":6,"progress":33}
[2025-04-10 19:47:21.543] [info]  Splash.onStateUpdate: {"status":"installing-updates","current":3,"total":6,"progress":33}
[2025-04-10 19:47:21.544] [info]  DiscordSplash.onStateUpdate: {"status":"installing-updates","current":3,"total":6,"progress":33}
[2025-04-10 19:47:21.544] [info]  Splash.onStateUpdate: {"status":"installing-updates","current":3,"total":6,"progress":33}
[2025-04-10 19:47:21.545] [info]  DiscordSplash.onStateUpdate: {"status":"installing-updates","current":3,"total":6,"progress":33}
[2025-04-10 19:47:21.545] [info]  Splash.onStateUpdate: {"status":"installing-updates","current":3,"total":6,"progress":33}
[2025-04-10 19:47:21.546] [info]  DiscordSplash.onStateUpdate: {"status":"installing-updates","current":3,"total":6,"progress":33}
[2025-04-10 19:47:21.546] [info]  Splash.onStateUpdate: {"status":"installing-updates","current":3,"total":6,"progress":33}
[2025-04-10 19:47:21.547] [info]  DiscordSplash.onStateUpdate: {"status":"installing-updates","current":3,"total":6,"progress":33}
[2025-04-10 19:47:21.547] [info]  Splash.onStateUpdate: {"status":"installing-updates","current":3,"total":6,"progress":33}
[2025-04-10 19:47:21.548] [info]  DiscordSplash.onStateUpdate: {"status":"installing-updates","current":3,"total":6,"progress":33}
[2025-04-10 19:47:21.548] [info]  Splash.onStateUpdate: {"status":"installing-updates","current":3,"total":6,"progress":33}
[2025-04-10 19:47:21.549] [info]  DiscordSplash.onStateUpdate: {"status":"installing-updates","current":3,"total":6,"progress":34}
[2025-04-10 19:47:21.549] [info]  Splash.onStateUpdate: {"status":"installing-updates","current":3,"total":6,"progress":34}
[2025-04-10 19:47:21.550] [info]  DiscordSplash.onStateUpdate: {"status":"installing-updates","current":3,"total":6,"progress":34}
[2025-04-10 19:47:21.550] [info]  Splash.onStateUpdate: {"status":"installing-updates","current":3,"total":6,"progress":34}
[2025-04-10 19:47:21.551] [info]  DiscordSplash.onStateUpdate: {"status":"installing-updates","current":3,"total":6,"progress":34}
[2025-04-10 19:47:21.551] [info]  Splash.onStateUpdate: {"status":"installing-updates","current":3,"total":6,"progress":34}
[2025-04-10 19:47:21.551] [info]  DiscordSplash.onStateUpdate: {"status":"installing-updates","current":3,"total":6,"progress":34}
[2025-04-10 19:47:21.551] [info]  Splash.onStateUpdate: {"status":"installing-updates","current":3,"total":6,"progress":34}
[2025-04-10 19:47:21.552] [info]  DiscordSplash.onStateUpdate: {"status":"installing-updates","current":3,"total":6,"progress":34}
[2025-04-10 19:47:21.552] [info]  Splash.onStateUpdate: {"status":"installing-updates","current":3,"total":6,"progress":34}
[2025-04-10 19:47:21.553] [info]  DiscordSplash.onStateUpdate: {"status":"installing-updates","current":3,"total":6,"progress":34}
[2025-04-10 19:47:21.553] [info]  Splash.onStateUpdate: {"status":"installing-updates","current":3,"total":6,"progress":34}
[2025-04-10 19:47:21.554] [info]  DiscordSplash.onStateUpdate: {"status":"installing-updates","current":3,"total":6,"progress":35}
[2025-04-10 19:47:21.554] [info]  Splash.onStateUpdate: {"status":"installing-updates","current":3,"total":6,"progress":35}
[2025-04-10 19:47:21.555] [info]  DiscordSplash.onStateUpdate: {"status":"installing-updates","current":3,"total":6,"progress":35}
[2025-04-10 19:47:21.555] [info]  Splash.onStateUpdate: {"status":"installing-updates","current":3,"total":6,"progress":35}
[2025-04-10 19:47:21.556] [info]  DiscordSplash.onStateUpdate: {"status":"installing-updates","current":3,"total":6,"progress":35}
[2025-04-10 19:47:21.556] [info]  Splash.onStateUpdate: {"status":"installing-updates","current":3,"total":6,"progress":35}
[2025-04-10 19:47:21.557] [info]  DiscordSplash.onStateUpdate: {"status":"installing-updates","current":3,"total":6,"progress":35}
[2025-04-10 19:47:21.557] [info]  Splash.onStateUpdate: {"status":"installing-updates","current":3,"total":6,"progress":35}
[2025-04-10 19:47:21.558] [info]  DiscordSplash.onStateUpdate: {"status":"installing-updates","current":3,"total":6,"progress":35}
[2025-04-10 19:47:21.558] [info]  Splash.onStateUpdate: {"status":"installing-updates","current":3,"total":6,"progress":35}
[2025-04-10 19:47:21.559] [info]  DiscordSplash.onStateUpdate: {"status":"installing-updates","current":3,"total":6,"progress":35}
[2025-04-10 19:47:21.559] [info]  Splash.onStateUpdate: {"status":"installing-updates","current":3,"total":6,"progress":35}
[2025-04-10 19:47:21.561] [info]  DiscordSplash.onStateUpdate: {"status":"installing-updates","current":3,"total":6,"progress":35}
[2025-04-10 19:47:21.561] [info]  Splash.onStateUpdate: {"status":"installing-updates","current":3,"total":6,"progress":35}
[2025-04-10 19:47:21.562] [info]  DiscordSplash.onStateUpdate: {"status":"installing-updates","current":3,"total":6,"progress":36}
[2025-04-10 19:47:21.562] [info]  Splash.onStateUpdate: {"status":"installing-updates","current":3,"total":6,"progress":36}
[2025-04-10 19:47:21.562] [info]  DiscordSplash.onStateUpdate: {"status":"installing-updates","current":3,"total":6,"progress":36}
[2025-04-10 19:47:21.563] [info]  Splash.onStateUpdate: {"status":"installing-updates","current":3,"total":6,"progress":36}
[2025-04-10 19:47:21.563] [info]  DiscordSplash.onStateUpdate: {"status":"installing-updates","current":3,"total":6,"progress":36}
[2025-04-10 19:47:21.564] [info]  Splash.onStateUpdate: {"status":"installing-updates","current":3,"total":6,"progress":36}
[2025-04-10 19:47:21.564] [info]  DiscordSplash.onStateUpdate: {"status":"installing-updates","current":3,"total":6,"progress":36}
[2025-04-10 19:47:21.564] [info]  Splash.onStateUpdate: {"status":"installing-updates","current":3,"total":6,"progress":36}
[2025-04-10 19:47:21.565] [info]  DiscordSplash.onStateUpdate: {"status":"installing-updates","current":3,"total":6,"progress":36}
[2025-04-10 19:47:21.565] [info]  Splash.onStateUpdate: {"status":"installing-updates","current":3,"total":6,"progress":36}
[2025-04-10 19:47:21.566] [info]  DiscordSplash.onStateUpdate: {"status":"installing-updates","current":3,"total":6,"progress":36}
[2025-04-10 19:47:21.566] [info]  Splash.onStateUpdate: {"status":"installing-updates","current":3,"total":6,"progress":36}
[2025-04-10 19:47:21.567] [info]  DiscordSplash.onStateUpdate: {"status":"installing-updates","current":3,"total":6,"progress":37}
[2025-04-10 19:47:21.567] [info]  Splash.onStateUpdate: {"status":"installing-updates","current":3,"total":6,"progress":37}
[2025-04-10 19:47:21.568] [info]  DiscordSplash.onStateUpdate: {"status":"installing-updates","current":3,"total":6,"progress":37}
[2025-04-10 19:47:21.568] [info]  Splash.onStateUpdate: {"status":"installing-updates","current":3,"total":6,"progress":37}
[2025-04-10 19:47:21.569] [info]  DiscordSplash.onStateUpdate: {"status":"installing-updates","current":3,"total":6,"progress":37}
[2025-04-10 19:47:21.569] [info]  Splash.onStateUpdate: {"status":"installing-updates","current":3,"total":6,"progress":37}
[2025-04-10 19:47:21.569] [info]  DiscordSplash.onStateUpdate: {"status":"installing-updates","current":3,"total":6,"progress":37}
[2025-04-10 19:47:21.569] [info]  Splash.onStateUpdate: {"status":"installing-updates","current":3,"total":6,"progress":37}
[2025-04-10 19:47:21.570] [info]  DiscordSplash.onStateUpdate: {"status":"installing-updates","current":3,"total":6,"progress":37}
[2025-04-10 19:47:21.571] [info]  Splash.onStateUpdate: {"status":"installing-updates","current":3,"total":6,"progress":37}
[2025-04-10 19:47:21.571] [info]  DiscordSplash.onStateUpdate: {"status":"installing-updates","current":3,"total":6,"progress":37}
[2025-04-10 19:47:21.571] [info]  Splash.onStateUpdate: {"status":"installing-updates","current":3,"total":6,"progress":37}
[2025-04-10 19:47:21.572] [info]  DiscordSplash.onStateUpdate: {"status":"installing-updates","current":3,"total":6,"progress":38}
[2025-04-10 19:47:21.572] [info]  Splash.onStateUpdate: {"status":"installing-updates","current":3,"total":6,"progress":38}
[2025-04-10 19:47:21.573] [info]  DiscordSplash.onStateUpdate: {"status":"installing-updates","current":3,"total":6,"progress":38}
[2025-04-10 19:47:21.573] [info]  Splash.onStateUpdate: {"status":"installing-updates","current":3,"total":6,"progress":38}
[2025-04-10 19:47:21.575] [info]  DiscordSplash.onStateUpdate: {"status":"installing-updates","current":3,"total":6,"progress":38}
[2025-04-10 19:47:21.575] [info]  Splash.onStateUpdate: {"status":"installing-updates","current":3,"total":6,"progress":38}
[2025-04-10 19:47:21.576] [info]  DiscordSplash.onStateUpdate: {"status":"installing-updates","current":3,"total":6,"progress":38}
[2025-04-10 19:47:21.576] [info]  Splash.onStateUpdate: {"status":"installing-updates","current":3,"total":6,"progress":38}
[2025-04-10 19:47:21.577] [info]  DiscordSplash.onStateUpdate: {"status":"installing-updates","current":3,"total":6,"progress":38}
[2025-04-10 19:47:21.577] [info]  Splash.onStateUpdate: {"status":"installing-updates","current":3,"total":6,"progress":38}
[2025-04-10 19:47:21.578] [info]  DiscordSplash.onStateUpdate: {"status":"installing-updates","current":3,"total":6,"progress":38}
[2025-04-10 19:47:21.578] [info]  Splash.onStateUpdate: {"status":"installing-updates","current":3,"total":6,"progress":38}
[2025-04-10 19:47:21.578] [info]  DiscordSplash.onStateUpdate: {"status":"installing-updates","current":3,"total":6,"progress":39}
[2025-04-10 19:47:21.578] [info]  Splash.onStateUpdate: {"status":"installing-updates","current":3,"total":6,"progress":39}
[2025-04-10 19:47:21.579] [info]  DiscordSplash.onStateUpdate: {"status":"installing-updates","current":3,"total":6,"progress":39}
[2025-04-10 19:47:21.579] [info]  Splash.onStateUpdate: {"status":"installing-updates","current":3,"total":6,"progress":39}
[2025-04-10 19:47:21.580] [info]  DiscordSplash.onStateUpdate: {"status":"installing-updates","current":3,"total":6,"progress":39}
[2025-04-10 19:47:21.580] [info]  Splash.onStateUpdate: {"status":"installing-updates","current":3,"total":6,"progress":39}
[2025-04-10 19:47:21.581] [info]  DiscordSplash.onStateUpdate: {"status":"installing-updates","current":3,"total":6,"progress":39}
[2025-04-10 19:47:21.581] [info]  Splash.onStateUpdate: {"status":"installing-updates","current":3,"total":6,"progress":39}
[2025-04-10 19:47:21.582] [info]  DiscordSplash.onStateUpdate: {"status":"installing-updates","current":3,"total":6,"progress":39}
[2025-04-10 19:47:21.582] [info]  Splash.onStateUpdate: {"status":"installing-updates","current":3,"total":6,"progress":39}
[2025-04-10 19:47:21.583] [info]  DiscordSplash.onStateUpdate: {"status":"installing-updates","current":3,"total":6,"progress":39}
[2025-04-10 19:47:21.583] [info]  Splash.onStateUpdate: {"status":"installing-updates","current":3,"total":6,"progress":39}
[2025-04-10 19:47:21.584] [info]  DiscordSplash.onStateUpdate: {"status":"installing-updates","current":3,"total":6,"progress":40}
[2025-04-10 19:47:21.584] [info]  Splash.onStateUpdate: {"status":"installing-updates","current":3,"total":6,"progress":40}
[2025-04-10 19:47:21.585] [info]  DiscordSplash.onStateUpdate: {"status":"installing-updates","current":3,"total":6,"progress":40}
[2025-04-10 19:47:21.585] [info]  Splash.onStateUpdate: {"status":"installing-updates","current":3,"total":6,"progress":40}
[2025-04-10 19:47:21.586] [info]  DiscordSplash.onStateUpdate: {"status":"installing-updates","current":3,"total":6,"progress":40}
[2025-04-10 19:47:21.586] [info]  Splash.onStateUpdate: {"status":"installing-updates","current":3,"total":6,"progress":40}
[2025-04-10 19:47:21.587] [info]  DiscordSplash.onStateUpdate: {"status":"installing-updates","current":3,"total":6,"progress":40}
[2025-04-10 19:47:21.587] [info]  Splash.onStateUpdate: {"status":"installing-updates","current":3,"total":6,"progress":40}
[2025-04-10 19:47:21.588] [info]  DiscordSplash.onStateUpdate: {"status":"installing-updates","current":3,"total":6,"progress":40}
[2025-04-10 19:47:21.588] [info]  Splash.onStateUpdate: {"status":"installing-updates","current":3,"total":6,"progress":40}
[2025-04-10 19:47:21.589] [info]  DiscordSplash.onStateUpdate: {"status":"installing-updates","current":3,"total":6,"progress":40}
[2025-04-10 19:47:21.589] [info]  Splash.onStateUpdate: {"status":"installing-updates","current":3,"total":6,"progress":40}
[2025-04-10 19:47:21.591] [info]  DiscordSplash.onStateUpdate: {"status":"installing-updates","current":3,"total":6,"progress":41}
[2025-04-10 19:47:21.591] [info]  Splash.onStateUpdate: {"status":"installing-updates","current":3,"total":6,"progress":41}
[2025-04-10 19:47:21.592] [info]  DiscordSplash.onStateUpdate: {"status":"installing-updates","current":3,"total":6,"progress":41}
[2025-04-10 19:47:21.592] [info]  Splash.onStateUpdate: {"status":"installing-updates","current":3,"total":6,"progress":41}
[2025-04-10 19:47:21.593] [info]  DiscordSplash.onStateUpdate: {"status":"installing-updates","current":3,"total":6,"progress":41}
[2025-04-10 19:47:21.593] [info]  Splash.onStateUpdate: {"status":"installing-updates","current":3,"total":6,"progress":41}
[2025-04-10 19:47:21.594] [info]  DiscordSplash.onStateUpdate: {"status":"installing-updates","current":3,"total":6,"progress":41}
[2025-04-10 19:47:21.594] [info]  Splash.onStateUpdate: {"status":"installing-updates","current":3,"total":6,"progress":41}
[2025-04-10 19:47:21.595] [info]  DiscordSplash.onStateUpdate: {"status":"installing-updates","current":3,"total":6,"progress":41}
[2025-04-10 19:47:21.595] [info]  Splash.onStateUpdate: {"status":"installing-updates","current":3,"total":6,"progress":41}
[2025-04-10 19:47:21.596] [info]  DiscordSplash.onStateUpdate: {"status":"installing-updates","current":3,"total":6,"progress":41}
[2025-04-10 19:47:21.596] [info]  Splash.onStateUpdate: {"status":"installing-updates","current":3,"total":6,"progress":41}
[2025-04-10 19:47:21.597] [info]  DiscordSplash.onStateUpdate: {"status":"installing-updates","current":3,"total":6,"progress":41}
[2025-04-10 19:47:21.597] [info]  Splash.onStateUpdate: {"status":"installing-updates","current":3,"total":6,"progress":41}
[2025-04-10 19:47:21.598] [info]  DiscordSplash.onStateUpdate: {"status":"installing-updates","current":3,"total":6,"progress":42}
[2025-04-10 19:47:21.598] [info]  Splash.onStateUpdate: {"status":"installing-updates","current":3,"total":6,"progress":42}
[2025-04-10 19:47:21.598] [info]  DiscordSplash.onStateUpdate: {"status":"installing-updates","current":3,"total":6,"progress":42}
[2025-04-10 19:47:21.599] [info]  Splash.onStateUpdate: {"status":"installing-updates","current":3,"total":6,"progress":42}
[2025-04-10 19:47:21.599] [info]  DiscordSplash.onStateUpdate: {"status":"installing-updates","current":3,"total":6,"progress":42}
[2025-04-10 19:47:21.599] [info]  Splash.onStateUpdate: {"status":"installing-updates","current":3,"total":6,"progress":42}
[2025-04-10 19:47:21.600] [info]  DiscordSplash.onStateUpdate: {"status":"installing-updates","current":3,"total":6,"progress":42}
[2025-04-10 19:47:21.600] [info]  Splash.onStateUpdate: {"status":"installing-updates","current":3,"total":6,"progress":42}
[2025-04-10 19:47:21.601] [info]  DiscordSplash.onStateUpdate: {"status":"installing-updates","current":3,"total":6,"progress":42}
[2025-04-10 19:47:21.601] [info]  Splash.onStateUpdate: {"status":"installing-updates","current":3,"total":6,"progress":42}
[2025-04-10 19:47:21.602] [info]  DiscordSplash.onStateUpdate: {"status":"installing-updates","current":3,"total":6,"progress":42}
[2025-04-10 19:47:21.602] [info]  Splash.onStateUpdate: {"status":"installing-updates","current":3,"total":6,"progress":42}
[2025-04-10 19:47:21.603] [info]  DiscordSplash.onStateUpdate: {"status":"installing-updates","current":3,"total":6,"progress":43}
[2025-04-10 19:47:21.603] [info]  Splash.onStateUpdate: {"status":"installing-updates","current":3,"total":6,"progress":43}
[2025-04-10 19:47:21.604] [info]  DiscordSplash.onStateUpdate: {"status":"installing-updates","current":3,"total":6,"progress":43}
[2025-04-10 19:47:21.604] [info]  Splash.onStateUpdate: {"status":"installing-updates","current":3,"total":6,"progress":43}
[2025-04-10 19:47:21.605] [info]  DiscordSplash.onStateUpdate: {"status":"installing-updates","current":3,"total":6,"progress":43}
[2025-04-10 19:47:21.605] [info]  Splash.onStateUpdate: {"status":"installing-updates","current":3,"total":6,"progress":43}
[2025-04-10 19:47:21.606] [info]  DiscordSplash.onStateUpdate: {"status":"installing-updates","current":3,"total":6,"progress":43}
[2025-04-10 19:47:21.606] [info]  Splash.onStateUpdate: {"status":"installing-updates","current":3,"total":6,"progress":43}
[2025-04-10 19:47:21.607] [info]  DiscordSplash.onStateUpdate: {"status":"installing-updates","current":3,"total":6,"progress":43}
[2025-04-10 19:47:21.607] [info]  Splash.onStateUpdate: {"status":"installing-updates","current":3,"total":6,"progress":43}
[2025-04-10 19:47:21.608] [info]  DiscordSplash.onStateUpdate: {"status":"installing-updates","current":3,"total":6,"progress":43}
[2025-04-10 19:47:21.608] [info]  Splash.onStateUpdate: {"status":"installing-updates","current":3,"total":6,"progress":43}
[2025-04-10 19:47:21.609] [info]  DiscordSplash.onStateUpdate: {"status":"installing-updates","current":3,"total":6,"progress":44}
[2025-04-10 19:47:21.609] [info]  Splash.onStateUpdate: {"status":"installing-updates","current":3,"total":6,"progress":44}
[2025-04-10 19:47:21.610] [info]  DiscordSplash.onStateUpdate: {"status":"installing-updates","current":3,"total":6,"progress":44}
[2025-04-10 19:47:21.610] [info]  Splash.onStateUpdate: {"status":"installing-updates","current":3,"total":6,"progress":44}
[2025-04-10 19:47:21.611] [info]  DiscordSplash.onStateUpdate: {"status":"installing-updates","current":3,"total":6,"progress":44}
[2025-04-10 19:47:21.611] [info]  Splash.onStateUpdate: {"status":"installing-updates","current":3,"total":6,"progress":44}
[2025-04-10 19:47:21.612] [info]  DiscordSplash.onStateUpdate: {"status":"installing-updates","current":3,"total":6,"progress":44}
[2025-04-10 19:47:21.612] [info]  Splash.onStateUpdate: {"status":"installing-updates","current":3,"total":6,"progress":44}
[2025-04-10 19:47:21.613] [info]  DiscordSplash.onStateUpdate: {"status":"installing-updates","current":3,"total":6,"progress":44}
[2025-04-10 19:47:21.613] [info]  Splash.onStateUpdate: {"status":"installing-updates","current":3,"total":6,"progress":44}
[2025-04-10 19:47:21.614] [info]  DiscordSplash.onStateUpdate: {"status":"installing-updates","current":3,"total":6,"progress":44}
[2025-04-10 19:47:21.614] [info]  Splash.onStateUpdate: {"status":"installing-updates","current":3,"total":6,"progress":44}
[2025-04-10 19:47:21.615] [info]  DiscordSplash.onStateUpdate: {"status":"installing-updates","current":3,"total":6,"progress":45}
[2025-04-10 19:47:21.615] [info]  Splash.onStateUpdate: {"status":"installing-updates","current":3,"total":6,"progress":45}
[2025-04-10 19:47:21.615] [info]  DiscordSplash.onStateUpdate: {"status":"installing-updates","current":3,"total":6,"progress":45}
[2025-04-10 19:47:21.616] [info]  Splash.onStateUpdate: {"status":"installing-updates","current":3,"total":6,"progress":45}
[2025-04-10 19:47:21.616] [info]  DiscordSplash.onStateUpdate: {"status":"installing-updates","current":3,"total":6,"progress":45}
[2025-04-10 19:47:21.616] [info]  Splash.onStateUpdate: {"status":"installing-updates","current":3,"total":6,"progress":45}
[2025-04-10 19:47:21.617] [info]  DiscordSplash.onStateUpdate: {"status":"installing-updates","current":3,"total":6,"progress":45}
[2025-04-10 19:47:21.617] [info]  Splash.onStateUpdate: {"status":"installing-updates","current":3,"total":6,"progress":45}
[2025-04-10 19:47:21.618] [info]  DiscordSplash.onStateUpdate: {"status":"installing-updates","current":3,"total":6,"progress":45}
[2025-04-10 19:47:21.618] [info]  Splash.onStateUpdate: {"status":"installing-updates","current":3,"total":6,"progress":45}
[2025-04-10 19:47:21.619] [info]  DiscordSplash.onStateUpdate: {"status":"installing-updates","current":3,"total":6,"progress":45}
[2025-04-10 19:47:21.619] [info]  Splash.onStateUpdate: {"status":"installing-updates","current":3,"total":6,"progress":45}
[2025-04-10 19:47:21.620] [info]  DiscordSplash.onStateUpdate: {"status":"installing-updates","current":3,"total":6,"progress":46}
[2025-04-10 19:47:21.620] [info]  Splash.onStateUpdate: {"status":"installing-updates","current":3,"total":6,"progress":46}
[2025-04-10 19:47:21.621] [info]  DiscordSplash.onStateUpdate: {"status":"installing-updates","current":3,"total":6,"progress":46}
[2025-04-10 19:47:21.621] [info]  Splash.onStateUpdate: {"status":"installing-updates","current":3,"total":6,"progress":46}
[2025-04-10 19:47:21.622] [info]  DiscordSplash.onStateUpdate: {"status":"installing-updates","current":3,"total":6,"progress":46}
[2025-04-10 19:47:21.622] [info]  Splash.onStateUpdate: {"status":"installing-updates","current":3,"total":6,"progress":46}
[2025-04-10 19:47:21.623] [info]  DiscordSplash.onStateUpdate: {"status":"installing-updates","current":3,"total":6,"progress":46}
[2025-04-10 19:47:21.623] [info]  Splash.onStateUpdate: {"status":"installing-updates","current":3,"total":6,"progress":46}
[2025-04-10 19:47:21.624] [info]  DiscordSplash.onStateUpdate: {"status":"installing-updates","current":3,"total":6,"progress":46}
[2025-04-10 19:47:21.624] [info]  Splash.onStateUpdate: {"status":"installing-updates","current":3,"total":6,"progress":46}
[2025-04-10 19:47:21.625] [info]  DiscordSplash.onStateUpdate: {"status":"installing-updates","current":3,"total":6,"progress":46}
[2025-04-10 19:47:21.625] [info]  Splash.onStateUpdate: {"status":"installing-updates","current":3,"total":6,"progress":46}
[2025-04-10 19:47:21.626] [info]  DiscordSplash.onStateUpdate: {"status":"installing-updates","current":3,"total":6,"progress":47}
[2025-04-10 19:47:21.626] [info]  Splash.onStateUpdate: {"status":"installing-updates","current":3,"total":6,"progress":47}
[2025-04-10 19:47:21.627] [info]  DiscordSplash.onStateUpdate: {"status":"installing-updates","current":3,"total":6,"progress":47}
[2025-04-10 19:47:21.628] [info]  Splash.onStateUpdate: {"status":"installing-updates","current":3,"total":6,"progress":47}
[2025-04-10 19:47:21.629] [info]  DiscordSplash.onStateUpdate: {"status":"installing-updates","current":3,"total":6,"progress":47}
[2025-04-10 19:47:21.629] [info]  Splash.onStateUpdate: {"status":"installing-updates","current":3,"total":6,"progress":47}
[2025-04-10 19:47:21.629] [info]  DiscordSplash.onStateUpdate: {"status":"installing-updates","current":3,"total":6,"progress":47}
[2025-04-10 19:47:21.629] [info]  Splash.onStateUpdate: {"status":"installing-updates","current":3,"total":6,"progress":47}
[2025-04-10 19:47:21.630] [info]  DiscordSplash.onStateUpdate: {"status":"installing-updates","current":3,"total":6,"progress":47}
[2025-04-10 19:47:21.630] [info]  Splash.onStateUpdate: {"status":"installing-updates","current":3,"total":6,"progress":47}
[2025-04-10 19:47:21.631] [info]  DiscordSplash.onStateUpdate: {"status":"installing-updates","current":3,"total":6,"progress":47}
[2025-04-10 19:47:21.631] [info]  Splash.onStateUpdate: {"status":"installing-updates","current":3,"total":6,"progress":47}
[2025-04-10 19:47:21.632] [info]  DiscordSplash.onStateUpdate: {"status":"installing-updates","current":3,"total":6,"progress":47}
[2025-04-10 19:47:21.632] [info]  Splash.onStateUpdate: {"status":"installing-updates","current":3,"total":6,"progress":47}
[2025-04-10 19:47:21.633] [info]  DiscordSplash.onStateUpdate: {"status":"installing-updates","current":3,"total":6,"progress":48}
[2025-04-10 19:47:21.633] [info]  Splash.onStateUpdate: {"status":"installing-updates","current":3,"total":6,"progress":48}
[2025-04-10 19:47:21.634] [info]  DiscordSplash.onStateUpdate: {"status":"installing-updates","current":3,"total":6,"progress":48}
[2025-04-10 19:47:21.634] [info]  Splash.onStateUpdate: {"status":"installing-updates","current":3,"total":6,"progress":48}
[2025-04-10 19:47:21.635] [info]  DiscordSplash.onStateUpdate: {"status":"installing-updates","current":3,"total":6,"progress":48}
[2025-04-10 19:47:21.635] [info]  Splash.onStateUpdate: {"status":"installing-updates","current":3,"total":6,"progress":48}
[2025-04-10 19:47:21.635] [info]  DiscordSplash.onStateUpdate: {"status":"installing-updates","current":3,"total":6,"progress":48}
[2025-04-10 19:47:21.636] [info]  Splash.onStateUpdate: {"status":"installing-updates","current":3,"total":6,"progress":48}
[2025-04-10 19:47:21.636] [info]  DiscordSplash.onStateUpdate: {"status":"installing-updates","current":3,"total":6,"progress":48}
[2025-04-10 19:47:21.636] [info]  Splash.onStateUpdate: {"status":"installing-updates","current":3,"total":6,"progress":48}
[2025-04-10 19:47:21.637] [info]  DiscordSplash.onStateUpdate: {"status":"installing-updates","current":3,"total":6,"progress":48}
[2025-04-10 19:47:21.637] [info]  Splash.onStateUpdate: {"status":"installing-updates","current":3,"total":6,"progress":48}
[2025-04-10 19:47:21.638] [info]  DiscordSplash.onStateUpdate: {"status":"installing-updates","current":3,"total":6,"progress":49}
[2025-04-10 19:47:21.638] [info]  Splash.onStateUpdate: {"status":"installing-updates","current":3,"total":6,"progress":49}
[2025-04-10 19:47:21.639] [info]  DiscordSplash.onStateUpdate: {"status":"installing-updates","current":3,"total":6,"progress":49}
[2025-04-10 19:47:21.639] [info]  Splash.onStateUpdate: {"status":"installing-updates","current":3,"total":6,"progress":49}
[2025-04-10 19:47:21.640] [info]  DiscordSplash.onStateUpdate: {"status":"installing-updates","current":3,"total":6,"progress":49}
[2025-04-10 19:47:21.640] [info]  Splash.onStateUpdate: {"status":"installing-updates","current":3,"total":6,"progress":49}
[2025-04-10 19:47:21.640] [info]  DiscordSplash.onStateUpdate: {"status":"installing-updates","current":3,"total":6,"progress":49}
[2025-04-10 19:47:21.641] [info]  Splash.onStateUpdate: {"status":"installing-updates","current":3,"total":6,"progress":49}
[2025-04-10 19:47:21.641] [info]  DiscordSplash.onStateUpdate: {"status":"installing-updates","current":3,"total":6,"progress":49}
[2025-04-10 19:47:21.641] [info]  Splash.onStateUpdate: {"status":"installing-updates","current":3,"total":6,"progress":49}
[2025-04-10 19:47:21.642] [info]  DiscordSplash.onStateUpdate: {"status":"installing-updates","current":3,"total":6,"progress":49}
[2025-04-10 19:47:21.643] [info]  Splash.onStateUpdate: {"status":"installing-updates","current":3,"total":6,"progress":49}
[2025-04-10 19:47:21.644] [info]  DiscordSplash.onStateUpdate: {"status":"installing-updates","current":3,"total":6,"progress":50}
[2025-04-10 19:47:21.644] [info]  Splash.onStateUpdate: {"status":"installing-updates","current":3,"total":6,"progress":50}
[2025-04-10 19:47:21.645] [info]  DiscordSplash.onStateUpdate: {"status":"installing-updates","current":3,"total":6,"progress":50}
[2025-04-10 19:47:21.645] [info]  Splash.onStateUpdate: {"status":"installing-updates","current":3,"total":6,"progress":50}
[2025-04-10 19:47:21.646] [info]  DiscordSplash.onStateUpdate: {"status":"installing-updates","current":3,"total":6,"progress":50}
[2025-04-10 19:47:21.646] [info]  Splash.onStateUpdate: {"status":"installing-updates","current":3,"total":6,"progress":50}
[2025-04-10 19:47:21.646] [info]  DiscordSplash.onStateUpdate: {"status":"installing-updates","current":3,"total":6,"progress":50}
[2025-04-10 19:47:21.647] [info]  Splash.onStateUpdate: {"status":"installing-updates","current":3,"total":6,"progress":50}
[2025-04-10 19:47:21.648] [info]  DiscordSplash.onStateUpdate: {"status":"installing-updates","current":3,"total":6,"progress":50}
[2025-04-10 19:47:21.648] [info]  Splash.onStateUpdate: {"status":"installing-updates","current":3,"total":6,"progress":50}
[2025-04-10 19:47:21.648] [info]  DiscordSplash.onStateUpdate: {"status":"installing-updates","current":3,"total":6,"progress":50}
[2025-04-10 19:47:21.648] [info]  Splash.onStateUpdate: {"status":"installing-updates","current":3,"total":6,"progress":50}
[2025-04-10 19:47:21.649] [info]  DiscordSplash.onStateUpdate: {"status":"installing-updates","current":3,"total":6,"progress":51}
[2025-04-10 19:47:21.649] [info]  Splash.onStateUpdate: {"status":"installing-updates","current":3,"total":6,"progress":51}
[2025-04-10 19:47:21.650] [info]  DiscordSplash.onStateUpdate: {"status":"installing-updates","current":3,"total":6,"progress":51}
[2025-04-10 19:47:21.650] [info]  Splash.onStateUpdate: {"status":"installing-updates","current":3,"total":6,"progress":51}
[2025-04-10 19:47:21.651] [info]  DiscordSplash.onStateUpdate: {"status":"installing-updates","current":3,"total":6,"progress":51}
[2025-04-10 19:47:21.651] [info]  Splash.onStateUpdate: {"status":"installing-updates","current":3,"total":6,"progress":51}
[2025-04-10 19:47:21.652] [info]  DiscordSplash.onStateUpdate: {"status":"installing-updates","current":3,"total":6,"progress":51}
[2025-04-10 19:47:21.652] [info]  Splash.onStateUpdate: {"status":"installing-updates","current":3,"total":6,"progress":51}
[2025-04-10 19:47:21.653] [info]  DiscordSplash.onStateUpdate: {"status":"installing-updates","current":3,"total":6,"progress":51}
[2025-04-10 19:47:21.653] [info]  Splash.onStateUpdate: {"status":"installing-updates","current":3,"total":6,"progress":51}
[2025-04-10 19:47:21.654] [info]  DiscordSplash.onStateUpdate: {"status":"installing-updates","current":3,"total":6,"progress":51}
[2025-04-10 19:47:21.654] [info]  Splash.onStateUpdate: {"status":"installing-updates","current":3,"total":6,"progress":51}
[2025-04-10 19:47:21.655] [info]  DiscordSplash.onStateUpdate: {"status":"installing-updates","current":3,"total":6,"progress":52}
[2025-04-10 19:47:21.655] [info]  Splash.onStateUpdate: {"status":"installing-updates","current":3,"total":6,"progress":52}
[2025-04-10 19:47:21.656] [info]  DiscordSplash.onStateUpdate: {"status":"installing-updates","current":3,"total":6,"progress":52}
[2025-04-10 19:47:21.656] [info]  Splash.onStateUpdate: {"status":"installing-updates","current":3,"total":6,"progress":52}
[2025-04-10 19:47:21.656] [info]  DiscordSplash.onStateUpdate: {"status":"installing-updates","current":3,"total":6,"progress":52}
[2025-04-10 19:47:21.657] [info]  Splash.onStateUpdate: {"status":"installing-updates","current":3,"total":6,"progress":52}
[2025-04-10 19:47:21.658] [info]  DiscordSplash.onStateUpdate: {"status":"installing-updates","current":3,"total":6,"progress":52}
[2025-04-10 19:47:21.658] [info]  Splash.onStateUpdate: {"status":"installing-updates","current":3,"total":6,"progress":52}
[2025-04-10 19:47:21.659] [info]  DiscordSplash.onStateUpdate: {"status":"installing-updates","current":3,"total":6,"progress":52}
[2025-04-10 19:47:21.659] [info]  Splash.onStateUpdate: {"status":"installing-updates","current":3,"total":6,"progress":52}
[2025-04-10 19:47:21.660] [info]  DiscordSplash.onStateUpdate: {"status":"installing-updates","current":3,"total":6,"progress":52}
[2025-04-10 19:47:21.660] [info]  Splash.onStateUpdate: {"status":"installing-updates","current":3,"total":6,"progress":52}
[2025-04-10 19:47:21.661] [info]  DiscordSplash.onStateUpdate: {"status":"installing-updates","current":3,"total":6,"progress":52}
[2025-04-10 19:47:21.662] [info]  Splash.onStateUpdate: {"status":"installing-updates","current":3,"total":6,"progress":52}
[2025-04-10 19:47:21.663] [info]  DiscordSplash.onStateUpdate: {"status":"installing-updates","current":3,"total":6,"progress":53}
[2025-04-10 19:47:21.663] [info]  Splash.onStateUpdate: {"status":"installing-updates","current":3,"total":6,"progress":53}
[2025-04-10 19:47:21.664] [info]  DiscordSplash.onStateUpdate: {"status":"installing-updates","current":3,"total":6,"progress":53}
[2025-04-10 19:47:21.664] [info]  Splash.onStateUpdate: {"status":"installing-updates","current":3,"total":6,"progress":53}
[2025-04-10 19:47:21.665] [info]  DiscordSplash.onStateUpdate: {"status":"installing-updates","current":3,"total":6,"progress":53}
[2025-04-10 19:47:21.665] [info]  Splash.onStateUpdate: {"status":"installing-updates","current":3,"total":6,"progress":53}
[2025-04-10 19:47:21.665] [info]  DiscordSplash.onStateUpdate: {"status":"installing-updates","current":3,"total":6,"progress":53}
[2025-04-10 19:47:21.666] [info]  Splash.onStateUpdate: {"status":"installing-updates","current":3,"total":6,"progress":53}
[2025-04-10 19:47:21.666] [info]  DiscordSplash.onStateUpdate: {"status":"installing-updates","current":3,"total":6,"progress":53}
[2025-04-10 19:47:21.666] [info]  Splash.onStateUpdate: {"status":"installing-updates","current":3,"total":6,"progress":53}
[2025-04-10 19:47:21.667] [info]  DiscordSplash.onStateUpdate: {"status":"installing-updates","current":3,"total":6,"progress":53}
[2025-04-10 19:47:21.667] [info]  Splash.onStateUpdate: {"status":"installing-updates","current":3,"total":6,"progress":53}
[2025-04-10 19:47:21.668] [info]  DiscordSplash.onStateUpdate: {"status":"installing-updates","current":3,"total":6,"progress":54}
[2025-04-10 19:47:21.668] [info]  Splash.onStateUpdate: {"status":"installing-updates","current":3,"total":6,"progress":54}
[2025-04-10 19:47:21.669] [info]  DiscordSplash.onStateUpdate: {"status":"installing-updates","current":3,"total":6,"progress":54}
[2025-04-10 19:47:21.669] [info]  Splash.onStateUpdate: {"status":"installing-updates","current":3,"total":6,"progress":54}
[2025-04-10 19:47:21.670] [info]  DiscordSplash.onStateUpdate: {"status":"installing-updates","current":3,"total":6,"progress":54}
[2025-04-10 19:47:21.670] [info]  Splash.onStateUpdate: {"status":"installing-updates","current":3,"total":6,"progress":54}
[2025-04-10 19:47:21.671] [info]  DiscordSplash.onStateUpdate: {"status":"installing-updates","current":3,"total":6,"progress":54}
[2025-04-10 19:47:21.671] [info]  Splash.onStateUpdate: {"status":"installing-updates","current":3,"total":6,"progress":54}
[2025-04-10 19:47:21.672] [info]  DiscordSplash.onStateUpdate: {"status":"installing-updates","current":3,"total":6,"progress":54}
[2025-04-10 19:47:21.672] [info]  Splash.onStateUpdate: {"status":"installing-updates","current":3,"total":6,"progress":54}
[2025-04-10 19:47:21.674] [info]  DiscordSplash.onStateUpdate: {"status":"installing-updates","current":3,"total":6,"progress":54}
[2025-04-10 19:47:21.674] [info]  Splash.onStateUpdate: {"status":"installing-updates","current":3,"total":6,"progress":54}
[2025-04-10 19:47:21.674] [info]  DiscordSplash.onStateUpdate: {"status":"installing-updates","current":3,"total":6,"progress":55}
[2025-04-10 19:47:21.674] [info]  Splash.onStateUpdate: {"status":"installing-updates","current":3,"total":6,"progress":55}
[2025-04-10 19:47:21.675] [info]  DiscordSplash.onStateUpdate: {"status":"installing-updates","current":3,"total":6,"progress":55}
[2025-04-10 19:47:21.675] [info]  Splash.onStateUpdate: {"status":"installing-updates","current":3,"total":6,"progress":55}
[2025-04-10 19:47:21.676] [info]  DiscordSplash.onStateUpdate: {"status":"installing-updates","current":3,"total":6,"progress":55}
[2025-04-10 19:47:21.676] [info]  Splash.onStateUpdate: {"status":"installing-updates","current":3,"total":6,"progress":55}
[2025-04-10 19:47:21.677] [info]  DiscordSplash.onStateUpdate: {"status":"installing-updates","current":3,"total":6,"progress":55}
[2025-04-10 19:47:21.677] [info]  Splash.onStateUpdate: {"status":"installing-updates","current":3,"total":6,"progress":55}
[2025-04-10 19:47:21.678] [info]  DiscordSplash.onStateUpdate: {"status":"installing-updates","current":3,"total":6,"progress":55}
[2025-04-10 19:47:21.678] [info]  Splash.onStateUpdate: {"status":"installing-updates","current":3,"total":6,"progress":55}
[2025-04-10 19:47:21.679] [info]  DiscordSplash.onStateUpdate: {"status":"installing-updates","current":3,"total":6,"progress":55}
[2025-04-10 19:47:21.679] [info]  Splash.onStateUpdate: {"status":"installing-updates","current":3,"total":6,"progress":55}
[2025-04-10 19:47:21.680] [info]  DiscordSplash.onStateUpdate: {"status":"installing-updates","current":3,"total":6,"progress":56}
[2025-04-10 19:47:21.680] [info]  Splash.onStateUpdate: {"status":"installing-updates","current":3,"total":6,"progress":56}
[2025-04-10 19:47:21.680] [info]  DiscordSplash.onStateUpdate: {"status":"installing-updates","current":3,"total":6,"progress":56}
[2025-04-10 19:47:21.680] [info]  Splash.onStateUpdate: {"status":"installing-updates","current":3,"total":6,"progress":56}
[2025-04-10 19:47:21.681] [info]  DiscordSplash.onStateUpdate: {"status":"installing-updates","current":3,"total":6,"progress":56}
[2025-04-10 19:47:21.681] [info]  Splash.onStateUpdate: {"status":"installing-updates","current":3,"total":6,"progress":56}
[2025-04-10 19:47:21.682] [info]  DiscordSplash.onStateUpdate: {"status":"installing-updates","current":3,"total":6,"progress":56}
[2025-04-10 19:47:21.682] [info]  Splash.onStateUpdate: {"status":"installing-updates","current":3,"total":6,"progress":56}
[2025-04-10 19:47:21.683] [info]  DiscordSplash.onStateUpdate: {"status":"installing-updates","current":3,"total":6,"progress":56}
[2025-04-10 19:47:21.683] [info]  Splash.onStateUpdate: {"status":"installing-updates","current":3,"total":6,"progress":56}
[2025-04-10 19:47:21.684] [info]  DiscordSplash.onStateUpdate: {"status":"installing-updates","current":3,"total":6,"progress":56}
[2025-04-10 19:47:21.684] [info]  Splash.onStateUpdate: {"status":"installing-updates","current":3,"total":6,"progress":56}
[2025-04-10 19:47:21.685] [info]  DiscordSplash.onStateUpdate: {"status":"installing-updates","current":3,"total":6,"progress":57}
[2025-04-10 19:47:21.685] [info]  Splash.onStateUpdate: {"status":"installing-updates","current":3,"total":6,"progress":57}
[2025-04-10 19:47:21.686] [info]  DiscordSplash.onStateUpdate: {"status":"installing-updates","current":3,"total":6,"progress":57}
[2025-04-10 19:47:21.686] [info]  Splash.onStateUpdate: {"status":"installing-updates","current":3,"total":6,"progress":57}
[2025-04-10 19:47:21.687] [info]  DiscordSplash.onStateUpdate: {"status":"installing-updates","current":3,"total":6,"progress":57}
[2025-04-10 19:47:21.687] [info]  Splash.onStateUpdate: {"status":"installing-updates","current":3,"total":6,"progress":57}
[2025-04-10 19:47:21.688] [info]  DiscordSplash.onStateUpdate: {"status":"installing-updates","current":3,"total":6,"progress":57}
[2025-04-10 19:47:21.688] [info]  Splash.onStateUpdate: {"status":"installing-updates","current":3,"total":6,"progress":57}
[2025-04-10 19:47:21.689] [info]  DiscordSplash.onStateUpdate: {"status":"installing-updates","current":3,"total":6,"progress":57}
[2025-04-10 19:47:21.689] [info]  Splash.onStateUpdate: {"status":"installing-updates","current":3,"total":6,"progress":57}
[2025-04-10 19:47:21.690] [info]  DiscordSplash.onStateUpdate: {"status":"installing-updates","current":3,"total":6,"progress":57}
[2025-04-10 19:47:21.690] [info]  Splash.onStateUpdate: {"status":"installing-updates","current":3,"total":6,"progress":57}
[2025-04-10 19:47:21.690] [info]  DiscordSplash.onStateUpdate: {"status":"installing-updates","current":3,"total":6,"progress":58}
[2025-04-10 19:47:21.691] [info]  Splash.onStateUpdate: {"status":"installing-updates","current":3,"total":6,"progress":58}
[2025-04-10 19:47:21.691] [info]  DiscordSplash.onStateUpdate: {"status":"installing-updates","current":3,"total":6,"progress":58}
[2025-04-10 19:47:21.692] [info]  Splash.onStateUpdate: {"status":"installing-updates","current":3,"total":6,"progress":58}
[2025-04-10 19:47:21.692] [info]  DiscordSplash.onStateUpdate: {"status":"installing-updates","current":3,"total":6,"progress":58}
[2025-04-10 19:47:21.693] [info]  Splash.onStateUpdate: {"status":"installing-updates","current":3,"total":6,"progress":58}
[2025-04-10 19:47:21.693] [info]  DiscordSplash.onStateUpdate: {"status":"installing-updates","current":3,"total":6,"progress":58}
[2025-04-10 19:47:21.693] [info]  Splash.onStateUpdate: {"status":"installing-updates","current":3,"total":6,"progress":58}
[2025-04-10 19:47:21.694] [info]  DiscordSplash.onStateUpdate: {"status":"installing-updates","current":3,"total":6,"progress":58}
[2025-04-10 19:47:21.694] [info]  Splash.onStateUpdate: {"status":"installing-updates","current":3,"total":6,"progress":58}
[2025-04-10 19:47:21.695] [info]  DiscordSplash.onStateUpdate: {"status":"installing-updates","current":3,"total":6,"progress":58}
[2025-04-10 19:47:21.695] [info]  Splash.onStateUpdate: {"status":"installing-updates","current":3,"total":6,"progress":58}
[2025-04-10 19:47:21.696] [info]  DiscordSplash.onStateUpdate: {"status":"installing-updates","current":3,"total":6,"progress":58}
[2025-04-10 19:47:21.696] [info]  Splash.onStateUpdate: {"status":"installing-updates","current":3,"total":6,"progress":58}
[2025-04-10 19:47:21.697] [info]  DiscordSplash.onStateUpdate: {"status":"installing-updates","current":3,"total":6,"progress":59}
[2025-04-10 19:47:21.697] [info]  Splash.onStateUpdate: {"status":"installing-updates","current":3,"total":6,"progress":59}
[2025-04-10 19:47:21.698] [info]  DiscordSplash.onStateUpdate: {"status":"installing-updates","current":3,"total":6,"progress":59}
[2025-04-10 19:47:21.698] [info]  Splash.onStateUpdate: {"status":"installing-updates","current":3,"total":6,"progress":59}
[2025-04-10 19:47:21.698] [info]  DiscordSplash.onStateUpdate: {"status":"installing-updates","current":3,"total":6,"progress":59}
[2025-04-10 19:47:21.698] [info]  Splash.onStateUpdate: {"status":"installing-updates","current":3,"total":6,"progress":59}
[2025-04-10 19:47:21.699] [info]  DiscordSplash.onStateUpdate: {"status":"installing-updates","current":3,"total":6,"progress":59}
[2025-04-10 19:47:21.699] [info]  Splash.onStateUpdate: {"status":"installing-updates","current":3,"total":6,"progress":59}
[2025-04-10 19:47:21.700] [info]  DiscordSplash.onStateUpdate: {"status":"installing-updates","current":3,"total":6,"progress":59}
[2025-04-10 19:47:21.700] [info]  Splash.onStateUpdate: {"status":"installing-updates","current":3,"total":6,"progress":59}
[2025-04-10 19:47:21.701] [info]  DiscordSplash.onStateUpdate: {"status":"installing-updates","current":3,"total":6,"progress":59}
[2025-04-10 19:47:21.701] [info]  Splash.onStateUpdate: {"status":"installing-updates","current":3,"total":6,"progress":59}
[2025-04-10 19:47:21.702] [info]  DiscordSplash.onStateUpdate: {"status":"installing-updates","current":3,"total":6,"progress":60}
[2025-04-10 19:47:21.702] [info]  Splash.onStateUpdate: {"status":"installing-updates","current":3,"total":6,"progress":60}
[2025-04-10 19:47:21.703] [info]  DiscordSplash.onStateUpdate: {"status":"installing-updates","current":3,"total":6,"progress":60}
[2025-04-10 19:47:21.703] [info]  Splash.onStateUpdate: {"status":"installing-updates","current":3,"total":6,"progress":60}
[2025-04-10 19:47:21.704] [info]  DiscordSplash.onStateUpdate: {"status":"installing-updates","current":3,"total":6,"progress":60}
[2025-04-10 19:47:21.704] [info]  Splash.onStateUpdate: {"status":"installing-updates","current":3,"total":6,"progress":60}
[2025-04-10 19:47:21.705] [info]  DiscordSplash.onStateUpdate: {"status":"installing-updates","current":3,"total":6,"progress":60}
[2025-04-10 19:47:21.705] [info]  Splash.onStateUpdate: {"status":"installing-updates","current":3,"total":6,"progress":60}
[2025-04-10 19:47:21.706] [info]  DiscordSplash.onStateUpdate: {"status":"installing-updates","current":3,"total":6,"progress":60}
[2025-04-10 19:47:21.706] [info]  Splash.onStateUpdate: {"status":"installing-updates","current":3,"total":6,"progress":60}
[2025-04-10 19:47:21.707] [info]  DiscordSplash.onStateUpdate: {"status":"installing-updates","current":3,"total":6,"progress":60}
[2025-04-10 19:47:21.707] [info]  Splash.onStateUpdate: {"status":"installing-updates","current":3,"total":6,"progress":60}
[2025-04-10 19:47:21.708] [info]  DiscordSplash.onStateUpdate: {"status":"installing-updates","current":3,"total":6,"progress":61}
[2025-04-10 19:47:21.708] [info]  Splash.onStateUpdate: {"status":"installing-updates","current":3,"total":6,"progress":61}
[2025-04-10 19:47:21.709] [info]  DiscordSplash.onStateUpdate: {"status":"installing-updates","current":3,"total":6,"progress":61}
[2025-04-10 19:47:21.709] [info]  Splash.onStateUpdate: {"status":"installing-updates","current":3,"total":6,"progress":61}
[2025-04-10 19:47:21.710] [info]  DiscordSplash.onStateUpdate: {"status":"installing-updates","current":3,"total":6,"progress":61}
[2025-04-10 19:47:21.710] [info]  Splash.onStateUpdate: {"status":"installing-updates","current":3,"total":6,"progress":61}
[2025-04-10 19:47:21.711] [info]  DiscordSplash.onStateUpdate: {"status":"installing-updates","current":3,"total":6,"progress":61}
[2025-04-10 19:47:21.711] [info]  Splash.onStateUpdate: {"status":"installing-updates","current":3,"total":6,"progress":61}
[2025-04-10 19:47:21.712] [info]  DiscordSplash.onStateUpdate: {"status":"installing-updates","current":3,"total":6,"progress":61}
[2025-04-10 19:47:21.712] [info]  Splash.onStateUpdate: {"status":"installing-updates","current":3,"total":6,"progress":61}
[2025-04-10 19:47:21.713] [info]  DiscordSplash.onStateUpdate: {"status":"installing-updates","current":3,"total":6,"progress":61}
[2025-04-10 19:47:21.713] [info]  Splash.onStateUpdate: {"status":"installing-updates","current":3,"total":6,"progress":61}
[2025-04-10 19:47:21.713] [info]  DiscordSplash.onStateUpdate: {"status":"installing-updates","current":3,"total":6,"progress":62}
[2025-04-10 19:47:21.714] [info]  Splash.onStateUpdate: {"status":"installing-updates","current":3,"total":6,"progress":62}
[2025-04-10 19:47:21.714] [info]  DiscordSplash.onStateUpdate: {"status":"installing-updates","current":3,"total":6,"progress":62}
[2025-04-10 19:47:21.714] [info]  Splash.onStateUpdate: {"status":"installing-updates","current":3,"total":6,"progress":62}
[2025-04-10 19:47:21.715] [info]  DiscordSplash.onStateUpdate: {"status":"installing-updates","current":3,"total":6,"progress":62}
[2025-04-10 19:47:21.715] [info]  Splash.onStateUpdate: {"status":"installing-updates","current":3,"total":6,"progress":62}
[2025-04-10 19:47:21.716] [info]  DiscordSplash.onStateUpdate: {"status":"installing-updates","current":3,"total":6,"progress":62}
[2025-04-10 19:47:21.716] [info]  Splash.onStateUpdate: {"status":"installing-updates","current":3,"total":6,"progress":62}
[2025-04-10 19:47:21.717] [info]  DiscordSplash.onStateUpdate: {"status":"installing-updates","current":3,"total":6,"progress":62}
[2025-04-10 19:47:21.717] [info]  Splash.onStateUpdate: {"status":"installing-updates","current":3,"total":6,"progress":62}
[2025-04-10 19:47:21.718] [info]  DiscordSplash.onStateUpdate: {"status":"installing-updates","current":3,"total":6,"progress":62}
[2025-04-10 19:47:21.718] [info]  Splash.onStateUpdate: {"status":"installing-updates","current":3,"total":6,"progress":62}
[2025-04-10 19:47:21.719] [info]  DiscordSplash.onStateUpdate: {"status":"installing-updates","current":3,"total":6,"progress":63}
[2025-04-10 19:47:21.719] [info]  Splash.onStateUpdate: {"status":"installing-updates","current":3,"total":6,"progress":63}
[2025-04-10 19:47:21.720] [info]  DiscordSplash.onStateUpdate: {"status":"installing-updates","current":3,"total":6,"progress":63}
[2025-04-10 19:47:21.720] [info]  Splash.onStateUpdate: {"status":"installing-updates","current":3,"total":6,"progress":63}
[2025-04-10 19:47:21.721] [info]  DiscordSplash.onStateUpdate: {"status":"installing-updates","current":3,"total":6,"progress":63}
[2025-04-10 19:47:21.721] [info]  Splash.onStateUpdate: {"status":"installing-updates","current":3,"total":6,"progress":63}
[2025-04-10 19:47:21.722] [info]  DiscordSplash.onStateUpdate: {"status":"installing-updates","current":3,"total":6,"progress":63}
[2025-04-10 19:47:21.722] [info]  Splash.onStateUpdate: {"status":"installing-updates","current":3,"total":6,"progress":63}
[2025-04-10 19:47:21.722] [info]  DiscordSplash.onStateUpdate: {"status":"installing-updates","current":3,"total":6,"progress":63}
[2025-04-10 19:47:21.723] [info]  Splash.onStateUpdate: {"status":"installing-updates","current":3,"total":6,"progress":63}
[2025-04-10 19:47:21.724] [info]  DiscordSplash.onStateUpdate: {"status":"installing-updates","current":3,"total":6,"progress":63}
[2025-04-10 19:47:21.724] [info]  Splash.onStateUpdate: {"status":"installing-updates","current":3,"total":6,"progress":63}
[2025-04-10 19:47:21.725] [info]  DiscordSplash.onStateUpdate: {"status":"installing-updates","current":3,"total":6,"progress":64}
[2025-04-10 19:47:21.725] [info]  Splash.onStateUpdate: {"status":"installing-updates","current":3,"total":6,"progress":64}
[2025-04-10 19:47:21.726] [info]  DiscordSplash.onStateUpdate: {"status":"installing-updates","current":3,"total":6,"progress":64}
[2025-04-10 19:47:21.726] [info]  Splash.onStateUpdate: {"status":"installing-updates","current":3,"total":6,"progress":64}
[2025-04-10 19:47:21.727] [info]  DiscordSplash.onStateUpdate: {"status":"installing-updates","current":3,"total":6,"progress":64}
[2025-04-10 19:47:21.727] [info]  Splash.onStateUpdate: {"status":"installing-updates","current":3,"total":6,"progress":64}
[2025-04-10 19:47:21.728] [info]  DiscordSplash.onStateUpdate: {"status":"installing-updates","current":3,"total":6,"progress":64}
[2025-04-10 19:47:21.728] [info]  Splash.onStateUpdate: {"status":"installing-updates","current":3,"total":6,"progress":64}
[2025-04-10 19:47:21.729] [info]  DiscordSplash.onStateUpdate: {"status":"installing-updates","current":3,"total":6,"progress":64}
[2025-04-10 19:47:21.729] [info]  Splash.onStateUpdate: {"status":"installing-updates","current":3,"total":6,"progress":64}
[2025-04-10 19:47:21.730] [info]  DiscordSplash.onStateUpdate: {"status":"installing-updates","current":3,"total":6,"progress":64}
[2025-04-10 19:47:21.730] [info]  Splash.onStateUpdate: {"status":"installing-updates","current":3,"total":6,"progress":64}
[2025-04-10 19:47:21.731] [info]  DiscordSplash.onStateUpdate: {"status":"installing-updates","current":3,"total":6,"progress":64}
[2025-04-10 19:47:21.731] [info]  Splash.onStateUpdate: {"status":"installing-updates","current":3,"total":6,"progress":64}
[2025-04-10 19:47:21.732] [info]  DiscordSplash.onStateUpdate: {"status":"installing-updates","current":3,"total":6,"progress":65}
[2025-04-10 19:47:21.732] [info]  Splash.onStateUpdate: {"status":"installing-updates","current":3,"total":6,"progress":65}
[2025-04-10 19:47:21.732] [info]  DiscordSplash.onStateUpdate: {"status":"installing-updates","current":3,"total":6,"progress":65}
[2025-04-10 19:47:21.733] [info]  Splash.onStateUpdate: {"status":"installing-updates","current":3,"total":6,"progress":65}
[2025-04-10 19:47:21.733] [info]  DiscordSplash.onStateUpdate: {"status":"installing-updates","current":3,"total":6,"progress":65}
[2025-04-10 19:47:21.733] [info]  Splash.onStateUpdate: {"status":"installing-updates","current":3,"total":6,"progress":65}
[2025-04-10 19:47:21.734] [info]  DiscordSplash.onStateUpdate: {"status":"installing-updates","current":3,"total":6,"progress":65}
[2025-04-10 19:47:21.734] [info]  Splash.onStateUpdate: {"status":"installing-updates","current":3,"total":6,"progress":65}
[2025-04-10 19:47:21.735] [info]  DiscordSplash.onStateUpdate: {"status":"installing-updates","current":3,"total":6,"progress":65}
[2025-04-10 19:47:21.735] [info]  Splash.onStateUpdate: {"status":"installing-updates","current":3,"total":6,"progress":65}
[2025-04-10 19:47:21.736] [info]  DiscordSplash.onStateUpdate: {"status":"installing-updates","current":3,"total":6,"progress":65}
[2025-04-10 19:47:21.736] [info]  Splash.onStateUpdate: {"status":"installing-updates","current":3,"total":6,"progress":65}
[2025-04-10 19:47:21.737] [info]  DiscordSplash.onStateUpdate: {"status":"installing-updates","current":3,"total":6,"progress":66}
[2025-04-10 19:47:21.737] [info]  Splash.onStateUpdate: {"status":"installing-updates","current":3,"total":6,"progress":66}
[2025-04-10 19:47:21.738] [info]  DiscordSplash.onStateUpdate: {"status":"installing-updates","current":3,"total":6,"progress":66}
[2025-04-10 19:47:21.738] [info]  Splash.onStateUpdate: {"status":"installing-updates","current":3,"total":6,"progress":66}
[2025-04-10 19:47:21.739] [info]  DiscordSplash.onStateUpdate: {"status":"installing-updates","current":3,"total":6,"progress":66}
[2025-04-10 19:47:21.739] [info]  Splash.onStateUpdate: {"status":"installing-updates","current":3,"total":6,"progress":66}
[2025-04-10 19:47:21.740] [info]  DiscordSplash.onStateUpdate: {"status":"installing-updates","current":3,"total":6,"progress":66}
[2025-04-10 19:47:21.740] [info]  Splash.onStateUpdate: {"status":"installing-updates","current":3,"total":6,"progress":66}
[2025-04-10 19:47:21.741] [info]  DiscordSplash.onStateUpdate: {"status":"installing-updates","current":3,"total":6,"progress":66}
[2025-04-10 19:47:21.741] [info]  Splash.onStateUpdate: {"status":"installing-updates","current":3,"total":6,"progress":66}
[2025-04-10 19:47:21.742] [info]  DiscordSplash.onStateUpdate: {"status":"installing-updates","current":3,"total":6,"progress":66}
[2025-04-10 19:47:21.742] [info]  Splash.onStateUpdate: {"status":"installing-updates","current":3,"total":6,"progress":66}
[2025-04-10 19:47:21.743] [info]  DiscordSplash.onStateUpdate: {"status":"installing-updates","current":3,"total":6,"progress":67}
[2025-04-10 19:47:21.743] [info]  Splash.onStateUpdate: {"status":"installing-updates","current":3,"total":6,"progress":67}
[2025-04-10 19:47:21.744] [info]  DiscordSplash.onStateUpdate: {"status":"installing-updates","current":3,"total":6,"progress":67}
[2025-04-10 19:47:21.744] [info]  Splash.onStateUpdate: {"status":"installing-updates","current":3,"total":6,"progress":67}
[2025-04-10 19:47:21.745] [info]  DiscordSplash.onStateUpdate: {"status":"installing-updates","current":3,"total":6,"progress":67}
[2025-04-10 19:47:21.745] [info]  Splash.onStateUpdate: {"status":"installing-updates","current":3,"total":6,"progress":67}
[2025-04-10 19:47:21.746] [info]  DiscordSplash.onStateUpdate: {"status":"installing-updates","current":3,"total":6,"progress":67}
[2025-04-10 19:47:21.746] [info]  Splash.onStateUpdate: {"status":"installing-updates","current":3,"total":6,"progress":67}
[2025-04-10 19:47:21.747] [info]  DiscordSplash.onStateUpdate: {"status":"installing-updates","current":3,"total":6,"progress":67}
[2025-04-10 19:47:21.747] [info]  Splash.onStateUpdate: {"status":"installing-updates","current":3,"total":6,"progress":67}
[2025-04-10 19:47:21.748] [info]  DiscordSplash.onStateUpdate: {"status":"installing-updates","current":3,"total":6,"progress":67}
[2025-04-10 19:47:21.748] [info]  Splash.onStateUpdate: {"status":"installing-updates","current":3,"total":6,"progress":67}
[2025-04-10 19:47:21.749] [info]  DiscordSplash.onStateUpdate: {"status":"installing-updates","current":3,"total":6,"progress":68}
[2025-04-10 19:47:21.749] [info]  Splash.onStateUpdate: {"status":"installing-updates","current":3,"total":6,"progress":68}
[2025-04-10 19:47:21.750] [info]  DiscordSplash.onStateUpdate: {"status":"installing-updates","current":3,"total":6,"progress":68}
[2025-04-10 19:47:21.750] [info]  Splash.onStateUpdate: {"status":"installing-updates","current":3,"total":6,"progress":68}
[2025-04-10 19:47:21.751] [info]  DiscordSplash.onStateUpdate: {"status":"installing-updates","current":3,"total":6,"progress":68}
[2025-04-10 19:47:21.751] [info]  Splash.onStateUpdate: {"status":"installing-updates","current":3,"total":6,"progress":68}
[2025-04-10 19:47:21.752] [info]  DiscordSplash.onStateUpdate: {"status":"installing-updates","current":3,"total":6,"progress":68}
[2025-04-10 19:47:21.752] [info]  Splash.onStateUpdate: {"status":"installing-updates","current":3,"total":6,"progress":68}
[2025-04-10 19:47:21.753] [info]  DiscordSplash.onStateUpdate: {"status":"installing-updates","current":3,"total":6,"progress":68}
[2025-04-10 19:47:21.753] [info]  Splash.onStateUpdate: {"status":"installing-updates","current":3,"total":6,"progress":68}
[2025-04-10 19:47:21.754] [info]  DiscordSplash.onStateUpdate: {"status":"installing-updates","current":3,"total":6,"progress":68}
[2025-04-10 19:47:21.754] [info]  Splash.onStateUpdate: {"status":"installing-updates","current":3,"total":6,"progress":68}
[2025-04-10 19:47:21.755] [info]  DiscordSplash.onStateUpdate: {"status":"installing-updates","current":3,"total":6,"progress":69}
[2025-04-10 19:47:21.755] [info]  Splash.onStateUpdate: {"status":"installing-updates","current":3,"total":6,"progress":69}
[2025-04-10 19:47:21.756] [info]  DiscordSplash.onStateUpdate: {"status":"installing-updates","current":3,"total":6,"progress":69}
[2025-04-10 19:47:21.756] [info]  Splash.onStateUpdate: {"status":"installing-updates","current":3,"total":6,"progress":69}
[2025-04-10 19:47:21.757] [info]  DiscordSplash.onStateUpdate: {"status":"installing-updates","current":3,"total":6,"progress":69}
[2025-04-10 19:47:21.757] [info]  Splash.onStateUpdate: {"status":"installing-updates","current":3,"total":6,"progress":69}
[2025-04-10 19:47:21.758] [info]  DiscordSplash.onStateUpdate: {"status":"installing-updates","current":3,"total":6,"progress":69}
[2025-04-10 19:47:21.758] [info]  Splash.onStateUpdate: {"status":"installing-updates","current":3,"total":6,"progress":69}
[2025-04-10 19:47:21.759] [info]  DiscordSplash.onStateUpdate: {"status":"installing-updates","current":3,"total":6,"progress":69}
[2025-04-10 19:47:21.759] [info]  Splash.onStateUpdate: {"status":"installing-updates","current":3,"total":6,"progress":69}
[2025-04-10 19:47:21.760] [info]  DiscordSplash.onStateUpdate: {"status":"installing-updates","current":3,"total":6,"progress":69}
[2025-04-10 19:47:21.760] [info]  Splash.onStateUpdate: {"status":"installing-updates","current":3,"total":6,"progress":69}
[2025-04-10 19:47:21.761] [info]  DiscordSplash.onStateUpdate: {"status":"installing-updates","current":3,"total":6,"progress":70}
[2025-04-10 19:47:21.761] [info]  Splash.onStateUpdate: {"status":"installing-updates","current":3,"total":6,"progress":70}
[2025-04-10 19:47:21.762] [info]  DiscordSplash.onStateUpdate: {"status":"installing-updates","current":3,"total":6,"progress":70}
[2025-04-10 19:47:21.762] [info]  Splash.onStateUpdate: {"status":"installing-updates","current":3,"total":6,"progress":70}
[2025-04-10 19:47:21.763] [info]  DiscordSplash.onStateUpdate: {"status":"installing-updates","current":3,"total":6,"progress":70}
[2025-04-10 19:47:21.763] [info]  Splash.onStateUpdate: {"status":"installing-updates","current":3,"total":6,"progress":70}
[2025-04-10 19:47:21.764] [info]  DiscordSplash.onStateUpdate: {"status":"installing-updates","current":3,"total":6,"progress":70}
[2025-04-10 19:47:21.764] [info]  Splash.onStateUpdate: {"status":"installing-updates","current":3,"total":6,"progress":70}
[2025-04-10 19:47:21.765] [info]  DiscordSplash.onStateUpdate: {"status":"installing-updates","current":3,"total":6,"progress":70}
[2025-04-10 19:47:21.765] [info]  Splash.onStateUpdate: {"status":"installing-updates","current":3,"total":6,"progress":70}
[2025-04-10 19:47:21.766] [info]  DiscordSplash.onStateUpdate: {"status":"installing-updates","current":3,"total":6,"progress":70}
[2025-04-10 19:47:21.766] [info]  Splash.onStateUpdate: {"status":"installing-updates","current":3,"total":6,"progress":70}
[2025-04-10 19:47:21.767] [info]  DiscordSplash.onStateUpdate: {"status":"installing-updates","current":3,"total":6,"progress":70}
[2025-04-10 19:47:21.767] [info]  Splash.onStateUpdate: {"status":"installing-updates","current":3,"total":6,"progress":70}
[2025-04-10 19:47:21.768] [info]  DiscordSplash.onStateUpdate: {"status":"installing-updates","current":3,"total":6,"progress":71}
[2025-04-10 19:47:21.768] [info]  Splash.onStateUpdate: {"status":"installing-updates","current":3,"total":6,"progress":71}
[2025-04-10 19:47:21.769] [info]  DiscordSplash.onStateUpdate: {"status":"installing-updates","current":3,"total":6,"progress":71}
[2025-04-10 19:47:21.769] [info]  Splash.onStateUpdate: {"status":"installing-updates","current":3,"total":6,"progress":71}
[2025-04-10 19:47:21.770] [info]  DiscordSplash.onStateUpdate: {"status":"installing-updates","current":3,"total":6,"progress":71}
[2025-04-10 19:47:21.770] [info]  Splash.onStateUpdate: {"status":"installing-updates","current":3,"total":6,"progress":71}
[2025-04-10 19:47:21.771] [info]  DiscordSplash.onStateUpdate: {"status":"installing-updates","current":3,"total":6,"progress":71}
[2025-04-10 19:47:21.771] [info]  Splash.onStateUpdate: {"status":"installing-updates","current":3,"total":6,"progress":71}
[2025-04-10 19:47:21.771] [info]  DiscordSplash.onStateUpdate: {"status":"installing-updates","current":3,"total":6,"progress":71}
[2025-04-10 19:47:21.772] [info]  Splash.onStateUpdate: {"status":"installing-updates","current":3,"total":6,"progress":71}
[2025-04-10 19:47:21.772] [info]  DiscordSplash.onStateUpdate: {"status":"installing-updates","current":3,"total":6,"progress":71}
[2025-04-10 19:47:21.772] [info]  Splash.onStateUpdate: {"status":"installing-updates","current":3,"total":6,"progress":71}
[2025-04-10 19:47:21.773] [info]  DiscordSplash.onStateUpdate: {"status":"installing-updates","current":3,"total":6,"progress":72}
[2025-04-10 19:47:21.773] [info]  Splash.onStateUpdate: {"status":"installing-updates","current":3,"total":6,"progress":72}
[2025-04-10 19:47:21.775] [info]  DiscordSplash.onStateUpdate: {"status":"installing-updates","current":3,"total":6,"progress":72}
[2025-04-10 19:47:21.775] [info]  Splash.onStateUpdate: {"status":"installing-updates","current":3,"total":6,"progress":72}
[2025-04-10 19:47:21.775] [info]  DiscordSplash.onStateUpdate: {"status":"installing-updates","current":3,"total":6,"progress":72}
[2025-04-10 19:47:21.775] [info]  Splash.onStateUpdate: {"status":"installing-updates","current":3,"total":6,"progress":72}
[2025-04-10 19:47:21.776] [info]  DiscordSplash.onStateUpdate: {"status":"installing-updates","current":3,"total":6,"progress":72}
[2025-04-10 19:47:21.776] [info]  Splash.onStateUpdate: {"status":"installing-updates","current":3,"total":6,"progress":72}
[2025-04-10 19:47:21.777] [info]  DiscordSplash.onStateUpdate: {"status":"installing-updates","current":3,"total":6,"progress":72}
[2025-04-10 19:47:21.777] [info]  Splash.onStateUpdate: {"status":"installing-updates","current":3,"total":6,"progress":72}
[2025-04-10 19:47:21.778] [info]  DiscordSplash.onStateUpdate: {"status":"installing-updates","current":3,"total":6,"progress":72}
[2025-04-10 19:47:21.778] [info]  Splash.onStateUpdate: {"status":"installing-updates","current":3,"total":6,"progress":72}
[2025-04-10 19:47:21.779] [info]  DiscordSplash.onStateUpdate: {"status":"installing-updates","current":3,"total":6,"progress":73}
[2025-04-10 19:47:21.779] [info]  Splash.onStateUpdate: {"status":"installing-updates","current":3,"total":6,"progress":73}
[2025-04-10 19:47:21.780] [info]  DiscordSplash.onStateUpdate: {"status":"installing-updates","current":3,"total":6,"progress":73}
[2025-04-10 19:47:21.780] [info]  Splash.onStateUpdate: {"status":"installing-updates","current":3,"total":6,"progress":73}
[2025-04-10 19:47:21.781] [info]  DiscordSplash.onStateUpdate: {"status":"installing-updates","current":3,"total":6,"progress":73}
[2025-04-10 19:47:21.781] [info]  Splash.onStateUpdate: {"status":"installing-updates","current":3,"total":6,"progress":73}
[2025-04-10 19:47:21.782] [info]  DiscordSplash.onStateUpdate: {"status":"installing-updates","current":3,"total":6,"progress":73}
[2025-04-10 19:47:21.782] [info]  Splash.onStateUpdate: {"status":"installing-updates","current":3,"total":6,"progress":73}
[2025-04-10 19:47:21.783] [info]  DiscordSplash.onStateUpdate: {"status":"installing-updates","current":3,"total":6,"progress":73}
[2025-04-10 19:47:21.783] [info]  Splash.onStateUpdate: {"status":"installing-updates","current":3,"total":6,"progress":73}
[2025-04-10 19:47:21.784] [info]  DiscordSplash.onStateUpdate: {"status":"installing-updates","current":3,"total":6,"progress":73}
[2025-04-10 19:47:21.784] [info]  Splash.onStateUpdate: {"status":"installing-updates","current":3,"total":6,"progress":73}
[2025-04-10 19:47:21.785] [info]  DiscordSplash.onStateUpdate: {"status":"installing-updates","current":3,"total":6,"progress":74}
[2025-04-10 19:47:21.785] [info]  Splash.onStateUpdate: {"status":"installing-updates","current":3,"total":6,"progress":74}
[2025-04-10 19:47:21.786] [info]  DiscordSplash.onStateUpdate: {"status":"installing-updates","current":3,"total":6,"progress":74}
[2025-04-10 19:47:21.786] [info]  Splash.onStateUpdate: {"status":"installing-updates","current":3,"total":6,"progress":74}
[2025-04-10 19:47:21.787] [info]  DiscordSplash.onStateUpdate: {"status":"installing-updates","current":3,"total":6,"progress":74}
[2025-04-10 19:47:21.787] [info]  Splash.onStateUpdate: {"status":"installing-updates","current":3,"total":6,"progress":74}
[2025-04-10 19:47:21.788] [info]  DiscordSplash.onStateUpdate: {"status":"installing-updates","current":3,"total":6,"progress":74}
[2025-04-10 19:47:21.788] [info]  Splash.onStateUpdate: {"status":"installing-updates","current":3,"total":6,"progress":74}
[2025-04-10 19:47:21.789] [info]  DiscordSplash.onStateUpdate: {"status":"installing-updates","current":3,"total":6,"progress":74}
[2025-04-10 19:47:21.789] [info]  Splash.onStateUpdate: {"status":"installing-updates","current":3,"total":6,"progress":74}
[2025-04-10 19:47:21.790] [info]  DiscordSplash.onStateUpdate: {"status":"installing-updates","current":3,"total":6,"progress":74}
[2025-04-10 19:47:21.790] [info]  Splash.onStateUpdate: {"status":"installing-updates","current":3,"total":6,"progress":74}
[2025-04-10 19:47:21.791] [info]  DiscordSplash.onStateUpdate: {"status":"installing-updates","current":3,"total":6,"progress":75}
[2025-04-10 19:47:21.791] [info]  Splash.onStateUpdate: {"status":"installing-updates","current":3,"total":6,"progress":75}
[2025-04-10 19:47:21.792] [info]  DiscordSplash.onStateUpdate: {"status":"installing-updates","current":3,"total":6,"progress":75}
[2025-04-10 19:47:21.792] [info]  Splash.onStateUpdate: {"status":"installing-updates","current":3,"total":6,"progress":75}
[2025-04-10 19:47:21.793] [info]  DiscordSplash.onStateUpdate: {"status":"installing-updates","current":3,"total":6,"progress":75}
[2025-04-10 19:47:21.793] [info]  Splash.onStateUpdate: {"status":"installing-updates","current":3,"total":6,"progress":75}
[2025-04-10 19:47:21.794] [info]  DiscordSplash.onStateUpdate: {"status":"installing-updates","current":3,"total":6,"progress":75}
[2025-04-10 19:47:21.794] [info]  Splash.onStateUpdate: {"status":"installing-updates","current":3,"total":6,"progress":75}
[2025-04-10 19:47:21.795] [info]  DiscordSplash.onStateUpdate: {"status":"installing-updates","current":3,"total":6,"progress":75}
[2025-04-10 19:47:21.795] [info]  Splash.onStateUpdate: {"status":"installing-updates","current":3,"total":6,"progress":75}
[2025-04-10 19:47:21.796] [info]  DiscordSplash.onStateUpdate: {"status":"installing-updates","current":3,"total":6,"progress":75}
[2025-04-10 19:47:21.796] [info]  Splash.onStateUpdate: {"status":"installing-updates","current":3,"total":6,"progress":75}
[2025-04-10 19:47:21.797] [info]  DiscordSplash.onStateUpdate: {"status":"installing-updates","current":3,"total":6,"progress":76}
[2025-04-10 19:47:21.797] [info]  Splash.onStateUpdate: {"status":"installing-updates","current":3,"total":6,"progress":76}
[2025-04-10 19:47:21.798] [info]  DiscordSplash.onStateUpdate: {"status":"installing-updates","current":3,"total":6,"progress":76}
[2025-04-10 19:47:21.798] [info]  Splash.onStateUpdate: {"status":"installing-updates","current":3,"total":6,"progress":76}
[2025-04-10 19:47:21.799] [info]  DiscordSplash.onStateUpdate: {"status":"installing-updates","current":3,"total":6,"progress":76}
[2025-04-10 19:47:21.799] [info]  Splash.onStateUpdate: {"status":"installing-updates","current":3,"total":6,"progress":76}
[2025-04-10 19:47:21.800] [info]  DiscordSplash.onStateUpdate: {"status":"installing-updates","current":3,"total":6,"progress":76}
[2025-04-10 19:47:21.800] [info]  Splash.onStateUpdate: {"status":"installing-updates","current":3,"total":6,"progress":76}
[2025-04-10 19:47:21.801] [info]  DiscordSplash.onStateUpdate: {"status":"installing-updates","current":3,"total":6,"progress":76}
[2025-04-10 19:47:21.801] [info]  Splash.onStateUpdate: {"status":"installing-updates","current":3,"total":6,"progress":76}
[2025-04-10 19:47:21.801] [info]  DiscordSplash.onStateUpdate: {"status":"installing-updates","current":3,"total":6,"progress":76}
[2025-04-10 19:47:21.802] [info]  Splash.onStateUpdate: {"status":"installing-updates","current":3,"total":6,"progress":76}
[2025-04-10 19:47:21.803] [info]  DiscordSplash.onStateUpdate: {"status":"installing-updates","current":3,"total":6,"progress":76}
[2025-04-10 19:47:21.803] [info]  Splash.onStateUpdate: {"status":"installing-updates","current":3,"total":6,"progress":76}
[2025-04-10 19:47:21.804] [info]  DiscordSplash.onStateUpdate: {"status":"installing-updates","current":3,"total":6,"progress":77}
[2025-04-10 19:47:21.804] [info]  Splash.onStateUpdate: {"status":"installing-updates","current":3,"total":6,"progress":77}
[2025-04-10 19:47:21.805] [info]  DiscordSplash.onStateUpdate: {"status":"installing-updates","current":3,"total":6,"progress":77}
[2025-04-10 19:47:21.805] [info]  Splash.onStateUpdate: {"status":"installing-updates","current":3,"total":6,"progress":77}
[2025-04-10 19:47:21.808] [info]  DiscordSplash.onStateUpdate: {"status":"installing-updates","current":3,"total":6,"progress":77}
[2025-04-10 19:47:21.808] [info]  Splash.onStateUpdate: {"status":"installing-updates","current":3,"total":6,"progress":77}
[2025-04-10 19:47:21.809] [info]  DiscordSplash.onStateUpdate: {"status":"installing-updates","current":3,"total":6,"progress":77}
[2025-04-10 19:47:21.809] [info]  Splash.onStateUpdate: {"status":"installing-updates","current":3,"total":6,"progress":77}
[2025-04-10 19:47:21.810] [info]  DiscordSplash.onStateUpdate: {"status":"installing-updates","current":3,"total":6,"progress":77}
[2025-04-10 19:47:21.810] [info]  Splash.onStateUpdate: {"status":"installing-updates","current":3,"total":6,"progress":77}
[2025-04-10 19:47:21.811] [info]  DiscordSplash.onStateUpdate: {"status":"installing-updates","current":3,"total":6,"progress":77}
[2025-04-10 19:47:21.811] [info]  Splash.onStateUpdate: {"status":"installing-updates","current":3,"total":6,"progress":77}
[2025-04-10 19:47:21.811] [info]  DiscordSplash.onStateUpdate: {"status":"installing-updates","current":3,"total":6,"progress":78}
[2025-04-10 19:47:21.812] [info]  Splash.onStateUpdate: {"status":"installing-updates","current":3,"total":6,"progress":78}
[2025-04-10 19:47:21.812] [info]  DiscordSplash.onStateUpdate: {"status":"installing-updates","current":3,"total":6,"progress":78}
[2025-04-10 19:47:21.813] [info]  Splash.onStateUpdate: {"status":"installing-updates","current":3,"total":6,"progress":78}
[2025-04-10 19:47:21.813] [info]  DiscordSplash.onStateUpdate: {"status":"installing-updates","current":3,"total":6,"progress":78}
[2025-04-10 19:47:21.813] [info]  Splash.onStateUpdate: {"status":"installing-updates","current":3,"total":6,"progress":78}
[2025-04-10 19:47:21.814] [info]  DiscordSplash.onStateUpdate: {"status":"installing-updates","current":3,"total":6,"progress":78}
[2025-04-10 19:47:21.814] [info]  Splash.onStateUpdate: {"status":"installing-updates","current":3,"total":6,"progress":78}
[2025-04-10 19:47:21.815] [info]  DiscordSplash.onStateUpdate: {"status":"installing-updates","current":3,"total":6,"progress":78}
[2025-04-10 19:47:21.815] [info]  Splash.onStateUpdate: {"status":"installing-updates","current":3,"total":6,"progress":78}
[2025-04-10 19:47:21.816] [info]  DiscordSplash.onStateUpdate: {"status":"installing-updates","current":3,"total":6,"progress":78}
[2025-04-10 19:47:21.816] [info]  Splash.onStateUpdate: {"status":"installing-updates","current":3,"total":6,"progress":78}
[2025-04-10 19:47:21.817] [info]  DiscordSplash.onStateUpdate: {"status":"installing-updates","current":3,"total":6,"progress":79}
[2025-04-10 19:47:21.817] [info]  Splash.onStateUpdate: {"status":"installing-updates","current":3,"total":6,"progress":79}
[2025-04-10 19:47:21.818] [info]  DiscordSplash.onStateUpdate: {"status":"installing-updates","current":3,"total":6,"progress":79}
[2025-04-10 19:47:21.818] [info]  Splash.onStateUpdate: {"status":"installing-updates","current":3,"total":6,"progress":79}
[2025-04-10 19:47:21.819] [info]  DiscordSplash.onStateUpdate: {"status":"installing-updates","current":3,"total":6,"progress":79}
[2025-04-10 19:47:21.819] [info]  Splash.onStateUpdate: {"status":"installing-updates","current":3,"total":6,"progress":79}
[2025-04-10 19:47:21.820] [info]  DiscordSplash.onStateUpdate: {"status":"installing-updates","current":3,"total":6,"progress":79}
[2025-04-10 19:47:21.820] [info]  Splash.onStateUpdate: {"status":"installing-updates","current":3,"total":6,"progress":79}
[2025-04-10 19:47:21.821] [info]  DiscordSplash.onStateUpdate: {"status":"installing-updates","current":3,"total":6,"progress":79}
[2025-04-10 19:47:21.821] [info]  Splash.onStateUpdate: {"status":"installing-updates","current":3,"total":6,"progress":79}
[2025-04-10 19:47:21.822] [info]  DiscordSplash.onStateUpdate: {"status":"installing-updates","current":3,"total":6,"progress":79}
[2025-04-10 19:47:21.822] [info]  Splash.onStateUpdate: {"status":"installing-updates","current":3,"total":6,"progress":79}
[2025-04-10 19:47:21.823] [info]  DiscordSplash.onStateUpdate: {"status":"installing-updates","current":3,"total":6,"progress":80}
[2025-04-10 19:47:21.823] [info]  Splash.onStateUpdate: {"status":"installing-updates","current":3,"total":6,"progress":80}
[2025-04-10 19:47:21.824] [info]  DiscordSplash.onStateUpdate: {"status":"installing-updates","current":3,"total":6,"progress":80}
[2025-04-10 19:47:21.824] [info]  Splash.onStateUpdate: {"status":"installing-updates","current":3,"total":6,"progress":80}
[2025-04-10 19:47:21.825] [info]  DiscordSplash.onStateUpdate: {"status":"installing-updates","current":3,"total":6,"progress":80}
[2025-04-10 19:47:21.825] [info]  Splash.onStateUpdate: {"status":"installing-updates","current":3,"total":6,"progress":80}
[2025-04-10 19:47:21.826] [info]  DiscordSplash.onStateUpdate: {"status":"installing-updates","current":3,"total":6,"progress":80}
[2025-04-10 19:47:21.826] [info]  Splash.onStateUpdate: {"status":"installing-updates","current":3,"total":6,"progress":80}
[2025-04-10 19:47:21.827] [info]  DiscordSplash.onStateUpdate: {"status":"installing-updates","current":3,"total":6,"progress":80}
[2025-04-10 19:47:21.827] [info]  Splash.onStateUpdate: {"status":"installing-updates","current":3,"total":6,"progress":80}
[2025-04-10 19:47:21.828] [info]  DiscordSplash.onStateUpdate: {"status":"installing-updates","current":3,"total":6,"progress":80}
[2025-04-10 19:47:21.828] [info]  Splash.onStateUpdate: {"status":"installing-updates","current":3,"total":6,"progress":80}
[2025-04-10 19:47:21.829] [info]  DiscordSplash.onStateUpdate: {"status":"installing-updates","current":3,"total":6,"progress":81}
[2025-04-10 19:47:21.829] [info]  Splash.onStateUpdate: {"status":"installing-updates","current":3,"total":6,"progress":81}
[2025-04-10 19:47:21.830] [info]  DiscordSplash.onStateUpdate: {"status":"installing-updates","current":3,"total":6,"progress":81}
[2025-04-10 19:47:21.830] [info]  Splash.onStateUpdate: {"status":"installing-updates","current":3,"total":6,"progress":81}
[2025-04-10 19:47:21.831] [info]  DiscordSplash.onStateUpdate: {"status":"installing-updates","current":3,"total":6,"progress":81}
[2025-04-10 19:47:21.831] [info]  Splash.onStateUpdate: {"status":"installing-updates","current":3,"total":6,"progress":81}
[2025-04-10 19:47:21.832] [info]  DiscordSplash.onStateUpdate: {"status":"installing-updates","current":3,"total":6,"progress":81}
[2025-04-10 19:47:21.832] [info]  Splash.onStateUpdate: {"status":"installing-updates","current":3,"total":6,"progress":81}
[2025-04-10 19:47:21.833] [info]  DiscordSplash.onStateUpdate: {"status":"installing-updates","current":3,"total":6,"progress":81}
[2025-04-10 19:47:21.833] [info]  Splash.onStateUpdate: {"status":"installing-updates","current":3,"total":6,"progress":81}
[2025-04-10 19:47:21.834] [info]  DiscordSplash.onStateUpdate: {"status":"installing-updates","current":3,"total":6,"progress":81}
[2025-04-10 19:47:21.835] [info]  Splash.onStateUpdate: {"status":"installing-updates","current":3,"total":6,"progress":81}
[2025-04-10 19:47:21.836] [info]  DiscordSplash.onStateUpdate: {"status":"installing-updates","current":3,"total":6,"progress":82}
[2025-04-10 19:47:21.836] [info]  Splash.onStateUpdate: {"status":"installing-updates","current":3,"total":6,"progress":82}
[2025-04-10 19:47:21.837] [info]  DiscordSplash.onStateUpdate: {"status":"installing-updates","current":3,"total":6,"progress":82}
[2025-04-10 19:47:21.837] [info]  Splash.onStateUpdate: {"status":"installing-updates","current":3,"total":6,"progress":82}
[2025-04-10 19:47:21.838] [info]  DiscordSplash.onStateUpdate: {"status":"installing-updates","current":3,"total":6,"progress":82}
[2025-04-10 19:47:21.838] [info]  Splash.onStateUpdate: {"status":"installing-updates","current":3,"total":6,"progress":82}
[2025-04-10 19:47:21.839] [info]  DiscordSplash.onStateUpdate: {"status":"installing-updates","current":3,"total":6,"progress":82}
[2025-04-10 19:47:21.839] [info]  Splash.onStateUpdate: {"status":"installing-updates","current":3,"total":6,"progress":82}
[2025-04-10 19:47:21.840] [info]  DiscordSplash.onStateUpdate: {"status":"installing-updates","current":3,"total":6,"progress":82}
[2025-04-10 19:47:21.840] [info]  Splash.onStateUpdate: {"status":"installing-updates","current":3,"total":6,"progress":82}
[2025-04-10 19:47:21.841] [info]  DiscordSplash.onStateUpdate: {"status":"installing-updates","current":3,"total":6,"progress":82}
[2025-04-10 19:47:21.841] [info]  Splash.onStateUpdate: {"status":"installing-updates","current":3,"total":6,"progress":82}
[2025-04-10 19:47:21.842] [info]  DiscordSplash.onStateUpdate: {"status":"installing-updates","current":3,"total":6,"progress":82}
[2025-04-10 19:47:21.842] [info]  Splash.onStateUpdate: {"status":"installing-updates","current":3,"total":6,"progress":82}
[2025-04-10 19:47:21.843] [info]  DiscordSplash.onStateUpdate: {"status":"installing-updates","current":3,"total":6,"progress":83}
[2025-04-10 19:47:21.843] [info]  Splash.onStateUpdate: {"status":"installing-updates","current":3,"total":6,"progress":83}
[2025-04-10 19:47:21.844] [info]  DiscordSplash.onStateUpdate: {"status":"installing-updates","current":3,"total":6,"progress":83}
[2025-04-10 19:47:21.844] [info]  Splash.onStateUpdate: {"status":"installing-updates","current":3,"total":6,"progress":83}
[2025-04-10 19:47:21.845] [info]  DiscordSplash.onStateUpdate: {"status":"installing-updates","current":3,"total":6,"progress":83}
[2025-04-10 19:47:21.845] [info]  Splash.onStateUpdate: {"status":"installing-updates","current":3,"total":6,"progress":83}
[2025-04-10 19:47:21.846] [info]  DiscordSplash.onStateUpdate: {"status":"installing-updates","current":3,"total":6,"progress":83}
[2025-04-10 19:47:21.846] [info]  Splash.onStateUpdate: {"status":"installing-updates","current":3,"total":6,"progress":83}
[2025-04-10 19:47:21.847] [info]  DiscordSplash.onStateUpdate: {"status":"installing-updates","current":3,"total":6,"progress":83}
[2025-04-10 19:47:21.847] [info]  Splash.onStateUpdate: {"status":"installing-updates","current":3,"total":6,"progress":83}
[2025-04-10 19:47:21.848] [info]  DiscordSplash.onStateUpdate: {"status":"installing-updates","current":3,"total":6,"progress":83}
[2025-04-10 19:47:21.848] [info]  Splash.onStateUpdate: {"status":"installing-updates","current":3,"total":6,"progress":83}
[2025-04-10 19:47:21.849] [info]  DiscordSplash.onStateUpdate: {"status":"installing-updates","current":3,"total":6,"progress":84}
[2025-04-10 19:47:21.849] [info]  Splash.onStateUpdate: {"status":"installing-updates","current":3,"total":6,"progress":84}
[2025-04-10 19:47:21.850] [info]  DiscordSplash.onStateUpdate: {"status":"installing-updates","current":3,"total":6,"progress":84}
[2025-04-10 19:47:21.850] [info]  Splash.onStateUpdate: {"status":"installing-updates","current":3,"total":6,"progress":84}
[2025-04-10 19:47:21.851] [info]  DiscordSplash.onStateUpdate: {"status":"installing-updates","current":3,"total":6,"progress":84}
[2025-04-10 19:47:21.851] [info]  Splash.onStateUpdate: {"status":"installing-updates","current":3,"total":6,"progress":84}
[2025-04-10 19:47:21.851] [info]  DiscordSplash.onStateUpdate: {"status":"installing-updates","current":3,"total":6,"progress":84}
[2025-04-10 19:47:21.852] [info]  Splash.onStateUpdate: {"status":"installing-updates","current":3,"total":6,"progress":84}
[2025-04-10 19:47:21.852] [info]  DiscordSplash.onStateUpdate: {"status":"installing-updates","current":3,"total":6,"progress":84}
[2025-04-10 19:47:21.853] [info]  Splash.onStateUpdate: {"status":"installing-updates","current":3,"total":6,"progress":84}
[2025-04-10 19:47:21.853] [info]  DiscordSplash.onStateUpdate: {"status":"installing-updates","current":3,"total":6,"progress":84}
[2025-04-10 19:47:21.854] [info]  Splash.onStateUpdate: {"status":"installing-updates","current":3,"total":6,"progress":84}
[2025-04-10 19:47:21.854] [info]  DiscordSplash.onStateUpdate: {"status":"installing-updates","current":3,"total":6,"progress":85}
[2025-04-10 19:47:21.855] [info]  Splash.onStateUpdate: {"status":"installing-updates","current":3,"total":6,"progress":85}
[2025-04-10 19:47:21.855] [info]  DiscordSplash.onStateUpdate: {"status":"installing-updates","current":3,"total":6,"progress":85}
[2025-04-10 19:47:21.856] [info]  Splash.onStateUpdate: {"status":"installing-updates","current":3,"total":6,"progress":85}
[2025-04-10 19:47:21.857] [info]  DiscordSplash.onStateUpdate: {"status":"installing-updates","current":3,"total":6,"progress":85}
[2025-04-10 19:47:21.857] [info]  Splash.onStateUpdate: {"status":"installing-updates","current":3,"total":6,"progress":85}
[2025-04-10 19:47:21.858] [info]  DiscordSplash.onStateUpdate: {"status":"installing-updates","current":3,"total":6,"progress":85}
[2025-04-10 19:47:21.858] [info]  Splash.onStateUpdate: {"status":"installing-updates","current":3,"total":6,"progress":85}
[2025-04-10 19:47:21.859] [info]  DiscordSplash.onStateUpdate: {"status":"installing-updates","current":3,"total":6,"progress":85}
[2025-04-10 19:47:21.859] [info]  Splash.onStateUpdate: {"status":"installing-updates","current":3,"total":6,"progress":85}
[2025-04-10 19:47:21.860] [info]  DiscordSplash.onStateUpdate: {"status":"installing-updates","current":3,"total":6,"progress":85}
[2025-04-10 19:47:21.860] [info]  Splash.onStateUpdate: {"status":"installing-updates","current":3,"total":6,"progress":85}
[2025-04-10 19:47:21.861] [info]  DiscordSplash.onStateUpdate: {"status":"installing-updates","current":3,"total":6,"progress":86}
[2025-04-10 19:47:21.861] [info]  Splash.onStateUpdate: {"status":"installing-updates","current":3,"total":6,"progress":86}
[2025-04-10 19:47:21.862] [info]  DiscordSplash.onStateUpdate: {"status":"installing-updates","current":3,"total":6,"progress":86}
[2025-04-10 19:47:21.862] [info]  Splash.onStateUpdate: {"status":"installing-updates","current":3,"total":6,"progress":86}
[2025-04-10 19:47:21.863] [info]  DiscordSplash.onStateUpdate: {"status":"installing-updates","current":3,"total":6,"progress":86}
[2025-04-10 19:47:21.863] [info]  Splash.onStateUpdate: {"status":"installing-updates","current":3,"total":6,"progress":86}
[2025-04-10 19:47:21.864] [info]  DiscordSplash.onStateUpdate: {"status":"installing-updates","current":3,"total":6,"progress":86}
[2025-04-10 19:47:21.864] [info]  Splash.onStateUpdate: {"status":"installing-updates","current":3,"total":6,"progress":86}
[2025-04-10 19:47:21.865] [info]  DiscordSplash.onStateUpdate: {"status":"installing-updates","current":3,"total":6,"progress":86}
[2025-04-10 19:47:21.865] [info]  Splash.onStateUpdate: {"status":"installing-updates","current":3,"total":6,"progress":86}
[2025-04-10 19:47:21.866] [info]  DiscordSplash.onStateUpdate: {"status":"installing-updates","current":3,"total":6,"progress":86}
[2025-04-10 19:47:21.866] [info]  Splash.onStateUpdate: {"status":"installing-updates","current":3,"total":6,"progress":86}
[2025-04-10 19:47:21.867] [info]  DiscordSplash.onStateUpdate: {"status":"installing-updates","current":3,"total":6,"progress":87}
[2025-04-10 19:47:21.867] [info]  Splash.onStateUpdate: {"status":"installing-updates","current":3,"total":6,"progress":87}
[2025-04-10 19:47:21.868] [info]  DiscordSplash.onStateUpdate: {"status":"installing-updates","current":3,"total":6,"progress":87}
[2025-04-10 19:47:21.868] [info]  Splash.onStateUpdate: {"status":"installing-updates","current":3,"total":6,"progress":87}
[2025-04-10 19:47:21.869] [info]  DiscordSplash.onStateUpdate: {"status":"installing-updates","current":3,"total":6,"progress":87}
[2025-04-10 19:47:21.869] [info]  Splash.onStateUpdate: {"status":"installing-updates","current":3,"total":6,"progress":87}
[2025-04-10 19:47:21.870] [info]  DiscordSplash.onStateUpdate: {"status":"installing-updates","current":3,"total":6,"progress":87}
[2025-04-10 19:47:21.870] [info]  Splash.onStateUpdate: {"status":"installing-updates","current":3,"total":6,"progress":87}
[2025-04-10 19:47:21.871] [info]  DiscordSplash.onStateUpdate: {"status":"installing-updates","current":3,"total":6,"progress":87}
[2025-04-10 19:47:21.871] [info]  Splash.onStateUpdate: {"status":"installing-updates","current":3,"total":6,"progress":87}
[2025-04-10 19:47:21.872] [info]  DiscordSplash.onStateUpdate: {"status":"installing-updates","current":3,"total":6,"progress":87}
[2025-04-10 19:47:21.872] [info]  Splash.onStateUpdate: {"status":"installing-updates","current":3,"total":6,"progress":87}
[2025-04-10 19:47:21.873] [info]  DiscordSplash.onStateUpdate: {"status":"installing-updates","current":3,"total":6,"progress":88}
[2025-04-10 19:47:21.873] [info]  Splash.onStateUpdate: {"status":"installing-updates","current":3,"total":6,"progress":88}
[2025-04-10 19:47:21.874] [info]  DiscordSplash.onStateUpdate: {"status":"installing-updates","current":3,"total":6,"progress":88}
[2025-04-10 19:47:21.874] [info]  Splash.onStateUpdate: {"status":"installing-updates","current":3,"total":6,"progress":88}
[2025-04-10 19:47:21.874] [info]  DiscordSplash.onStateUpdate: {"status":"installing-updates","current":3,"total":6,"progress":88}
[2025-04-10 19:47:21.874] [info]  Splash.onStateUpdate: {"status":"installing-updates","current":3,"total":6,"progress":88}
[2025-04-10 19:47:21.875] [info]  DiscordSplash.onStateUpdate: {"status":"installing-updates","current":3,"total":6,"progress":88}
[2025-04-10 19:47:21.876] [info]  Splash.onStateUpdate: {"status":"installing-updates","current":3,"total":6,"progress":88}
[2025-04-10 19:47:21.876] [info]  DiscordSplash.onStateUpdate: {"status":"installing-updates","current":3,"total":6,"progress":88}
[2025-04-10 19:47:21.877] [info]  Splash.onStateUpdate: {"status":"installing-updates","current":3,"total":6,"progress":88}
[2025-04-10 19:47:21.877] [info]  DiscordSplash.onStateUpdate: {"status":"installing-updates","current":3,"total":6,"progress":88}
[2025-04-10 19:47:21.878] [info]  Splash.onStateUpdate: {"status":"installing-updates","current":3,"total":6,"progress":88}
[2025-04-10 19:47:21.878] [info]  DiscordSplash.onStateUpdate: {"status":"installing-updates","current":3,"total":6,"progress":88}
[2025-04-10 19:47:21.879] [info]  Splash.onStateUpdate: {"status":"installing-updates","current":3,"total":6,"progress":88}
[2025-04-10 19:47:21.879] [info]  DiscordSplash.onStateUpdate: {"status":"installing-updates","current":3,"total":6,"progress":89}
[2025-04-10 19:47:21.879] [info]  Splash.onStateUpdate: {"status":"installing-updates","current":3,"total":6,"progress":89}
[2025-04-10 19:47:21.880] [info]  DiscordSplash.onStateUpdate: {"status":"installing-updates","current":3,"total":6,"progress":89}
[2025-04-10 19:47:21.880] [info]  Splash.onStateUpdate: {"status":"installing-updates","current":3,"total":6,"progress":89}
[2025-04-10 19:47:21.881] [info]  DiscordSplash.onStateUpdate: {"status":"installing-updates","current":3,"total":6,"progress":89}
[2025-04-10 19:47:21.881] [info]  Splash.onStateUpdate: {"status":"installing-updates","current":3,"total":6,"progress":89}
[2025-04-10 19:47:21.882] [info]  DiscordSplash.onStateUpdate: {"status":"installing-updates","current":3,"total":6,"progress":89}
[2025-04-10 19:47:21.882] [info]  Splash.onStateUpdate: {"status":"installing-updates","current":3,"total":6,"progress":89}
[2025-04-10 19:47:21.883] [info]  DiscordSplash.onStateUpdate: {"status":"installing-updates","current":3,"total":6,"progress":89}
[2025-04-10 19:47:21.883] [info]  Splash.onStateUpdate: {"status":"installing-updates","current":3,"total":6,"progress":89}
[2025-04-10 19:47:21.884] [info]  DiscordSplash.onStateUpdate: {"status":"installing-updates","current":3,"total":6,"progress":89}
[2025-04-10 19:47:21.884] [info]  Splash.onStateUpdate: {"status":"installing-updates","current":3,"total":6,"progress":89}
[2025-04-10 19:47:21.885] [info]  DiscordSplash.onStateUpdate: {"status":"installing-updates","current":3,"total":6,"progress":90}
[2025-04-10 19:47:21.885] [info]  Splash.onStateUpdate: {"status":"installing-updates","current":3,"total":6,"progress":90}
[2025-04-10 19:47:21.886] [info]  DiscordSplash.onStateUpdate: {"status":"installing-updates","current":3,"total":6,"progress":90}
[2025-04-10 19:47:21.886] [info]  Splash.onStateUpdate: {"status":"installing-updates","current":3,"total":6,"progress":90}
[2025-04-10 19:47:21.887] [info]  DiscordSplash.onStateUpdate: {"status":"installing-updates","current":3,"total":6,"progress":90}
[2025-04-10 19:47:21.887] [info]  Splash.onStateUpdate: {"status":"installing-updates","current":3,"total":6,"progress":90}
[2025-04-10 19:47:21.888] [info]  DiscordSplash.onStateUpdate: {"status":"installing-updates","current":3,"total":6,"progress":90}
[2025-04-10 19:47:21.888] [info]  Splash.onStateUpdate: {"status":"installing-updates","current":3,"total":6,"progress":90}
[2025-04-10 19:47:21.889] [info]  DiscordSplash.onStateUpdate: {"status":"installing-updates","current":3,"total":6,"progress":90}
[2025-04-10 19:47:21.889] [info]  Splash.onStateUpdate: {"status":"installing-updates","current":3,"total":6,"progress":90}
[2025-04-10 19:47:21.890] [info]  DiscordSplash.onStateUpdate: {"status":"installing-updates","current":3,"total":6,"progress":90}
[2025-04-10 19:47:21.890] [info]  Splash.onStateUpdate: {"status":"installing-updates","current":3,"total":6,"progress":90}
[2025-04-10 19:47:21.890] [info]  DiscordSplash.onStateUpdate: {"status":"installing-updates","current":3,"total":6,"progress":91}
[2025-04-10 19:47:21.891] [info]  Splash.onStateUpdate: {"status":"installing-updates","current":3,"total":6,"progress":91}
[2025-04-10 19:47:21.892] [info]  DiscordSplash.onStateUpdate: {"status":"installing-updates","current":3,"total":6,"progress":91}
[2025-04-10 19:47:21.892] [info]  Splash.onStateUpdate: {"status":"installing-updates","current":3,"total":6,"progress":91}
[2025-04-10 19:47:21.893] [info]  DiscordSplash.onStateUpdate: {"status":"installing-updates","current":3,"total":6,"progress":91}
[2025-04-10 19:47:21.893] [info]  Splash.onStateUpdate: {"status":"installing-updates","current":3,"total":6,"progress":91}
[2025-04-10 19:47:21.893] [info]  DiscordSplash.onStateUpdate: {"status":"installing-updates","current":3,"total":6,"progress":91}
[2025-04-10 19:47:21.894] [info]  Splash.onStateUpdate: {"status":"installing-updates","current":3,"total":6,"progress":91}
[2025-04-10 19:47:21.894] [info]  DiscordSplash.onStateUpdate: {"status":"installing-updates","current":3,"total":6,"progress":91}
[2025-04-10 19:47:21.895] [info]  Splash.onStateUpdate: {"status":"installing-updates","current":3,"total":6,"progress":91}
[2025-04-10 19:47:21.896] [info]  DiscordSplash.onStateUpdate: {"status":"installing-updates","current":3,"total":6,"progress":91}
[2025-04-10 19:47:21.896] [info]  Splash.onStateUpdate: {"status":"installing-updates","current":3,"total":6,"progress":91}
[2025-04-10 19:47:21.896] [info]  DiscordSplash.onStateUpdate: {"status":"installing-updates","current":3,"total":6,"progress":92}
[2025-04-10 19:47:21.896] [info]  Splash.onStateUpdate: {"status":"installing-updates","current":3,"total":6,"progress":92}
[2025-04-10 19:47:21.897] [info]  DiscordSplash.onStateUpdate: {"status":"installing-updates","current":3,"total":6,"progress":92}
[2025-04-10 19:47:21.897] [info]  Splash.onStateUpdate: {"status":"installing-updates","current":3,"total":6,"progress":92}
[2025-04-10 19:47:21.898] [info]  DiscordSplash.onStateUpdate: {"status":"installing-updates","current":3,"total":6,"progress":92}
[2025-04-10 19:47:21.899] [info]  Splash.onStateUpdate: {"status":"installing-updates","current":3,"total":6,"progress":92}
[2025-04-10 19:47:21.899] [info]  DiscordSplash.onStateUpdate: {"status":"installing-updates","current":3,"total":6,"progress":92}
[2025-04-10 19:47:21.900] [info]  Splash.onStateUpdate: {"status":"installing-updates","current":3,"total":6,"progress":92}
[2025-04-10 19:47:21.900] [info]  DiscordSplash.onStateUpdate: {"status":"installing-updates","current":3,"total":6,"progress":92}
[2025-04-10 19:47:21.900] [info]  Splash.onStateUpdate: {"status":"installing-updates","current":3,"total":6,"progress":92}
[2025-04-10 19:47:21.901] [info]  DiscordSplash.onStateUpdate: {"status":"installing-updates","current":3,"total":6,"progress":92}
[2025-04-10 19:47:21.901] [info]  Splash.onStateUpdate: {"status":"installing-updates","current":3,"total":6,"progress":92}
[2025-04-10 19:47:21.902] [info]  DiscordSplash.onStateUpdate: {"status":"installing-updates","current":3,"total":6,"progress":93}
[2025-04-10 19:47:21.902] [info]  Splash.onStateUpdate: {"status":"installing-updates","current":3,"total":6,"progress":93}
[2025-04-10 19:47:21.903] [info]  DiscordSplash.onStateUpdate: {"status":"installing-updates","current":3,"total":6,"progress":93}
[2025-04-10 19:47:21.903] [info]  Splash.onStateUpdate: {"status":"installing-updates","current":3,"total":6,"progress":93}
[2025-04-10 19:47:21.904] [info]  DiscordSplash.onStateUpdate: {"status":"installing-updates","current":3,"total":6,"progress":93}
[2025-04-10 19:47:21.904] [info]  Splash.onStateUpdate: {"status":"installing-updates","current":3,"total":6,"progress":93}
[2025-04-10 19:47:21.905] [info]  DiscordSplash.onStateUpdate: {"status":"installing-updates","current":3,"total":6,"progress":93}
[2025-04-10 19:47:21.905] [info]  Splash.onStateUpdate: {"status":"installing-updates","current":3,"total":6,"progress":93}
[2025-04-10 19:47:21.906] [info]  DiscordSplash.onStateUpdate: {"status":"installing-updates","current":3,"total":6,"progress":93}
[2025-04-10 19:47:21.906] [info]  Splash.onStateUpdate: {"status":"installing-updates","current":3,"total":6,"progress":93}
[2025-04-10 19:47:21.907] [info]  DiscordSplash.onStateUpdate: {"status":"installing-updates","current":3,"total":6,"progress":93}
[2025-04-10 19:47:21.907] [info]  Splash.onStateUpdate: {"status":"installing-updates","current":3,"total":6,"progress":93}
[2025-04-10 19:47:21.908] [info]  DiscordSplash.onStateUpdate: {"status":"installing-updates","current":3,"total":6,"progress":94}
[2025-04-10 19:47:21.908] [info]  Splash.onStateUpdate: {"status":"installing-updates","current":3,"total":6,"progress":94}
[2025-04-10 19:47:21.909] [info]  DiscordSplash.onStateUpdate: {"status":"installing-updates","current":3,"total":6,"progress":94}
[2025-04-10 19:47:21.909] [info]  Splash.onStateUpdate: {"status":"installing-updates","current":3,"total":6,"progress":94}
[2025-04-10 19:47:21.910] [info]  DiscordSplash.onStateUpdate: {"status":"installing-updates","current":3,"total":6,"progress":94}
[2025-04-10 19:47:21.910] [info]  Splash.onStateUpdate: {"status":"installing-updates","current":3,"total":6,"progress":94}
[2025-04-10 19:47:21.911] [info]  DiscordSplash.onStateUpdate: {"status":"installing-updates","current":3,"total":6,"progress":94}
[2025-04-10 19:47:21.911] [info]  Splash.onStateUpdate: {"status":"installing-updates","current":3,"total":6,"progress":94}
[2025-04-10 19:47:21.912] [info]  DiscordSplash.onStateUpdate: {"status":"installing-updates","current":3,"total":6,"progress":94}
[2025-04-10 19:47:21.912] [info]  Splash.onStateUpdate: {"status":"installing-updates","current":3,"total":6,"progress":94}
[2025-04-10 19:47:21.912] [info]  DiscordSplash.onStateUpdate: {"status":"installing-updates","current":3,"total":6,"progress":94}
[2025-04-10 19:47:21.912] [info]  Splash.onStateUpdate: {"status":"installing-updates","current":3,"total":6,"progress":94}
[2025-04-10 19:47:21.913] [info]  DiscordSplash.onStateUpdate: {"status":"installing-updates","current":3,"total":6,"progress":94}
[2025-04-10 19:47:21.913] [info]  Splash.onStateUpdate: {"status":"installing-updates","current":3,"total":6,"progress":94}
[2025-04-10 19:47:21.914] [info]  DiscordSplash.onStateUpdate: {"status":"installing-updates","current":3,"total":6,"progress":95}
[2025-04-10 19:47:21.914] [info]  Splash.onStateUpdate: {"status":"installing-updates","current":3,"total":6,"progress":95}
[2025-04-10 19:47:21.915] [info]  DiscordSplash.onStateUpdate: {"status":"installing-updates","current":3,"total":6,"progress":95}
[2025-04-10 19:47:21.915] [info]  Splash.onStateUpdate: {"status":"installing-updates","current":3,"total":6,"progress":95}
[2025-04-10 19:47:21.916] [info]  DiscordSplash.onStateUpdate: {"status":"installing-updates","current":3,"total":6,"progress":95}
[2025-04-10 19:47:21.916] [info]  Splash.onStateUpdate: {"status":"installing-updates","current":3,"total":6,"progress":95}
[2025-04-10 19:47:21.917] [info]  DiscordSplash.onStateUpdate: {"status":"installing-updates","current":3,"total":6,"progress":95}
[2025-04-10 19:47:21.917] [info]  Splash.onStateUpdate: {"status":"installing-updates","current":3,"total":6,"progress":95}
[2025-04-10 19:47:21.919] [info]  DiscordSplash.onStateUpdate: {"status":"installing-updates","current":3,"total":6,"progress":95}
[2025-04-10 19:47:21.919] [info]  Splash.onStateUpdate: {"status":"installing-updates","current":3,"total":6,"progress":95}
[2025-04-10 19:47:21.919] [info]  DiscordSplash.onStateUpdate: {"status":"installing-updates","current":3,"total":6,"progress":95}
[2025-04-10 19:47:21.920] [info]  Splash.onStateUpdate: {"status":"installing-updates","current":3,"total":6,"progress":95}
[2025-04-10 19:47:21.920] [info]  DiscordSplash.onStateUpdate: {"status":"installing-updates","current":3,"total":6,"progress":96}
[2025-04-10 19:47:21.920] [info]  Splash.onStateUpdate: {"status":"installing-updates","current":3,"total":6,"progress":96}
[2025-04-10 19:47:21.921] [info]  DiscordSplash.onStateUpdate: {"status":"installing-updates","current":3,"total":6,"progress":96}
[2025-04-10 19:47:21.921] [info]  Splash.onStateUpdate: {"status":"installing-updates","current":3,"total":6,"progress":96}
[2025-04-10 19:47:21.922] [info]  DiscordSplash.onStateUpdate: {"status":"installing-updates","current":3,"total":6,"progress":96}
[2025-04-10 19:47:21.922] [info]  Splash.onStateUpdate: {"status":"installing-updates","current":3,"total":6,"progress":96}
[2025-04-10 19:47:21.923] [info]  DiscordSplash.onStateUpdate: {"status":"installing-updates","current":3,"total":6,"progress":96}
[2025-04-10 19:47:21.923] [info]  Splash.onStateUpdate: {"status":"installing-updates","current":3,"total":6,"progress":96}
[2025-04-10 19:47:21.924] [info]  DiscordSplash.onStateUpdate: {"status":"installing-updates","current":3,"total":6,"progress":96}
[2025-04-10 19:47:21.925] [info]  Splash.onStateUpdate: {"status":"installing-updates","current":3,"total":6,"progress":96}
[2025-04-10 19:47:21.925] [info]  DiscordSplash.onStateUpdate: {"status":"installing-updates","current":3,"total":6,"progress":96}
[2025-04-10 19:47:21.926] [info]  Splash.onStateUpdate: {"status":"installing-updates","current":3,"total":6,"progress":96}
[2025-04-10 19:47:21.926] [info]  DiscordSplash.onStateUpdate: {"status":"installing-updates","current":3,"total":6,"progress":97}
[2025-04-10 19:47:21.926] [info]  Splash.onStateUpdate: {"status":"installing-updates","current":3,"total":6,"progress":97}
[2025-04-10 19:47:21.927] [info]  DiscordSplash.onStateUpdate: {"status":"installing-updates","current":3,"total":6,"progress":97}
[2025-04-10 19:47:21.927] [info]  Splash.onStateUpdate: {"status":"installing-updates","current":3,"total":6,"progress":97}
[2025-04-10 19:47:21.928] [info]  DiscordSplash.onStateUpdate: {"status":"installing-updates","current":3,"total":6,"progress":97}
[2025-04-10 19:47:21.928] [info]  Splash.onStateUpdate: {"status":"installing-updates","current":3,"total":6,"progress":97}
[2025-04-10 19:47:21.929] [info]  DiscordSplash.onStateUpdate: {"status":"installing-updates","current":3,"total":6,"progress":97}
[2025-04-10 19:47:21.929] [info]  Splash.onStateUpdate: {"status":"installing-updates","current":3,"total":6,"progress":97}
[2025-04-10 19:47:21.930] [info]  DiscordSplash.onStateUpdate: {"status":"installing-updates","current":3,"total":6,"progress":97}
[2025-04-10 19:47:21.930] [info]  Splash.onStateUpdate: {"status":"installing-updates","current":3,"total":6,"progress":97}
[2025-04-10 19:47:21.931] [info]  DiscordSplash.onStateUpdate: {"status":"installing-updates","current":3,"total":6,"progress":97}
[2025-04-10 19:47:21.931] [info]  Splash.onStateUpdate: {"status":"installing-updates","current":3,"total":6,"progress":97}
[2025-04-10 19:47:21.932] [info]  DiscordSplash.onStateUpdate: {"status":"installing-updates","current":3,"total":6,"progress":98}
[2025-04-10 19:47:21.932] [info]  Splash.onStateUpdate: {"status":"installing-updates","current":3,"total":6,"progress":98}
[2025-04-10 19:47:21.933] [info]  DiscordSplash.onStateUpdate: {"status":"installing-updates","current":3,"total":6,"progress":98}
[2025-04-10 19:47:21.933] [info]  Splash.onStateUpdate: {"status":"installing-updates","current":3,"total":6,"progress":98}
[2025-04-10 19:47:21.933] [info]  DiscordSplash.onStateUpdate: {"status":"installing-updates","current":3,"total":6,"progress":98}
[2025-04-10 19:47:21.934] [info]  Splash.onStateUpdate: {"status":"installing-updates","current":3,"total":6,"progress":98}
[2025-04-10 19:47:21.934] [info]  DiscordSplash.onStateUpdate: {"status":"installing-updates","current":3,"total":6,"progress":98}
[2025-04-10 19:47:21.935] [info]  Splash.onStateUpdate: {"status":"installing-updates","current":3,"total":6,"progress":98}
[2025-04-10 19:47:21.935] [info]  DiscordSplash.onStateUpdate: {"status":"installing-updates","current":3,"total":6,"progress":98}
[2025-04-10 19:47:21.935] [info]  Splash.onStateUpdate: {"status":"installing-updates","current":3,"total":6,"progress":98}
[2025-04-10 19:47:21.936] [info]  DiscordSplash.onStateUpdate: {"status":"installing-updates","current":3,"total":6,"progress":98}
[2025-04-10 19:47:21.936] [info]  Splash.onStateUpdate: {"status":"installing-updates","current":3,"total":6,"progress":98}
[2025-04-10 19:47:21.937] [info]  DiscordSplash.onStateUpdate: {"status":"installing-updates","current":3,"total":6,"progress":99}
[2025-04-10 19:47:21.937] [info]  Splash.onStateUpdate: {"status":"installing-updates","current":3,"total":6,"progress":99}
[2025-04-10 19:47:21.938] [info]  DiscordSplash.onStateUpdate: {"status":"installing-updates","current":3,"total":6,"progress":99}
[2025-04-10 19:47:21.938] [info]  Splash.onStateUpdate: {"status":"installing-updates","current":3,"total":6,"progress":99}
[2025-04-10 19:47:21.939] [info]  DiscordSplash.onStateUpdate: {"status":"installing-updates","current":3,"total":6,"progress":99}
[2025-04-10 19:47:21.939] [info]  Splash.onStateUpdate: {"status":"installing-updates","current":3,"total":6,"progress":99}
[2025-04-10 19:47:21.940] [info]  DiscordSplash.onStateUpdate: {"status":"installing-updates","current":3,"total":6,"progress":99}
[2025-04-10 19:47:21.940] [info]  Splash.onStateUpdate: {"status":"installing-updates","current":3,"total":6,"progress":99}
[2025-04-10 19:47:21.942] [info]  DiscordSplash.onStateUpdate: {"status":"installing-updates","current":3,"total":6,"progress":99}
[2025-04-10 19:47:21.942] [info]  Splash.onStateUpdate: {"status":"installing-updates","current":3,"total":6,"progress":99}
[2025-04-10 19:47:21.943] [info]  DiscordSplash.onStateUpdate: {"status":"installing-updates","current":3,"total":6,"progress":99}
[2025-04-10 19:47:21.943] [info]  Splash.onStateUpdate: {"status":"installing-updates","current":3,"total":6,"progress":99}
[2025-04-10 19:47:21.944] [info]  DiscordSplash.onStateUpdate: {"status":"installing-updates","current":3,"total":6,"progress":100}
[2025-04-10 19:47:21.944] [info]  Splash.onStateUpdate: {"status":"installing-updates","current":3,"total":6,"progress":100}
[2025-04-10 19:47:21.945] [info]  DiscordSplash.onStateUpdate: {"status":"installing-updates","current":4,"total":6}
[2025-04-10 19:47:21.946] [info]  Splash.onStateUpdate: {"status":"installing-updates","current":4,"total":6}
[2025-04-10 19:47:21.946] [info]  DiscordSplash.onStateUpdate: {"status":"installing-updates","current":4,"total":6,"progress":2}
[2025-04-10 19:47:21.946] [info]  Splash.onStateUpdate: {"status":"installing-updates","current":4,"total":6,"progress":2}
[2025-04-10 19:47:21.947] [info]  DiscordSplash.onStateUpdate: {"status":"installing-updates","current":4,"total":6,"progress":4}
[2025-04-10 19:47:21.947] [info]  Splash.onStateUpdate: {"status":"installing-updates","current":4,"total":6,"progress":4}
[2025-04-10 19:47:21.948] [info]  DiscordSplash.onStateUpdate: {"status":"installing-updates","current":4,"total":6,"progress":6}
[2025-04-10 19:47:21.948] [info]  Splash.onStateUpdate: {"status":"installing-updates","current":4,"total":6,"progress":6}
[2025-04-10 19:47:21.949] [info]  DiscordSplash.onStateUpdate: {"status":"installing-updates","current":4,"total":6,"progress":9}
[2025-04-10 19:47:21.949] [info]  Splash.onStateUpdate: {"status":"installing-updates","current":4,"total":6,"progress":9}
[2025-04-10 19:47:21.950] [info]  DiscordSplash.onStateUpdate: {"status":"installing-updates","current":4,"total":6,"progress":11}
[2025-04-10 19:47:21.950] [info]  Splash.onStateUpdate: {"status":"installing-updates","current":4,"total":6,"progress":11}
[2025-04-10 19:47:22.050] [info]  DiscordSplash.onStateUpdate: {"status":"installing-updates","current":4,"total":6,"progress":13}
[2025-04-10 19:47:22.050] [info]  Splash.onStateUpdate: {"status":"installing-updates","current":4,"total":6,"progress":13}
[2025-04-10 19:47:22.052] [info]  DiscordSplash.onStateUpdate: {"status":"installing-updates","current":4,"total":6,"progress":16}
[2025-04-10 19:47:22.052] [info]  Splash.onStateUpdate: {"status":"installing-updates","current":4,"total":6,"progress":16}
[2025-04-10 19:47:22.052] [info]  DiscordSplash.onStateUpdate: {"status":"installing-updates","current":4,"total":6,"progress":18}
[2025-04-10 19:47:22.053] [info]  Splash.onStateUpdate: {"status":"installing-updates","current":4,"total":6,"progress":18}
[2025-04-10 19:47:22.053] [info]  DiscordSplash.onStateUpdate: {"status":"installing-updates","current":4,"total":6,"progress":20}
[2025-04-10 19:47:22.054] [info]  Splash.onStateUpdate: {"status":"installing-updates","current":4,"total":6,"progress":20}
[2025-04-10 19:47:22.054] [info]  DiscordSplash.onStateUpdate: {"status":"installing-updates","current":4,"total":6,"progress":23}
[2025-04-10 19:47:22.055] [info]  Splash.onStateUpdate: {"status":"installing-updates","current":4,"total":6,"progress":23}
[2025-04-10 19:47:22.055] [info]  DiscordSplash.onStateUpdate: {"status":"installing-updates","current":4,"total":6,"progress":25}
[2025-04-10 19:47:22.055] [info]  Splash.onStateUpdate: {"status":"installing-updates","current":4,"total":6,"progress":25}
[2025-04-10 19:47:22.056] [info]  DiscordSplash.onStateUpdate: {"status":"installing-updates","current":4,"total":6,"progress":27}
[2025-04-10 19:47:22.056] [info]  Splash.onStateUpdate: {"status":"installing-updates","current":4,"total":6,"progress":27}
[2025-04-10 19:47:22.057] [info]  DiscordSplash.onStateUpdate: {"status":"installing-updates","current":4,"total":6,"progress":30}
[2025-04-10 19:47:22.057] [info]  Splash.onStateUpdate: {"status":"installing-updates","current":4,"total":6,"progress":30}
[2025-04-10 19:47:22.058] [info]  DiscordSplash.onStateUpdate: {"status":"installing-updates","current":4,"total":6,"progress":32}
[2025-04-10 19:47:22.058] [info]  Splash.onStateUpdate: {"status":"installing-updates","current":4,"total":6,"progress":32}
[2025-04-10 19:47:22.059] [info]  DiscordSplash.onStateUpdate: {"status":"installing-updates","current":4,"total":6,"progress":34}
[2025-04-10 19:47:22.059] [info]  Splash.onStateUpdate: {"status":"installing-updates","current":4,"total":6,"progress":34}
[2025-04-10 19:47:22.060] [info]  DiscordSplash.onStateUpdate: {"status":"installing-updates","current":4,"total":6,"progress":37}
[2025-04-10 19:47:22.060] [info]  Splash.onStateUpdate: {"status":"installing-updates","current":4,"total":6,"progress":37}
[2025-04-10 19:47:22.061] [info]  DiscordSplash.onStateUpdate: {"status":"installing-updates","current":4,"total":6,"progress":39}
[2025-04-10 19:47:22.061] [info]  Splash.onStateUpdate: {"status":"installing-updates","current":4,"total":6,"progress":39}
[2025-04-10 19:47:22.062] [info]  DiscordSplash.onStateUpdate: {"status":"installing-updates","current":4,"total":6,"progress":41}
[2025-04-10 19:47:22.062] [info]  Splash.onStateUpdate: {"status":"installing-updates","current":4,"total":6,"progress":41}
[2025-04-10 19:47:22.063] [info]  DiscordSplash.onStateUpdate: {"status":"installing-updates","current":4,"total":6,"progress":44}
[2025-04-10 19:47:22.063] [info]  Splash.onStateUpdate: {"status":"installing-updates","current":4,"total":6,"progress":44}
[2025-04-10 19:47:22.064] [info]  DiscordSplash.onStateUpdate: {"status":"installing-updates","current":4,"total":6,"progress":46}
[2025-04-10 19:47:22.064] [info]  Splash.onStateUpdate: {"status":"installing-updates","current":4,"total":6,"progress":46}
[2025-04-10 19:47:22.065] [info]  DiscordSplash.onStateUpdate: {"status":"installing-updates","current":4,"total":6,"progress":48}
[2025-04-10 19:47:22.065] [info]  Splash.onStateUpdate: {"status":"installing-updates","current":4,"total":6,"progress":48}
[2025-04-10 19:47:22.066] [info]  DiscordSplash.onStateUpdate: {"status":"installing-updates","current":4,"total":6,"progress":51}
[2025-04-10 19:47:22.066] [info]  Splash.onStateUpdate: {"status":"installing-updates","current":4,"total":6,"progress":51}
[2025-04-10 19:47:22.067] [info]  DiscordSplash.onStateUpdate: {"status":"installing-updates","current":4,"total":6,"progress":53}
[2025-04-10 19:47:22.067] [info]  Splash.onStateUpdate: {"status":"installing-updates","current":4,"total":6,"progress":53}
[2025-04-10 19:47:22.068] [info]  DiscordSplash.onStateUpdate: {"status":"installing-updates","current":4,"total":6,"progress":55}
[2025-04-10 19:47:22.068] [info]  Splash.onStateUpdate: {"status":"installing-updates","current":4,"total":6,"progress":55}
[2025-04-10 19:47:22.069] [info]  DiscordSplash.onStateUpdate: {"status":"installing-updates","current":4,"total":6,"progress":58}
[2025-04-10 19:47:22.069] [info]  Splash.onStateUpdate: {"status":"installing-updates","current":4,"total":6,"progress":58}
[2025-04-10 19:47:22.070] [info]  DiscordSplash.onStateUpdate: {"status":"installing-updates","current":4,"total":6,"progress":60}
[2025-04-10 19:47:22.070] [info]  Splash.onStateUpdate: {"status":"installing-updates","current":4,"total":6,"progress":60}
[2025-04-10 19:47:22.071] [info]  DiscordSplash.onStateUpdate: {"status":"installing-updates","current":4,"total":6,"progress":62}
[2025-04-10 19:47:22.071] [info]  Splash.onStateUpdate: {"status":"installing-updates","current":4,"total":6,"progress":62}
[2025-04-10 19:47:22.072] [info]  DiscordSplash.onStateUpdate: {"status":"installing-updates","current":4,"total":6,"progress":65}
[2025-04-10 19:47:22.072] [info]  Splash.onStateUpdate: {"status":"installing-updates","current":4,"total":6,"progress":65}
[2025-04-10 19:47:22.073] [info]  DiscordSplash.onStateUpdate: {"status":"installing-updates","current":4,"total":6,"progress":67}
[2025-04-10 19:47:22.073] [info]  Splash.onStateUpdate: {"status":"installing-updates","current":4,"total":6,"progress":67}
[2025-04-10 19:47:22.074] [info]  DiscordSplash.onStateUpdate: {"status":"installing-updates","current":4,"total":6,"progress":69}
[2025-04-10 19:47:22.074] [info]  Splash.onStateUpdate: {"status":"installing-updates","current":4,"total":6,"progress":69}
[2025-04-10 19:47:22.075] [info]  DiscordSplash.onStateUpdate: {"status":"installing-updates","current":4,"total":6,"progress":72}
[2025-04-10 19:47:22.075] [info]  Splash.onStateUpdate: {"status":"installing-updates","current":4,"total":6,"progress":72}
[2025-04-10 19:47:22.076] [info]  DiscordSplash.onStateUpdate: {"status":"installing-updates","current":4,"total":6,"progress":74}
[2025-04-10 19:47:22.076] [info]  Splash.onStateUpdate: {"status":"installing-updates","current":4,"total":6,"progress":74}
[2025-04-10 19:47:22.077] [info]  DiscordSplash.onStateUpdate: {"status":"installing-updates","current":4,"total":6,"progress":76}
[2025-04-10 19:47:22.077] [info]  Splash.onStateUpdate: {"status":"installing-updates","current":4,"total":6,"progress":76}
[2025-04-10 19:47:22.078] [info]  DiscordSplash.onStateUpdate: {"status":"installing-updates","current":4,"total":6,"progress":79}
[2025-04-10 19:47:22.078] [info]  Splash.onStateUpdate: {"status":"installing-updates","current":4,"total":6,"progress":79}
[2025-04-10 19:47:22.079] [info]  DiscordSplash.onStateUpdate: {"status":"installing-updates","current":4,"total":6,"progress":81}
[2025-04-10 19:47:22.079] [info]  Splash.onStateUpdate: {"status":"installing-updates","current":4,"total":6,"progress":81}
[2025-04-10 19:47:22.080] [info]  DiscordSplash.onStateUpdate: {"status":"installing-updates","current":4,"total":6,"progress":83}
[2025-04-10 19:47:22.080] [info]  Splash.onStateUpdate: {"status":"installing-updates","current":4,"total":6,"progress":83}
[2025-04-10 19:47:22.081] [info]  DiscordSplash.onStateUpdate: {"status":"installing-updates","current":4,"total":6,"progress":86}
[2025-04-10 19:47:22.081] [info]  Splash.onStateUpdate: {"status":"installing-updates","current":4,"total":6,"progress":86}
[2025-04-10 19:47:22.082] [info]  DiscordSplash.onStateUpdate: {"status":"installing-updates","current":4,"total":6,"progress":88}
[2025-04-10 19:47:22.082] [info]  Splash.onStateUpdate: {"status":"installing-updates","current":4,"total":6,"progress":88}
[2025-04-10 19:47:22.083] [info]  DiscordSplash.onStateUpdate: {"status":"installing-updates","current":4,"total":6,"progress":90}
[2025-04-10 19:47:22.083] [info]  Splash.onStateUpdate: {"status":"installing-updates","current":4,"total":6,"progress":90}
[2025-04-10 19:47:22.084] [info]  DiscordSplash.onStateUpdate: {"status":"installing-updates","current":4,"total":6,"progress":93}
[2025-04-10 19:47:22.084] [info]  Splash.onStateUpdate: {"status":"installing-updates","current":4,"total":6,"progress":93}
[2025-04-10 19:47:22.085] [info]  DiscordSplash.onStateUpdate: {"status":"installing-updates","current":4,"total":6,"progress":95}
[2025-04-10 19:47:22.085] [info]  Splash.onStateUpdate: {"status":"installing-updates","current":4,"total":6,"progress":95}
[2025-04-10 19:47:22.086] [info]  DiscordSplash.onStateUpdate: {"status":"installing-updates","current":4,"total":6,"progress":97}
[2025-04-10 19:47:22.086] [info]  Splash.onStateUpdate: {"status":"installing-updates","current":4,"total":6,"progress":97}
[2025-04-10 19:47:22.087] [info]  DiscordSplash.onStateUpdate: {"status":"installing-updates","current":4,"total":6,"progress":100}
[2025-04-10 19:47:22.087] [info]  Splash.onStateUpdate: {"status":"installing-updates","current":4,"total":6,"progress":100}
[2025-04-10 19:47:22.088] [info]  DiscordSplash.onStateUpdate: {"status":"installing-updates","current":5,"total":6}
[2025-04-10 19:47:22.088] [info]  Splash.onStateUpdate: {"status":"installing-updates","current":5,"total":6}
[2025-04-10 19:47:22.088] [info]  DiscordSplash.onStateUpdate: {"status":"installing-updates","current":5,"total":6,"progress":16}
[2025-04-10 19:47:22.089] [info]  Splash.onStateUpdate: {"status":"installing-updates","current":5,"total":6,"progress":16}
[2025-04-10 19:47:22.090] [info]  DiscordSplash.onStateUpdate: {"status":"installing-updates","current":5,"total":6,"progress":33}
[2025-04-10 19:47:22.090] [info]  Splash.onStateUpdate: {"status":"installing-updates","current":5,"total":6,"progress":33}
[2025-04-10 19:47:22.091] [info]  DiscordSplash.onStateUpdate: {"status":"installing-updates","current":5,"total":6,"progress":50}
[2025-04-10 19:47:22.091] [info]  Splash.onStateUpdate: {"status":"installing-updates","current":5,"total":6,"progress":50}
[2025-04-10 19:47:22.301] [info]  Splash.updateCountdownSeconds: undefined
[2025-04-10 19:47:22.664] [info]  DiscordSplash.onStateUpdate: {"status":"installing-updates","current":5,"total":6,"progress":66}
[2025-04-10 19:47:22.664] [info]  Splash.onStateUpdate: {"status":"installing-updates","current":5,"total":6,"progress":66}
[2025-04-10 19:47:22.679] [info]  DiscordSplash.onStateUpdate: {"status":"installing-updates","current":5,"total":6,"progress":83}
[2025-04-10 19:47:22.679] [info]  Splash.onStateUpdate: {"status":"installing-updates","current":5,"total":6,"progress":83}
[2025-04-10 19:47:22.680] [info]  DiscordSplash.onStateUpdate: {"status":"installing-updates","current":5,"total":6,"progress":100}
[2025-04-10 19:47:22.680] [info]  Splash.onStateUpdate: {"status":"installing-updates","current":5,"total":6,"progress":100}
[2025-04-10 19:47:22.682] [info]  DiscordSplash.onStateUpdate: {"status":"installing-updates","current":6,"total":6}
[2025-04-10 19:47:22.682] [info]  Splash.onStateUpdate: {"status":"installing-updates","current":6,"total":6}
[2025-04-10 19:47:22.683] [info]  DiscordSplash.onStateUpdate: {"status":"installing-updates","current":6,"total":6,"progress":25}
[2025-04-10 19:47:22.683] [info]  Splash.onStateUpdate: {"status":"installing-updates","current":6,"total":6,"progress":25}
[2025-04-10 19:47:22.684] [info]  DiscordSplash.onStateUpdate: {"status":"installing-updates","current":6,"total":6,"progress":50}
[2025-04-10 19:47:22.684] [info]  Splash.onStateUpdate: {"status":"installing-updates","current":6,"total":6,"progress":50}
[2025-04-10 19:47:22.685] [info]  DiscordSplash.onStateUpdate: {"status":"installing-updates","current":6,"total":6,"progress":75}
[2025-04-10 19:47:22.685] [info]  Splash.onStateUpdate: {"status":"installing-updates","current":6,"total":6,"progress":75}
[2025-04-10 19:47:22.686] [info]  DiscordSplash.onStateUpdate: {"status":"installing-updates","current":6,"total":6,"progress":100}
[2025-04-10 19:47:22.686] [info]  Splash.onStateUpdate: {"status":"installing-updates","current":6,"total":6,"progress":100}
[2025-04-10 19:47:22.698] [info]  DiscordSplash.onStateUpdate: {"status":"checking-for-updates","current":6,"total":6}
[2025-04-10 19:47:22.699] [info]  Splash.onStateUpdate: {"status":"checking-for-updates","current":6,"total":6}
[2025-04-10 19:47:22.999] [info]  DiscordSplash.onStateUpdate: {"status":"launching","current":6,"total":6}
[2025-04-10 19:47:22.999] [info]  Splash.onStateUpdate: {"status":"launching","current":6,"total":6}
[2025-04-10 19:47:23.301] [info]  Splash.updateCountdownSeconds: undefined
[2025-04-10 19:47:24.301] [info]  Splash.updateCountdownSeconds: undefined
[2025-04-10 19:47:25.301] [info]  Splash.updateCountdownSeconds: undefined
[2025-04-10 19:47:25.720] [info]  Initializing voice engine with audio subsystem: standard
[2025-04-10 19:47:25.787] [info]  [default] [BUILD INFO] Release Channel: stable, Build Number: 388298, Version Hash: fe304ad49ce5a7dbfa610b346ac1960408f93fce
[2025-04-10 19:47:25.945] [info]  [default] [NATIVE INFO] host 0.0.90, modules: discord_desktop_core: 2, discord_erlpack: 1, discord_spellcheck: 1, discord_utils: 2, discord_voice: 2, discord_zstd: 1, build: null
[2025-04-10 19:47:25.992] [error] [Spellchecker] sh is not a valid locale.
[2025-04-10 19:47:26.022] [info]  [Spellchecker] Switching to en-US (available)
[2025-04-10 19:47:26.301] [info]  Splash.updateCountdownSeconds: undefined
[2025-04-10 19:47:27.301] [info]  Splash.updateCountdownSeconds: undefined
[2025-04-10 19:47:27.807] [info]  [libdiscore] The answer for life the universe and everything is: 42
[2025-04-10 19:47:28.302] [info]  Splash.updateCountdownSeconds: undefined
[2025-04-10 19:47:29.302] [info]  Splash.updateCountdownSeconds: undefined
[2025-04-10 19:47:29.509] [warn]  [CloudSyncUtils] CloudSync is not supported on this platform
[2025-04-10 19:47:30.446] [info]  [RPCServer:WSS] Starting on 6463
[2025-04-10 19:47:30.451] [info]  [RPCServer:IPC] Starting on /run/user/1000/discord-ipc-0
[2025-04-10 19:47:40.476] [info]  [LoginQRSocket] [0ms] connecting to wss://remote-auth-gateway.discord.gg/?v=2
[2025-04-10 19:47:40.758] [info]  [LoginQRSocket] [282ms] got hello, auth timeout=345587ms
[2025-04-10 19:47:40.802] [info]  [LoginQRSocket] [325ms] connected, handshaking with fingerprint: T1UIlVj1VDeA2og8sTQJ0SKpNpi7eMloHIM7OgBuilc
[2025-04-10 19:47:40.963] [info]  [LoginQRSocket] [487ms] computed nonce proof
[2025-04-10 19:47:41.124] [info]  [LoginQRSocket] [647ms] handshake complete awaiting remote auth.
[2025-04-10 19:48:04.385] [warn]  Window state not initialized window-1
[2025-04-10 19:48:04.385] [warn]  Window state not initialized window-1
[2025-04-10 19:48:04.386] [warn]  Window state not initialized window-1
[2025-04-10 19:48:04.386] [warn]  Window state not initialized window-1
[2025-04-10 19:48:21.773] [info]  DiscordSplash.signalReady
[2025-04-10 19:48:21.789] [info]  DiscordSplash.onStateUpdate: {"status":"checking-for-updates"}
[2025-04-10 19:48:21.789] [info]  Splash.onStateUpdate: {"status":"checking-for-updates"}
[2025-04-10 19:48:22.129] [info]  DiscordSplash.onStateUpdate: {"status":"launching"}
[2025-04-10 19:48:22.129] [info]  Splash.onStateUpdate: {"status":"launching"}
[2025-04-10 19:48:22.773] [info]  Splash.updateCountdownSeconds: undefined
[2025-04-10 19:48:23.379] [info]  Initializing voice engine with audio subsystem: standard
[2025-04-10 19:48:23.440] [info]  [default] [BUILD INFO] Release Channel: stable, Build Number: 388298, Version Hash: fe304ad49ce5a7dbfa610b346ac1960408f93fce
[2025-04-10 19:48:23.590] [info]  [default] [NATIVE INFO] host 0.0.90, modules: discord_desktop_core: 2, discord_erlpack: 1, discord_spellcheck: 1, discord_utils: 2, discord_voice: 2, discord_zstd: 1, discord_krisp: 1, discord_game_utils: 1, discord_rpc: 1, build: null
[2025-04-10 19:48:23.773] [info]  Splash.updateCountdownSeconds: undefined
[2025-04-10 19:48:24.026] [error] [Spellchecker] sh is not a valid locale.
[2025-04-10 19:48:24.051] [info]  [Spellchecker] Switching to en-US (available)
[2025-04-10 19:48:24.270] [warn]  [CloudSyncUtils] CloudSync is not supported on this platform
[2025-04-10 19:48:24.418] [warn]  Window state not initialized window-1
[2025-04-10 19:48:24.418] [warn]  Window state not initialized window-1
[2025-04-10 19:48:24.418] [warn]  Window state not initialized window-1
[2025-04-10 19:48:24.418] [warn]  Window state not initialized window-1
[2025-04-10 19:48:24.625] [info]  Initializing voice engine with audio subsystem: standard
[2025-04-10 19:48:24.648] [info]  [default] [BUILD INFO] Release Channel: stable, Build Number: 388298, Version Hash: fe304ad49ce5a7dbfa610b346ac1960408f93fce
[2025-04-10 19:48:24.690] [info]  [default] [NATIVE INFO] host 0.0.90, modules: discord_desktop_core: 2, discord_erlpack: 1, discord_spellcheck: 1, discord_utils: 2, discord_voice: 2, discord_zstd: 1, discord_krisp: 1, discord_game_utils: 1, discord_rpc: 1, build: null
[2025-04-10 19:48:24.773] [info]  Splash.updateCountdownSeconds: undefined
[2025-04-10 19:48:24.865] [error] [Spellchecker] sh is not a valid locale.
[2025-04-10 19:48:24.994] [info]  [Spellchecker] Switching to en-US (available)
[2025-04-10 19:48:25.089] [warn]  [CloudSyncUtils] CloudSync is not supported on this platform
[2025-04-10 19:48:25.157] [info]  [RPCServer:WSS] Starting on 6463
[2025-04-10 19:48:25.159] [info]  [RPCServer:IPC] Starting on /run/user/1000/discord-ipc-0
[2025-04-10 19:48:25.180] [info]  [libdiscore] The answer for life the universe and everything is: 42
[2025-04-10 19:48:28.478] [warn]  The resource https://discord.com/assets/189422196a4f8b53.woff2 was preloaded using link preload but not used within a few seconds from the window's load event. Please make sure it has an appropriate `as` value and it is preloaded intentionally.
[2025-04-10 19:48:28.479] [warn]  The resource https://discord.com/assets/ce3b8055f5114434.woff2 was preloaded using link preload but not used within a few seconds from the window's load event. Please make sure it has an appropriate `as` value and it is preloaded intentionally.
[2025-04-10 19:48:28.479] [warn]  The resource https://discord.com/assets/cb2006dbced0e246.woff2 was preloaded using link preload but not used within a few seconds from the window's load event. Please make sure it has an appropriate `as` value and it is preloaded intentionally.
[2025-04-10 19:48:28.479] [warn]  The resource https://discord.com/assets/7a6a566c2e88a35d.woff2 was preloaded using link preload but not used within a few seconds from the window's load event. Please make sure it has an appropriate `as` value and it is preloaded intentionally.
[2025-04-10 19:48:28.480] [warn]  The resource https://discord.com/assets/e52f0cba712e2fb4.woff2 was preloaded using link preload but not used within a few seconds from the window's load event. Please make sure it has an appropriate `as` value and it is preloaded intentionally.
[2025-04-10 19:48:28.480] [warn]  The resource https://discord.com/assets/dd24010f3cf7def7.woff2 was preloaded using link preload but not used within a few seconds from the window's load event. Please make sure it has an appropriate `as` value and it is preloaded intentionally.
[2025-04-10 19:48:35.296] [info]  [LoginQRSocket] [0ms] connecting to wss://remote-auth-gateway.discord.gg/?v=2
[2025-04-10 19:48:35.594] [info]  [LoginQRSocket] [298ms] got hello, auth timeout=302453ms
[2025-04-10 19:48:35.659] [info]  [LoginQRSocket] [362ms] connected, handshaking with fingerprint: 8IPW-GrC-Q3uqS3eRy3eAKbvENOT9Qc5JvfyaR-adC8
[2025-04-10 19:48:35.833] [info]  [LoginQRSocket] [537ms] computed nonce proof
[2025-04-10 19:48:35.997] [info]  [LoginQRSocket] [701ms] handshake complete awaiting remote auth.
[2025-04-10 19:48:39.012] [warn]  The resource https://discord.com/assets/189422196a4f8b53.woff2 was preloaded using link preload but not used within a few seconds from the window's load event. Please make sure it has an appropriate `as` value and it is preloaded intentionally.
[2025-04-10 19:48:39.013] [warn]  The resource https://discord.com/assets/ce3b8055f5114434.woff2 was preloaded using link preload but not used within a few seconds from the window's load event. Please make sure it has an appropriate `as` value and it is preloaded intentionally.
[2025-04-10 19:48:39.013] [warn]  The resource https://discord.com/assets/cb2006dbced0e246.woff2 was preloaded using link preload but not used within a few seconds from the window's load event. Please make sure it has an appropriate `as` value and it is preloaded intentionally.
[2025-04-10 19:48:39.013] [warn]  The resource https://discord.com/assets/7a6a566c2e88a35d.woff2 was preloaded using link preload but not used within a few seconds from the window's load event. Please make sure it has an appropriate `as` value and it is preloaded intentionally.
[2025-04-10 19:48:39.013] [warn]  The resource https://discord.com/assets/e52f0cba712e2fb4.woff2 was preloaded using link preload but not used within a few seconds from the window's load event. Please make sure it has an appropriate `as` value and it is preloaded intentionally.
[2025-04-10 19:48:39.014] [warn]  The resource https://discord.com/assets/dd24010f3cf7def7.woff2 was preloaded using link preload but not used within a few seconds from the window's load event. Please make sure it has an appropriate `as` value and it is preloaded intentionally.
[2025-04-10 19:49:09.697] [info]  [WindowVisibilityVideoManager] Incoming video enabled changed, incomingVideoEnabled = false
[2025-04-10 19:50:43.307] [info]  [WindowVisibilityVideoManager] Incoming video enabled changed, incomingVideoEnabled = true
[2025-04-10 19:50:56.545] [error] [KeyboardLayoutMapUtils] KeyboardMapper - Key code mismatch for key a: 38 !== 65
[2025-04-10 19:50:56.578] [error] [KeyboardLayoutMapUtils] KeyboardMapper - Key code mismatch for key d: 40 !== 68
[2025-04-10 19:50:56.642] [error] [KeyboardLayoutMapUtils] KeyboardMapper - Key code mismatch for key w: 25 !== 87
[2025-04-10 19:50:56.785] [error] [KeyboardLayoutMapUtils] KeyboardMapper - Key code mismatch for key d: 40 !== 68
[2025-04-10 19:50:56.821] [error] [KeyboardLayoutMapUtils] KeyboardMapper - Key code mismatch for key a: 38 !== 65
[2025-04-10 19:50:56.961] [error] [KeyboardLayoutMapUtils] KeyboardMapper - Key code mismatch for key w: 25 !== 87
[2025-04-10 19:50:56.980] [error] [KeyboardLayoutMapUtils] KeyboardMapper - Key code mismatch for key d: 40 !== 68
[2025-04-10 19:50:57.452] [error] [KeyboardLayoutMapUtils] KeyboardMapper - Key code mismatch for key a: 38 !== 65
[2025-04-10 19:51:39.145] [info]  [WindowVisibilityVideoManager] Incoming video enabled changed, incomingVideoEnabled = false
[2025-04-10 19:53:38.136] [info]  [LoginQRSocket] [302834ms] disconnected, code: 4003 Handshake Timeout
[2025-04-10 19:53:38.137] [error] [LoginQRSocket] Could not complete QR code login, trying to restart with a new QR code.
[2025-04-10 19:53:40.940] [info]  [LoginQRSocket] document is not visible, will defer reconnection when document becomes visible.
[2025-04-10 19:54:01.354] [error] WebSocket is already in CLOSING or CLOSED state.
[2025-04-10 19:54:42.792] [info]  [LoginQRSocket] [367491ms] heartbeat timeout, reconnecting.
[2025-04-10 19:54:42.793] [error] [LoginQRSocket] Could not complete QR code login, trying to restart with a new QR code.
[2025-04-10 19:54:48.790] [info]  [LoginQRSocket] document is not visible, will defer reconnection when document becomes visible.
[2025-04-10 19:55:25.196] [info]  [LoginQRSocket] [409896ms] heartbeat timeout, reconnecting.
[2025-04-10 19:55:25.196] [error] [LoginQRSocket] Could not complete QR code login, trying to restart with a new QR code.
[2025-04-10 19:55:37.748] [info]  [LoginQRSocket] document is not visible, will defer reconnection when document becomes visible.
[2025-04-10 19:56:06.753] [info]  [LoginQRSocket] [451450ms] heartbeat timeout, reconnecting.
[2025-04-10 19:56:06.754] [error] [LoginQRSocket] Could not complete QR code login, trying to restart with a new QR code.
[2025-04-10 19:56:24.182] [info]  [LoginQRSocket] document is not visible, will defer reconnection when document becomes visible.
[2025-04-10 19:56:48.680] [info]  [LoginQRSocket] [493378ms] heartbeat timeout, reconnecting.
[2025-04-10 19:56:48.681] [error] [LoginQRSocket] Could not complete QR code login, trying to restart with a new QR code.
[2025-04-10 19:57:08.684] [info]  [LoginQRSocket] document is not visible, will defer reconnection when document becomes visible.
[2025-04-10 19:57:30.159] [info]  [LoginQRSocket] [534859ms] heartbeat timeout, reconnecting.
[2025-04-10 19:57:30.159] [error] [LoginQRSocket] Could not complete QR code login, trying to restart with a new QR code.
[2025-04-10 19:58:01.647] [info]  [LoginQRSocket] document is not visible, will defer reconnection when document becomes visible.
[2025-04-10 19:58:12.649] [info]  [LoginQRSocket] [577350ms] heartbeat timeout, reconnecting.
[2025-04-10 19:58:12.650] [error] [LoginQRSocket] Could not complete QR code login, trying to restart with a new QR code.
[2025-04-10 19:58:43.169] [info]  [LoginQRSocket] document is not visible, will defer reconnection when document becomes visible.
[2025-04-10 19:58:54.677] [info]  [LoginQRSocket] [619378ms] heartbeat timeout, reconnecting.
[2025-04-10 19:58:54.678] [error] [LoginQRSocket] Could not complete QR code login, trying to restart with a new QR code.
[2025-04-10 19:59:25.205] [info]  [LoginQRSocket] document is not visible, will defer reconnection when document becomes visible.
[2025-04-10 19:59:36.200] [info]  [LoginQRSocket] [660901ms] heartbeat timeout, reconnecting.
[2025-04-10 19:59:36.201] [error] [LoginQRSocket] Could not complete QR code login, trying to restart with a new QR code.
[2025-04-10 20:00:06.750] [info]  [LoginQRSocket] document is not visible, will defer reconnection when document becomes visible.
[2025-04-10 20:00:17.749] [info]  [LoginQRSocket] [702449ms] heartbeat timeout, reconnecting.
[2025-04-10 20:00:17.750] [error] [LoginQRSocket] Could not complete QR code login, trying to restart with a new QR code.
[2025-04-10 20:00:48.276] [info]  [LoginQRSocket] document is not visible, will defer reconnection when document becomes visible.
[2025-04-10 20:01:00.269] [info]  [LoginQRSocket] [744970ms] heartbeat timeout, reconnecting.
[2025-04-10 20:01:00.270] [error] [LoginQRSocket] Could not complete QR code login, trying to restart with a new QR code.
[2025-04-10 20:01:30.844] [info]  [LoginQRSocket] document is not visible, will defer reconnection when document becomes visible.
[2025-04-10 20:01:42.364] [info]  [LoginQRSocket] [787065ms] heartbeat timeout, reconnecting.
[2025-04-10 20:01:42.364] [error] [LoginQRSocket] Could not complete QR code login, trying to restart with a new QR code.
[2025-04-10 20:02:12.941] [info]  [LoginQRSocket] document is not visible, will defer reconnection when document becomes visible.
[2025-04-10 20:02:23.934] [info]  [LoginQRSocket] [828637ms] heartbeat timeout, reconnecting.
[2025-04-10 20:02:23.935] [error] [LoginQRSocket] Could not complete QR code login, trying to restart with a new QR code.
[2025-04-10 20:02:54.477] [info]  [LoginQRSocket] document is not visible, will defer reconnection when document becomes visible.
[2025-04-10 20:03:05.475] [info]  [LoginQRSocket] [870178ms] heartbeat timeout, reconnecting.
[2025-04-10 20:03:05.475] [error] [LoginQRSocket] Could not complete QR code login, trying to restart with a new QR code.
[2025-04-10 20:03:36.056] [info]  [LoginQRSocket] document is not visible, will defer reconnection when document becomes visible.
[2025-04-10 20:03:48.570] [info]  [LoginQRSocket] [913273ms] heartbeat timeout, reconnecting.
[2025-04-10 20:03:48.571] [error] [LoginQRSocket] Could not complete QR code login, trying to restart with a new QR code.
[2025-04-10 20:04:18.573] [info]  [LoginQRSocket] document is not visible, will defer reconnection when document becomes visible.
[2025-04-10 20:04:30.129] [info]  [LoginQRSocket] [954831ms] heartbeat timeout, reconnecting.
[2025-04-10 20:04:30.129] [error] [LoginQRSocket] Could not complete QR code login, trying to restart with a new QR code.
[2025-04-10 20:05:00.640] [info]  [LoginQRSocket] document is not visible, will defer reconnection when document becomes visible.
[2025-04-10 20:05:11.638] [info]  [LoginQRSocket] [996340ms] heartbeat timeout, reconnecting.
[2025-04-10 20:05:11.638] [error] [LoginQRSocket] Could not complete QR code login, trying to restart with a new QR code.
[2025-04-10 20:05:42.196] [info]  [LoginQRSocket] document is not visible, will defer reconnection when document becomes visible.
[2025-04-10 20:05:53.194] [info]  [LoginQRSocket] [1037898ms] heartbeat timeout, reconnecting.
[2025-04-10 20:05:53.195] [error] [LoginQRSocket] Could not complete QR code login, trying to restart with a new QR code.
[2025-04-10 20:06:23.772] [info]  [LoginQRSocket] document is not visible, will defer reconnection when document becomes visible.
[2025-04-10 20:06:36.329] [info]  [LoginQRSocket] [1081028ms] heartbeat timeout, reconnecting.
[2025-04-10 20:06:36.329] [error] [LoginQRSocket] Could not complete QR code login, trying to restart with a new QR code.
[2025-04-10 20:07:06.816] [info]  [LoginQRSocket] document is not visible, will defer reconnection when document becomes visible.
[2025-04-10 20:07:17.818] [info]  [LoginQRSocket] [1122517ms] heartbeat timeout, reconnecting.
[2025-04-10 20:07:17.818] [error] [LoginQRSocket] Could not complete QR code login, trying to restart with a new QR code.
[2025-04-10 20:07:49.353] [info]  [LoginQRSocket] document is not visible, will defer reconnection when document becomes visible.
[2025-04-10 20:07:59.350] [info]  [LoginQRSocket] [1164051ms] heartbeat timeout, reconnecting.
[2025-04-10 20:07:59.351] [error] [LoginQRSocket] Could not complete QR code login, trying to restart with a new QR code.
[2025-04-10 20:08:29.910] [info]  [LoginQRSocket] document is not visible, will defer reconnection when document becomes visible.
[2025-04-10 20:08:40.906] [info]  [LoginQRSocket] [1205609ms] heartbeat timeout, reconnecting.
[2025-04-10 20:08:40.906] [error] [LoginQRSocket] Could not complete QR code login, trying to restart with a new QR code.
[2025-04-10 20:09:11.456] [info]  [LoginQRSocket] document is not visible, will defer reconnection when document becomes visible.
[2025-04-10 20:09:23.994] [info]  [LoginQRSocket] [1248696ms] heartbeat timeout, reconnecting.
[2025-04-10 20:09:23.995] [error] [LoginQRSocket] Could not complete QR code login, trying to restart with a new QR code.
[2025-04-10 20:09:54.535] [info]  [LoginQRSocket] document is not visible, will defer reconnection when document becomes visible.
[2025-04-10 20:10:05.538] [info]  [LoginQRSocket] [1290237ms] heartbeat timeout, reconnecting.
[2025-04-10 20:10:05.539] [error] [LoginQRSocket] Could not complete QR code login, trying to restart with a new QR code.
[2025-04-10 20:10:36.076] [info]  [LoginQRSocket] document is not visible, will defer reconnection when document becomes visible.
[2025-04-10 20:10:47.073] [info]  [LoginQRSocket] [1331776ms] heartbeat timeout, reconnecting.
[2025-04-10 20:10:47.074] [error] [LoginQRSocket] Could not complete QR code login, trying to restart with a new QR code.
[2025-04-10 20:11:17.617] [info]  [LoginQRSocket] document is not visible, will defer reconnection when document becomes visible.
[2025-04-10 20:11:29.132] [info]  [LoginQRSocket] [1373835ms] heartbeat timeout, reconnecting.
[2025-04-10 20:11:29.133] [error] [LoginQRSocket] Could not complete QR code login, trying to restart with a new QR code.
[2025-04-10 20:11:59.686] [info]  [LoginQRSocket] document is not visible, will defer reconnection when document becomes visible.
[2025-04-10 20:12:11.682] [info]  [LoginQRSocket] [1416384ms] heartbeat timeout, reconnecting.
[2025-04-10 20:12:11.682] [error] [LoginQRSocket] Could not complete QR code login, trying to restart with a new QR code.
[2025-04-10 20:12:42.195] [info]  [LoginQRSocket] document is not visible, will defer reconnection when document becomes visible.
[2025-04-10 20:12:53.194] [info]  [LoginQRSocket] [1457894ms] heartbeat timeout, reconnecting.
[2025-04-10 20:12:53.195] [error] [LoginQRSocket] Could not complete QR code login, trying to restart with a new QR code.
[2025-04-10 20:13:24.756] [info]  [LoginQRSocket] document is not visible, will defer reconnection when document becomes visible.
[2025-04-10 20:13:34.753] [info]  [LoginQRSocket] [1499456ms] heartbeat timeout, reconnecting.
[2025-04-10 20:13:34.754] [error] [LoginQRSocket] Could not complete QR code login, trying to restart with a new QR code.
[2025-04-10 20:14:05.312] [info]  [LoginQRSocket] document is not visible, will defer reconnection when document becomes visible.
[2025-04-10 20:14:16.848] [info]  [LoginQRSocket] [1541550ms] heartbeat timeout, reconnecting.
[2025-04-10 20:14:16.848] [error] [LoginQRSocket] Could not complete QR code login, trying to restart with a new QR code.
[2025-04-10 20:14:47.404] [info]  [LoginQRSocket] document is not visible, will defer reconnection when document becomes visible.
[2025-04-10 20:14:59.403] [info]  [LoginQRSocket] [1584102ms] heartbeat timeout, reconnecting.
[2025-04-10 20:14:59.403] [error] [LoginQRSocket] Could not complete QR code login, trying to restart with a new QR code.
[2025-04-10 20:15:29.938] [info]  [LoginQRSocket] document is not visible, will defer reconnection when document becomes visible.
[2025-04-10 20:15:40.935] [info]  [LoginQRSocket] [1625636ms] heartbeat timeout, reconnecting.
[2025-04-10 20:15:40.936] [error] [LoginQRSocket] Could not complete QR code login, trying to restart with a new QR code.
[2025-04-10 20:16:11.494] [info]  [LoginQRSocket] document is not visible, will defer reconnection when document becomes visible.
[2025-04-10 20:16:23.054] [info]  [LoginQRSocket] [1667752ms] heartbeat timeout, reconnecting.
[2025-04-10 20:16:23.054] [error] [LoginQRSocket] Could not complete QR code login, trying to restart with a new QR code.
[2025-04-10 20:16:53.055] [info]  [LoginQRSocket] document is not visible, will defer reconnection when document becomes visible.
[2025-04-10 20:17:04.595] [info]  [LoginQRSocket] [1709296ms] heartbeat timeout, reconnecting.
[2025-04-10 20:17:04.595] [error] [LoginQRSocket] Could not complete QR code login, trying to restart with a new QR code.
[2025-04-10 20:17:35.140] [info]  [LoginQRSocket] document is not visible, will defer reconnection when document becomes visible.
[2025-04-10 20:24:02.348] [info]  [LoginQRSocket] [2127051ms] heartbeat timeout, reconnecting.
[2025-04-10 20:24:02.349] [error] [LoginQRSocket] Could not complete QR code login, trying to restart with a new QR code.
[2025-04-10 20:24:32.846] [info]  [LoginQRSocket] document is not visible, will defer reconnection when document becomes visible.
[2025-04-10 20:24:43.845] [info]  [LoginQRSocket] [2168545ms] heartbeat timeout, reconnecting.
[2025-04-10 20:24:43.846] [error] [LoginQRSocket] Could not complete QR code login, trying to restart with a new QR code.
[2025-04-10 22:43:49.193] [info]  [LoginQRSocket] document is not visible, will defer reconnection when document becomes visible.
[2025-04-10 22:43:59.190] [info]  [LoginQRSocket] [10523892ms] heartbeat timeout, reconnecting.
[2025-04-10 22:43:59.191] [error] [LoginQRSocket] Could not complete QR code login, trying to restart with a new QR code.
